,ilocy,ilocx,TJan2.5 (degC),rlat,rlon,lat,lon,station_name,ratio,model_vals,best_tol
0,552,1011,257.34999999999997,-4.5177895001951045,10.457750487409273,42.0333,-82.9,HARROW CDA AUTO,0.9846412791196937,262.3154966415656,1.0036396586208232
1,552,1017,257.15,-4.549355282510455,10.75262827580764,41.9486,-82.5189,POINT PELEE CS,0.9663286898386717,267.07883241822407,1.0036396586208232
2,558,1009,256.54999999999995,-4.286848910227873,10.373390404111557,42.2756,-82.9556,WINDSOR A,0.9970702297663331,258.2403392783218,1.0036396586208232
3,560,1026,258.15,-4.166609944802487,11.147744256566659,42.2501,-81.9001,ERIEAU (AUT),0.9800307592825288,264.368822528226,1.0036396586208232
4,565,1026,253.84999999999997,-3.96806270606981,11.12134986160888,42.45,-81.8833,RIDGETOWN RCS,0.9750615650800126,261.29009332860886,1.0036396586208232
5,576,1017,256.95,-3.486279929701867,10.7154106074782,43.0,-82.3,SARNIA CLIMATE,0.9973484829390993,258.5708152106024,1.0036396586208232
6,579,1046,254.04999999999998,-3.3628448895127754,11.999925006386508,42.8667,-80.55,DELHI CS,0.9816668098744776,259.7364530488943,1.0036396586208232
7,580,1035,254.74999999999997,-3.290192648996729,11.534742415363127,43.033199999999994,-81.15055000000001,LONDON CS,0.9959415495932697,256.71908470740084,1.0036396586208232
8,583,1067,257.95,-3.1559533967418307,12.931509776541152,42.8667,-79.25,PORT COLBORNE (AUT),0.9996832983238333,258.970866448724,1.0036396586208232
9,585,1065,256.15,-3.0722090860744324,12.849483758257863,42.9667,-79.3333,WELLAND-PELHAM,1.0006101122569657,256.9255451315115,1.0036396586208232
10,587,1054,254.64999999999998,-2.9689855230488806,12.37546741076384,43.1717,-79.9342,HAMILTON A,0.9984438509497311,255.97517459262735,1.0036396586208232
11,590,1054,255.64999999999998,-2.847748537093577,12.367862378820393,43.2917,-79.9083,HAMILTON RBG CS,1.0035487780779457,255.67315145142328,1.0036396586208232
12,590,1063,257.84999999999997,-2.87199134716758,12.753426345960174,43.1833,-79.4,VINELAND STATION RCS,0.9865695880398941,262.3114366311832,1.0036396586208232
13,591,1056,257.65,-2.8224940050071763,12.44308227059991,43.3,-79.8,BURLINGTON PIERS (AUT),1.011023375064241,255.76832783636112,1.0036396586208232
14,592,1065,259.65,-2.777024958427152,12.868782847614893,43.25,-79.2167,PORT WELLER (AUT),0.9932681562081229,262.36121205751544,1.0036396586208232
15,595,1023,256.45,-2.652732378466715,10.985487811987579,43.7667,-81.7167,GODERICH,0.9992910012565688,257.5660044267993,1.0036396586208232
16,596,1044,252.34999999999997,-2.5766172477994584,11.930342238677156,43.65,-80.4167,ELORA RCS,0.9944325767476432,254.6864149214578,1.0036396586208232
17,599,1060,257.15,-2.438364375634918,12.65694142465902,43.6275,-79.3961,TORONTO CITY CENTRE,0.9976082136874901,258.70470458575477,1.0036396586208232
18,599,1061,256.45,-2.4371144169958994,12.657472533066505,43.6286,-79.395,TORONTO ISLAND A,0.9900100517223495,259.98058303098304,1.0036396586208232
19,600,1057,254.04999999999998,-2.4275243009702034,12.480315141272046,43.6772,-79.6306,TORONTO LESTER B. PEARSON INT'L A,1.0008927113059458,254.74723953173165,1.0036396586208232
20,600,1060,256.04999999999995,-2.4007826199030635,12.645432657636889,43.6667,-79.4,TORONTO CITY,0.9984429575501723,257.3826903646103,1.0036396586208232
21,603,1037,252.14999999999998,-2.300804570575231,11.625346633334846,43.9833,-80.75,MOUNT FOREST (AUT),0.992663596484318,254.9380684629936,1.0036396586208232
22,605,1060,252.84999999999997,-2.2053809803339703,12.62287891217746,43.8622,-79.37,TORONTO BUTTONVILLE A,0.9978612175822082,254.31421044416766,1.0036396586208232
23,611,1051,250.84999999999997,-1.9090728517835933,12.250936972318437,44.2333,-79.7833,EGBERT CS,0.9932765470608315,253.4671830418389,1.0036396586208232
24,611,1078,253.45,-1.9198534980984727,13.446682564305245,43.95,-78.1667,COBOURG (AUT),0.9836947451728955,258.5888282169676,1.0036396586208232
25,613,1095,253.14999999999998,-1.8540076319615553,14.186073428531435,43.8333,-77.15,POINT PETRE (AUT),0.9534502064511396,266.47577174013804,1.0036396586208232
26,616,1043,254.84999999999997,-1.7154697341383163,11.8907013659687,44.5,-80.2167,COLLINGWOOD,0.9978043638925824,256.34039723146793,1.0036396586208232
27,617,1087,250.74999999999997,-1.647919910661428,13.848380542642577,44.1167,-77.5333,TRENTON A,0.9834481889291021,255.8982234470453,1.0036396586208232
28,618,1028,254.34999999999997,-1.6065279350677362,11.219407227076683,44.7458,-81.1072,WIARTON A,0.9741027368544586,262.0624473292567,1.0036396586208232
29,618,1054,248.24999999999997,-1.628527286900477,12.358775206404447,44.4833,-79.55,BARRIE-ORO,0.9870527546644463,252.4217110739135,1.0036396586208232
30,619,1074,249.54999999999998,-1.553976091417733,13.258761953577883,44.35,-78.3,PETERBOROUGH TRENT U,0.9927380761401194,252.29039041459674,1.0036396586208232
31,620,1059,248.64999999999998,-1.5131887286064079,12.576260729874983,44.5472,-79.2167,LAGOON CITY,0.990042696634662,252.0648876703512,1.0036396586208232
32,623,1101,250.64999999999998,-1.376311952333183,14.470131745285059,44.2233,-76.5994,KINGSTON CLIMATE,0.9869337926918852,254.8927621043021,1.0036396586208232
33,627,1018,254.24999999999997,-1.2026810418927736,10.75774702274823,45.2333,-81.6333,TOBERMORY RCS,0.9551242345159165,267.1645990991677,1.0036396586208232
34,631,1112,249.95,-1.049403624583132,14.937137653778311,44.4167,-75.85,GRENADIER ISLAND,0.9970943738096767,251.59076137777737,1.0036396586208232
35,633,1053,245.04999999999998,-0.9647414367555113,12.31469598686252,45.1403,-79.4028,BEATRICE CLIMATE,0.9858422315092108,249.47389195178218,1.0036396586208232
36,635,1042,247.54999999999998,-0.864689730664254,11.829329505586019,45.3442,-80.0442,PARRY SOUND CCG,0.9872676374583021,251.65516225287817,1.0036396586208232
37,636,1112,248.24999999999997,-0.8193847573287739,14.948726330230892,44.6353,-75.7483,BROCKVILLE CLIMATE,0.9912315232868373,251.3575682363772,1.0036396586208232
38,637,1077,243.84999999999997,-0.7819622248401432,13.376963697208172,45.0714,-77.8789,BANCROFT AUTO,0.9790190485603598,249.98239933591935,1.0036396586208232
39,639,1000,248.14999999999998,-0.6883970505338951,9.992710779507949,45.8833,-82.5667,GORE BAY A,0.9615554677811837,259.0107275469552,1.0036396586208232
40,644,1017,249.54999999999998,-0.46295019102332147,10.716661964189273,45.9667,-81.4833,KILLARNEY (AUT),0.9771420061013061,256.31717318972767,1.0036396586208232
41,644,1112,247.95,-0.4461626144289343,14.929598665935082,45.0,-75.6333,KEMPTVILLE CS,0.9936840757878154,250.43417663479934,1.0036396586208232
42,645,1068,242.14999999999998,-0.39870248083069254,13.001626368921663,45.5333,-78.2667,ALGONQUIN PARK EAST GATE,0.9779127509992505,248.52047699214282,1.0036396586208232
43,647,968,248.34999999999997,-0.3282026503152139,8.56463998274487,46.4833,-84.5094,SAULT STE MARIE A,0.9749626465969828,255.65482953473054,1.0036396586208232
44,651,1109,248.34999999999997,-0.14229068458931268,14.818651720335906,45.3225,-75.6692,OTTAWA MACDONALD-CARTIER INT'L A,0.9983053597419205,249.67702195139762,1.0036396586208232
45,652,1108,248.74999999999997,-0.0926557441963778,14.770203286375427,45.3833,-75.7167,OTTAWA CDA RCS,1.0005600787362086,249.51561669066933,1.0036396586208232
46,653,1132,248.14999999999998,-0.06746642402228695,15.808409118577105,45.1208,-74.2894,ST-ANICET 1,0.9953970823626128,250.20485362044667,1.0036396586208232
47,657,1141,248.04999999999998,0.1010906457365428,16.207356591627608,45.1672,-73.6789,STE-CLOTILDE,0.9945702887042566,250.31193888290713,1.0036396586208232
48,658,1081,243.74999999999997,0.16636607784747412,13.543748046258958,45.95,-77.3167,PETAWAWA A,0.987637369908465,247.69938263018418,1.0036396586208232
49,658,1154,248.14999999999998,0.14685930964715913,16.805827936033086,45.0333,-72.85,FRELIGHSBURG,0.9963520192331998,249.96504897780054,1.0036396586208232
50,660,1046,244.84999999999997,0.2247059616752298,12.02855117692835,46.3636,-79.4228,NORTH BAY A,0.9987008568182743,246.06083867416177,1.0036396586208232
51,661,1024,244.45,0.27785930544065024,11.04782465123829,46.6256,-80.7978,SUDBURY A,1.0002271391175135,245.28400095834235,1.0036396586208232
52,661,1135,249.45,0.29875596700283863,15.963370852402406,45.4272,-73.9292,STE-ANNE-DE-BELLEVUE 1,1.0039882010040915,249.36340147481877,1.0036396586208232
53,661,1145,249.04999999999998,0.2903801318541239,16.391939646159297,45.2939,-73.3494,L'ACADIE,1.0009585887103405,249.71708100488553,1.0036396586208232
54,663,1107,246.74999999999997,0.3596178026937318,14.694185981330756,45.8394,-75.6481,HIGH FALLS,0.9975391813555338,248.25900615569267,1.0036396586208232
55,663,1138,249.34999999999997,0.3730154780297401,16.072237754624673,45.4667,-73.75,MONTREAL/PIERRE ELLIOTT TRUDEAU INTL A,1.0049112859279221,249.03446939200967,1.0036396586208232
56,664,1140,250.84999999999997,0.4443307640007551,16.175667448413403,45.5047,-73.5792,MCTAVISH,1.0117036215209474,248.8505556464697,1.0036396586208232
57,665,1279,261.95,0.4811565488031293,22.31106611525627,43.4508,-65.4717,BACCARO PT,0.9538665864184084,275.6186371543614,1.0036396586208232
58,666,1132,246.45,0.5070676872066261,15.82450983689447,45.6667,-74.0333,MONTREAL/MIRABEL INT'L A,0.9950556201380166,248.576048274361,1.0036396586208232
59,666,1142,248.54999999999998,0.4892824791896059,16.280985270212184,45.5167,-73.4167,MONTREAL/ST-HUBERT A,1.0033866864028482,248.61266402138844,1.0036396586208232
60,667,1140,249.45,0.5739740654349754,16.155016062532308,45.6347,-73.5531,MONTREAL-EST,1.007566231254074,248.4778718033798,1.0036396586208232
61,668,1049,246.54999999999998,0.6116695306403618,12.166449577432108,46.7097,-79.1011,BARRAGE TEMISCAMINGUE,1.0082167281792225,245.43072031728605,1.0036396586208232
62,669,1266,259.15,0.6616967255468574,21.753266688790557,43.8308,-66.0886,YARMOUTH A,0.94222892812571,276.0403653164905,1.0036396586208232
63,670,1142,249.04999999999998,0.6947422191111929,16.24677900758758,45.7231,-73.3767,VARENNES,1.0072135855634499,248.16628822543802,1.0036396586208232
64,670,1167,247.14999999999998,0.6886805319462729,17.390734475406397,45.3689,-71.8236,LENNOXVILLE,0.9970416956840042,248.78552492026532,1.0036396586208232
65,671,1099,244.64999999999998,0.7156331962537236,14.348255532286624,46.2747,-75.9919,MANIWAKI AIRPORT,0.9946019267511071,246.87308145847712,1.0036396586208232
66,672,1140,246.74999999999997,0.7652575197208127,16.182646599358296,45.8094,-73.4347,L'ASSOMPTION,0.9988947458447475,247.92210269887497,1.0036396586208232
67,672,1169,244.54999999999998,0.7807929838028224,17.463999638422727,45.4333,-71.6833,SHERBROOKE A,0.9871448799421692,248.63632836762636,1.0036396586208232
68,673,1122,242.04999999999998,0.8000267506142459,15.358025625125332,46.0803,-74.5558,ST-JOVITE,0.9812807923505372,247.56520382637777,1.0036396586208232
69,673,1126,244.74999999999997,0.8244980392844867,15.547958374592634,46.05,-74.2833,STE AGATHE DES MONTS,0.9914454024480213,247.7602960696817,1.0036396586208232
70,677,1258,260.45,1.0130631992300436,21.40976422531739,44.2858,-66.3467,BRIER ISLAND,0.949893772857945,275.1865066988759,1.0036396586208232
71,679,959,242.14999999999998,1.1072814606393633,8.146944438375767,47.9667,-84.7833,WAWA (AUT),0.9612725510349177,252.8225143570175,1.0036396586208232
72,680,890,243.24999999999997,1.1206948848156557,5.08967868562008,48.3694,-89.3272,THUNDER BAY COMPOSITE,0.995459449886368,245.24891193446737,1.0036396586208232
73,682,828,239.54999999999998,1.2049970734234212,2.3522807896207825,48.6511,-93.4389,FORT FRANCES RCS,0.9932292800822761,242.0608061440782,1.0036396586208232
74,682,1145,248.24999999999997,1.2293698580048833,16.414836345231127,46.1833,-72.9167,LAC SAINT-PIERRE,1.0076194842274022,247.26947935475778,1.0036396586208232
75,682,1286,257.54999999999995,1.2052549376769126,22.638199832678378,43.99,-64.6642,WESTERN HEAD,0.9695769857803451,266.59811223732214,1.0036396586208232
76,684,1149,247.54999999999998,1.324199050408167,16.57320591671965,46.2258,-72.6572,NICOLET,1.0053522447685181,247.12830630700037,1.0036396586208232
77,684,1248,254.54999999999998,1.2872699655585567,20.949284627149368,44.7121,-66.8019,GRAND MANAN SAR CS,0.932355044186535,274.0120050777756,1.0036396586208232
78,686,854,239.64999999999998,1.3834345065619407,3.5392528701002495,48.7611,-91.6281,ATIKOKAN (AUT),0.9948857476036679,241.75865898955158,1.0036396586208232
79,687,1033,241.54999999999998,1.4595491108337588,11.452173427425658,47.695,-79.8489,EARLTON AWOS,0.9952895361407169,243.57651792451327,1.0036396586208232
80,687,1171,246.14999999999998,1.457289482635501,17.54437759271552,46.0492,-71.2661,THETFORD MINES RCS,0.9965923407682887,247.89062875906112,1.0036396586208232
81,687,1274,255.64999999999998,1.434103189847353,22.120804518571795,44.4031,-65.2031,KEJIMKUJIK 1,0.9876998849351496,259.7757503467361,1.0036396586208232
82,688,771,242.34999999999997,1.500238175261201,-0.1558671941190945,49.0,-97.2375,EMERSON AUT,1.0055748336703685,241.883610371348,1.0036396586208232
83,688,1150,248.54999999999998,1.4756375012611829,16.62712774062688,46.3536,-72.5161,TROIS-RIVIERES,1.01090159128398,246.76451130457207,1.0036396586208232
84,689,766,241.74999999999997,1.5321233667437582,-0.36729378923272993,49.0308,-97.56,GRETNA (AUT),1.002087810309074,242.12437769974434,1.0036396586208232
85,689,795,239.24999999999997,1.5318919790453405,0.9194384967178424,49.0236,-95.5983,SPRAGUE,0.99243756349964,241.9505237974792,1.0036396586208232
86,689,1157,243.45,1.5250089118547172,16.941728866058813,46.3036,-72.0608,LEMIEUX,0.9892291430884814,246.99643818458026,1.0036396586208232
87,690,934,245.14999999999998,1.574749328215675,7.060568712750296,48.5883,-86.2947,PUKASKWA (AUT),0.9807040137627734,250.8833030741638,1.0036396586208232
88,691,1146,247.14999999999998,1.629841227873155,16.420695952523612,46.5633,-72.7333,SHAWINIGAN,1.006095505606282,246.54671474619062,1.0036396586208232
89,691,1237,250.24999999999997,1.6327445144993025,20.468933678433057,45.2102,-67.2529,ST. STEPHEN,0.9687053082472782,259.27474788416043,1.0036396586208232
90,692,1288,258.65,1.649603054462942,22.733902481009608,44.36,-64.2961,LUNENBURG,0.9677440655772444,268.24385386174765,1.0036396586208232
91,693,746,241.54999999999998,1.7062631912498636,-1.2453482523306831,49.191,-98.9049,PILOT MOUND (AUT),0.9997929473573323,242.4793655332859,1.0036396586208232
92,693,758,245.04999999999998,1.692542360181509,-0.7087051597006615,49.1876,-98.0839,MORDEN CDA CS,1.014972177855895,242.3139310720607,1.0036396586208232
93,693,871,239.24999999999997,1.713228400126756,4.279978525302254,49.0333,-90.4667,UPSALA (AUT),0.9935217084679797,241.68650395702025,1.0036396586208232
94,693,1177,246.34999999999997,1.7124441297757003,17.80970706466286,46.205,-70.785,BEAUCEVILLE,0.998698878136627,247.56874701066317,1.0036396586208232
95,693,1250,253.74999999999997,1.7154081076878958,21.04652747769824,45.0731,-66.4492,POINT LEPREAU CS,0.9471192356155728,268.8928213030229,1.0036396586208232
96,696,649,242.45,1.8530276791510933,-5.551048048175222,49.05,-105.48299999999999,CORONACH SPC,0.9924055750099492,245.19454682646165,1.0036396586208232
97,696,716,240.64999999999998,1.847991952515984,-2.6003980818173,49.2813,-100.986,MELITA,0.9971202783142828,242.22341988212418,1.0036396586208232
98,697,686,240.84999999999997,1.8662740844535828,-3.895667948011195,49.2167,-102.96700000000001,ESTEVAN A,0.9941653385090019,243.14528219355785,1.0036396586208232
99,697,1029,239.54999999999998,1.8818189500908733,11.254690971329046,48.15,-80.0,KIRKLAND LAKE CS,0.9901798444592491,242.80627561543216,1.0036396586208232
100,698,755,245.24999999999997,1.9070904135438949,-0.8589369087912421,49.3998,-98.3192,DEERWOOD RCS,1.0161176479304483,242.2383144098339,1.0036396586208232
101,698,1156,244.34999999999997,1.912047650760465,16.87935615011807,46.6908,-71.9717,DESCHAMBAULT,0.9959354436663226,246.24020778013693,1.0036396586208232
102,699,902,244.45,1.9686975720163602,5.651807495974578,49.1539,-88.3447,CAMERON FALLS (AUT),1.014077466259539,241.93389826006538,1.0036396586208232
103,700,618,240.45,2.0296618475819366,-6.918639867745951,49.0583,-107.586,VAL MARIE SOUTHEAST,0.9810016527028739,245.99872513004783,1.0036396586208232
104,700,642,243.74999999999997,2.0064448994585153,-5.860683129353336,49.1678,-105.979,ROCKGLEN (AUT),0.9977604464076231,245.18627459088714,1.0036396586208232
105,700,759,242.14999999999998,2.002533166016492,-0.6691504847160616,49.4981,-98.0297,CARMAN U OF M CS,1.004360262537539,241.97626329919515,1.0036396586208232
106,701,744,242.95,2.0801589967613805,-1.3458944110379816,49.5622,-99.0739,CYPRESS RIVER RCS,1.0057046651229822,242.45115242864244,1.0036396586208232
107,701,1273,255.54999999999998,2.0477520185861904,22.08183244528817,44.9833,-64.9167,GREENWOOD A,0.9642535899564295,265.9882394341312,1.0036396586208232
108,702,1007,239.34999999999997,2.1028662985791216,10.272256140147682,48.5697,-81.3767,TIMMINS VICTOR POWER A,0.9919679402244601,242.16624605482446,1.0036396586208232
109,702,1043,242.45,2.11790965152228,11.861579221272638,48.2458,-79.0342,ROUYN,1.0025741289897325,242.70767437198708,1.0036396586208232
110,702,1046,239.14999999999998,2.120200427078108,11.998605728555281,48.2167,-78.8333,ROUYN A,0.9888985288758034,242.7149170016757,1.0036396586208232
111,702,1256,250.54999999999998,2.0923818993230565,21.32172942210499,45.3181,-65.8856,SAINT JOHN A,0.9478141206472019,265.3072063283251,1.0036396586208232
112,702,1297,258.5,2.102589078223253,23.13324259206544,44.6139,-63.5283,MCNABS ISLAND (AUT),0.9756901121497673,265.9049717966793,1.0036396586208232
113,703,1062,239.54999999999998,2.1295758090215102,12.715646487269279,48.0564,-77.7867,VAL-D'OR A,0.991222377196378,242.55090053822153,1.0036396586208232
114,703,1164,246.95,2.1447730523095254,17.227659227146034,46.8018,-71.3825,QUEBEC/JEAN LESAGE INTL A,1.0091351924671377,245.6051632591175,1.0036396586208232
115,703,1165,248.45,2.14518437871605,17.296210159902433,46.7803,-71.2875,STE-FOY (U. LAVAL),1.01513278750674,245.63709915899835,1.0036396586208232
116,703,1297,256.9,2.128953378684263,23.140941254444094,44.63485,-63.50335,SHEARWATER A,0.9702769961173895,265.73342388970246,1.0036396586208232
117,704,822,242.54999999999998,2.2086745166837503,2.115654319335818,49.6642,-93.7328,RAWSON LAKE (AUT),1.0088031652402585,241.30852041934685,1.0036396586208232
118,705,1166,248.74999999999997,2.2186124972632277,17.336633694257245,46.8369,-71.1972,BEAUPORT,1.016967334815899,245.49005315605808,1.0036396586208232
119,705,1279,255.64999999999998,2.245163530071908,22.330642996726787,45.0667,-64.4833,KENTVILLE CDA CS,0.9894911423582841,259.3054831343891,1.0036396586208232
120,707,813,241.45,2.3191516259454263,1.7019727769211224,49.7903,-94.3653,KENORA A,1.0057500259362475,240.94336497621777,1.0036396586208232
121,708,576,245.45,2.3773939182474364,-8.775282388866069,49.1167,-110.46700000000001,ONEFOUR CDA,0.9980879359221052,246.81528084085232,1.0036396586208232
122,708,675,240.84999999999997,2.392352772509108,-4.39599211308612,49.7,-103.8,WEYBURN,0.9953852123017696,242.84730051378472,1.0036396586208232
123,708,773,245.24999999999997,2.3883694702034233,-0.08344225224319311,49.8883,-97.1294,WINNIPEG THE FORKS,1.0231568013957977,240.57175394911843,1.0036396586208232
124,708,1295,254.45,2.353824406162802,23.043207937173968,44.88,-63.5,HALIFAX STANFIELD INT'L A,0.9763818307165192,261.5535266040954,1.0036396586208232
125,709,740,240.34999999999997,2.4288455569653005,-1.5193890618839296,49.9058,-99.3574,CARBERRY CS,0.9956264848695939,242.2844265549145,1.0036396586208232
126,709,756,242.7,2.4082970065400016,-0.822175238613512,49.90155,-98.27539999999999,PORTAGE SOUTHPORT A,1.0082104004765269,241.5997147342906,1.0036396586208232
127,709,771,241.04999999999998,2.4169256900823712,-0.15035553299554535,49.9167,-97.2333,WINNIPEG RICHARDSON INT'L A,1.005110910088281,240.69715817660403,1.0036396586208232
128,709,1139,241.64999999999998,2.4266194219063992,16.12848954456477,47.4111,-72.7875,LA TUQUE,0.9904943800406918,244.85704148645266,1.0036396586208232
129,709,1242,249.14999999999998,2.4355673986902304,20.695842322706284,45.8721,-66.5279,FREDERICTON A,0.994848956825898,251.35154359833024,1.0036396586208232
130,710,732,239.95,2.4461289022730366,-1.9022360052764455,49.91,-99.9519,BRANDON A,0.9951937883451234,241.98637381622336,1.0036396586208232
131,710,1241,250.14999999999998,2.4592027999967008,20.625475230667618,45.9203,-66.6089,FREDERICTON CDA CS,0.9991771751798272,251.26720950047144,1.0036396586208232
132,711,1240,250.34999999999997,2.488051035602571,20.57950507371926,45.9642,-66.6547,FREDERICTON AQUATIC CENTRE C/S,1.0002083455990265,251.20885027733127,1.0036396586208232
133,712,599,244.45,2.537436513099903,-7.770754446701081,49.4378,-108.98899999999999,EASTEND CYPRESS (AUT),0.9979706281033537,245.8386125212213,1.0036396586208232
134,712,644,242.64999999999998,2.5616572968723665,-5.774769190126448,49.7292,-105.946,ASSINIBOIA AIRPORT,0.9962663925235538,244.44582793510733,1.0036396586208232
135,712,1109,238.64999999999998,2.554484863956163,14.795047971056874,47.9222,-74.6242,PARENT,0.9848466427532593,243.20396103524897,1.0036396586208232
136,712,1171,248.84999999999997,2.5392780243252058,17.527497992979473,47.0786,-70.7808,CAP-TOURMENTE,1.0173677066248015,245.49209437399617,1.0036396586208232
137,712,1355,264.45,2.558199415687226,25.705259485464225,43.9322,-60.0094,SABLE ISLAND,0.9629701995319575,275.618609850313,1.0036396586208232
138,713,553,244.95,2.5820012344151984,-9.791876818087163,49.1333,-112.05,MILK RIVER,0.9931181893389178,247.54509283816287,1.0036396586208232
139,713,1268,253.34999999999997,2.605983214039064,21.81846865676879,45.6,-64.95,FUNDY PARK (ALMA) CS,0.996150018992006,255.25483377381337,1.0036396586208232
140,713,1278,252.64999999999998,2.601610143838706,22.28150390075132,45.4133,-64.3461,PARRSBORO,0.9976323721443915,254.1713429021034,1.0036396586208232
141,714,1313,258.04999999999995,2.6382692426494847,23.823232593596096,44.8167,-62.3333,BEAVER ISLAND (AUT),0.9518800498647886,272.0817753706383,1.0036396586208232
142,715,754,242.34999999999997,2.69047932872118,-0.8860081616431726,50.1826,-98.3822,DELTA MARSH CS,1.0078866504426751,241.32879541556204,1.0036396586208232
143,715,788,239.24999999999997,2.6808083374383638,0.5996210592201111,50.1772,-96.0647,PINAWA,0.9974166611056223,240.74270832699085,1.0036396586208232
144,715,921,237.14999999999998,2.703334463357099,6.489334819136607,49.7828,-86.9306,GERALDTON A,0.987578710536128,241.0067597677533,1.0036396586208232
145,715,1163,241.74999999999997,2.6894220377912768,17.21183514335496,47.3228,-71.1483,FORET MONTMORENCY RCS,0.9887479833713285,245.3910314378495,1.0036396586208232
146,716,848,239.24999999999997,2.724053173483273,3.2714077284853,50.1167,-91.9,SIOUX LOOKOUT A,0.9987753470948371,240.41521351470809,1.0036396586208232
147,716,1309,252.24999999999997,2.745014568619623,23.65676532780182,44.9833,-62.4833,MALAY FALLS,0.9440746460915739,268.1653457543925,1.0036396586208232
148,717,592,244.74999999999997,2.791091450100094,-8.07580326635713,49.6406,-109.514,CYPRESS HILLS PARK,0.9994298945173533,245.78092750174517,1.0036396586208232
149,717,987,238.14999999999998,2.7894631980448867,9.423677975689014,49.4064,-82.4436,KAPUSKASING CDA ON,0.9897174833697571,241.50001259627408,1.0036396586208232
150,717,1171,245.14999999999998,2.765421761788179,17.55235818730697,47.2842,-70.6375,CHARLEVOIX (MRC),1.002586110828929,245.40761103050718,1.0036396586208232
151,718,528,244.95,2.812988203747359,-10.92062877066302,49.1311,-113.809,WATERTON PARK GATE,0.9992725095486183,246.02051195246005,1.0036396586208232
152,718,536,245.84999999999997,2.8090390132346363,-10.571265786085739,49.2006,-113.286,CARDSTON,1.0003061018183323,246.66930414940242,1.0036396586208232
153,718,987,238.74999999999997,2.7939506024780143,9.406987093709729,49.4139,-82.4675,KAPUSKASING A,0.9925374203788875,241.42058886228216,1.0036396586208232
154,718,1298,252.34999999999997,2.804635508720081,23.185237070177262,45.2331,-63.0553,UPPER STEWIACKE RCS,0.9902502241132702,255.7620909197537,1.0036396586208232
155,719,1291,251.95,2.853505215275901,22.845728161553936,45.4167,-63.4667,DEBERT,0.9913639571958577,255.06980575001782,1.0036396586208232
156,720,1161,239.45,2.8986000488602337,17.08311893214299,47.5622,-71.2289,L'ETAPE,0.981881513282167,244.75612689093782,1.0036396586208232
157,721,663,241.64999999999998,2.945341829186303,-4.932903235660575,50.2006,-104.71,BRATT'S LAKE CLIMATE,0.999732778578009,242.5943499128726,1.0036396586208232
158,721,961,237.64999999999998,2.9296590159790448,8.264570518409494,49.7468,-84.1637,NAGAGAMI (AUT),0.9888670754135234,241.20022882903314,1.0036396586208232
159,721,1179,249.95,2.968983998361158,17.9164480090112,47.3558,-70.0319,LA POCATIERE,1.0194424736033132,246.07541785618167,1.0036396586208232
160,721,1276,252.95,2.9483979876506776,22.21049334934004,45.7596,-64.2414,NAPPAN AUTO,1.0001335647361302,253.83674800986913,1.0036396586208232
161,722,694,240.04999999999998,2.995535908365118,-3.5550168868492085,50.3681,-102.571,BROADVIEW,0.9969289331426104,241.6658721023041,1.0036396586208232
162,722,723,239.45,3.008132497519388,-2.2962437089641146,50.4549,-100.603,SHOAL LAKE CS,0.995107828701872,241.50299025408924,1.0036396586208232
163,722,760,241.45,3.003904372048266,-0.6603151832297092,50.4995,-98.0367,OAKPOINT MARINE,1.0051833915024848,241.07918776073282,1.0036396586208232
164,723,594,242.64999999999998,3.044682502865987,-8.003292419347964,49.9025,-109.46600000000001,MAPLE CREEK,0.9916593496579797,245.58147235574046,1.0036396586208232
165,723,789,241.95,3.0264850883257903,0.6511626422645601,50.5222,-95.9772,GREAT FALLS CLIMATE,1.0090636160304427,240.64946109005493,1.0036396586208232
166,724,564,245.74999999999997,3.098854685759743,-9.295091002394907,49.7342,-111.45,BOW ISLAND,0.9981867709154981,247.092481379867,1.0036396586208232
167,725,651,242.2,3.132757897675771,-5.455457025132438,50.332499999999996,-105.55250000000001,MOOSE JAW A,0.9996388507747198,243.16934573878882,1.0036396586208232
168,725,774,240.14999999999998,3.133305678730048,-0.021184950172724877,50.6333,-97.03335,GIMLI,1.0035311417032224,240.1759686388183,1.0036396586208232
169,725,775,243.24999999999997,3.1311012949986092,0.011307615739156248,50.6311,-96.9822,GIMLI HARBOUR CS,1.0165811042301058,240.15333940758995,1.0036396586208232
170,725,1267,250.24999999999997,3.143485364303546,21.790230230835956,46.1053,-64.6838,MONCTON A,0.9939176434178106,252.69782283589177,1.0036396586208232
171,726,489,259.84999999999997,3.170292165436488,-12.649333957750157,49.0817,-116.501,CRESTON CAMPBELL SCIENTIFIC,1.0636194502466811,245.19649883436745,1.0036396586208232
172,726,545,244.54999999999998,3.16518878430455,-10.173529005346774,49.6303,-112.8,LETHBRIDGE A,0.9919017129950068,247.44395064570054,1.0036396586208232
173,726,664,240.14999999999998,3.1741915710209807,-4.882522538616095,50.4333,-104.667,REGINA COMPOSITE,0.9955412325904399,242.10354742478717,1.0036396586208232
174,726,732,237.45,3.190349735680813,-1.8675357401014678,50.655,-99.9419,WASAGAMING,0.9848303047796786,241.98507680247403,1.0036396586208232
175,726,829,241.95,3.188937835040126,2.3995117841802442,50.6306,-93.2214,EAR FALLS (AUT),1.0120165868831499,239.94726820751802,1.0036396586208232
176,727,527,244.14999999999998,3.2197105976804745,-10.956741179292218,49.5206,-113.99700000000001,PINCHER CREEK (AUT),0.9983258272763572,245.4495475898794,1.0036396586208232
177,727,545,245.95,3.2242799425895714,-10.139555795803165,49.695,-112.76700000000001,LETHBRIDGE CDA,0.997774721288564,247.3956984187836,1.0036396586208232
178,727,679,240.14999999999998,3.2308577774768055,-4.226503991244114,50.55,-103.65,INDIAN HEAD CDA,0.9989998207347517,241.26537264092852,1.0036396586208232
179,727,781,243.04999999999998,3.2007662956617806,0.2748711630557643,50.7,-96.5667,VICTORIA BEACH (AUT),1.0155941836979345,240.18906660097994,1.0036396586208232
180,728,620,242.95,3.239737027524128,-6.847848201400332,50.2667,-107.73299999999999,SWIFT CURRENT CDA,0.9970617875146307,244.55280316151018,1.0036396586208232
181,728,621,242.45,3.2683382675249013,-6.811573228356857,50.3,-107.68299999999999,SWIFT CURRENT A,0.9951793796799839,244.51113055705198,1.0036396586208232
182,728,738,244.24999999999997,3.238015104367025,-1.604296915523847,50.7119,-99.53,MCCREARY,1.01275780950528,242.05094674894036,1.0036396586208232
183,729,576,243.95,3.2973173688406083,-8.779173426636149,50.022000000000006,-110.71900000000001,MEDICINE HAT A,0.9950536905191253,246.05495869556188,1.0036396586208232
184,729,1213,246.04999999999998,3.3020657185607187,19.387549788287743,47.1578,-67.8319,ST LEONARD COMPOSITE,0.9975421143818042,247.55399741362336,1.0036396586208232
185,731,471,260.34999999999997,3.4054207760822335,-13.42696425884179,49.1119,-117.73899999999999,WARFIELD RCS,1.056987211110926,247.2097887043491,1.0036396586208232
186,731,521,244.64999999999998,3.392853431562612,-11.240696431515284,49.6275,-114.48200000000001,CROWSNEST,1.003107403867588,244.77981274475385,1.0036396586208232
187,731,1299,255.14999999999998,3.3983083590013163,23.20151034990656,45.7667,-62.6833,CARIBOU POINT (AUT),0.9612888180029164,266.3909681474378,1.0036396586208232
188,732,1203,241.84999999999997,3.424540786966939,18.982279408560863,47.4167,-68.3245,EDMUNDSTON,0.9829480971071499,246.94106652407135,1.0036396586208232
189,732,1263,251.24999999999997,3.419170347604767,21.608220895106566,46.4303,-64.7681,BUCTOUCHE CDA CS,0.9984388872035312,252.55873690452344,1.0036396586208232
190,733,556,243.24999999999997,3.4919469342595337,-9.668283227416524,50.05,-112.133,VAUXHALL CDA CS,0.9890936243864555,246.82733862626478,1.0036396586208232
191,734,1183,248.04999999999998,3.5026325469840005,18.071611554798213,47.8058,-69.5486,RIVIERE-DU-LOUP,1.0138638883371183,245.54855951050135,1.0036396586208232
192,734,1327,258.65,3.527571178938827,24.45827343914825,45.35,-60.9833,HART ISLAND (AUT),0.972543840221536,266.91999575375803,1.0036396586208232
193,735,502,249.95,3.5715594149337595,-12.06538588634602,49.6122,-115.78200000000001,CRANBROOK A,1.0327492362487742,242.90478643534559,1.0036396586208232
194,735,515,247.04999999999998,3.5657101082291334,-11.468205566868376,49.745,-114.884,SPARWOOD CS,1.016199513739751,243.99655216305703,1.0036396586208232
195,735,767,239.95,3.584645139984343,-0.3490100752920779,51.0834,-97.5545,FISHER BRANCH (AUT),1.0027938959700804,240.15237533242004,1.0036396586208232
196,735,1139,242.34999999999997,3.5858890255644726,16.122340479606144,48.5167,-72.2667,ROBERVAL A,0.998907907252523,243.49799365965737,1.0036396586208232
197,735,1315,255.24999999999997,3.5504531204191316,23.905245644814915,45.6084,-61.6797,TRACADIE,0.9868478244271907,259.5932387160731,1.0036396586208232
198,736,446,260.34999999999997,3.6280316709637113,-14.524794319905412,49.0283,-119.441,OSOYOOS CS,1.0650030112842013,245.3491514609462,1.0036396586208232
199,736,1157,242.54999999999998,3.6254941753179493,16.906447140250897,48.3072,-71.1292,LATERRIERE,0.998220191604823,243.8668354395011,1.0036396586208232
200,736,1281,251.74999999999997,3.631858308369431,22.414812996378107,46.3028,-63.5756,MAPLE PLAINS,0.9369575287898243,269.6667418683709,1.0036396586208232
201,737,534,244.24999999999997,3.6421323328406863,-10.62702051987502,50.0036,-113.639,CLARESHOLM,0.9946608130605152,246.45485516198954,1.0036396586208232
202,737,731,241.45,3.637937319389797,-1.9207989275895638,51.1002,-100.0535,DAUPHIN A,1.0040350472080177,241.35491708965378,1.0036396586208232
203,737,1158,242.74999999999997,3.677953743438618,16.97946760951628,48.3333,-71.0,BAGOTVILLE A,0.9992104648895882,243.82603634673308,1.0036396586208232
204,737,1160,242.64999999999998,3.662019493356082,17.041652278761006,48.2981,-70.9195,LA BAIE,0.9982996795845498,243.94795284887894,1.0036396586208232
205,737,1256,250.45,3.6767683756974234,21.31198319515317,46.7833,-65.0167,KOUCHIBOUGUAC CS,0.9807755768587036,256.28855207290485,1.0036396586208232
206,738,480,261.25,3.6986872256867462,-13.054626387464916,49.4914,-117.305,NELSON CS,1.070738491006112,244.87852357704529,1.0036396586208232
207,738,1276,253.14999999999998,3.6847108442822574,22.195185454543925,46.44,-63.8349,SUMMERSIDE,0.9438863356653825,269.1758212611018,1.0036396586208232
208,739,713,239.74999999999997,3.760196423505861,-2.739158794258717,51.1833,-101.363,ROBLIN,0.9987002977901235,240.93575288480497,1.0036396586208232
209,739,1155,241.14999999999998,3.7341605230781916,16.86002063192468,48.425,-71.1425,JONQUIERE,0.9940755556238794,243.47012891239993,1.0036396586208232
210,739,1248,248.95,3.765619747544375,20.94015342387886,47.00945,-65.4664,MIRAMICHI RCS,0.995690104870023,250.93760778738488,1.0036396586208232
211,739,1287,252.84999999999997,3.745334014783396,22.703007279034583,46.2886,-63.1286,CHARLOTTETOWN A,0.9398087541008125,270.02332823030224,1.0036396586208232
212,740,1052,238.54999999999998,3.7789908287096394,12.297692079301934,49.7578,-77.7931,MATAGAMI,0.9942004428354383,240.81486011128868,1.0036396586208232
213,740,1286,253.95,3.783776300550487,22.654394577659428,46.3436,-63.1697,HARRINGTON CDA CS,0.9440731826040204,269.9730232816727,1.0036396586208232
214,741,387,271.75,3.8239210122061644,-17.15789936957119,48.4133,-123.325,VICTORIA GONZALES CS,1.0102201385230045,269.9798458076353,1.0036396586208232
215,741,388,273.84999999999997,3.8131068639334633,-17.091967087770012,48.4246,-123.226,DISCOVERY ISLAND,1.0177467634826096,270.05413367547277,1.0036396586208232
216,741,532,249.45,3.85105874325573,-10.741917600772846,50.1833,-113.883,STAVELY AAFC,1.0174458926248826,246.06508774345963,1.0036396586208232
217,741,1133,239.24999999999997,3.8382573925206396,15.845783579360823,48.8417,-72.5469,NORMANDIN,0.9903824313049889,242.4525927914876,1.0036396586208232
218,742,385,271.75,3.866425232576927,-17.22336588045333,48.431999999999995,-123.439,ESQUIMALT HARBOUR,1.0048862210352911,271.4128938390829,1.0036396586208232
219,742,387,271.45,3.860863145810521,-17.13098660583699,48.457,-123.305,VICTORIA UNIVERSITY CS,1.0047466100314497,271.15093757230477,1.0036396586208232
220,742,630,241.84999999999997,3.8673502491107055,-6.388839086316044,50.95,-107.15,LUCKY LAKE,0.9986921596690022,243.04811957059366,1.0036396586208232
221,742,697,239.14999999999998,3.887198018830976,-3.42540834014595,51.2667,-102.46700000000001,YORKTON A,0.9983726310844684,240.41166282618443,1.0036396586208232
222,743,378,272.54999999999995,3.920431847725504,-17.544311929153427,48.3767,-123.921,SHERINGHAM POINT,1.001343283488053,273.17503743996394,1.0036396586208232
223,744,386,270.75,3.9669161304813976,-17.202327127922683,48.5338,-123.459,VICTORIA HARTLAND CS,0.9946905205342741,273.1859125646756,1.0036396586208232
224,744,562,242.95,3.9532646939536473,-9.393077020352104,50.5553,-111.84899999999999,BROOKS,0.9918752500144096,245.83157514857504,1.0036396586208232
225,745,385,267.95,4.021212779396035,-17.233218807834255,48.5749,-123.53,MALAHAT,0.9882800241701705,272.11442096409684,1.0036396586208232
226,745,639,240.45,4.004028274264496,-6.011103315258324,51.1333,-106.583,ELBOW CS,0.9956901250917645,242.36973917275316,1.0036396586208232
227,746,387,270.15,4.066814708077395,-17.144251143372646,48.6472,-123.426,VICTORIA INT'L A,0.9934002754661484,272.9345465997453,1.0036396586208232
228,746,447,260.65,4.074800059239958,-14.502483686793461,49.4631,-119.602,PENTICTON A,1.072457474193728,243.92452224381861,1.0036396586208232
229,746,597,240.34999999999997,4.042323964101323,-7.864251449612356,50.9095,-109.501,LEADER AIRPORT,0.9881031121693121,244.12916929279015,1.0036396586208232
230,746,1294,255.14999999999998,4.050689586418005,22.98365073703906,46.4503,-62.5758,ST. PETERS,0.9472710010482333,270.3330500075806,1.0036396586208232
231,747,394,272.45,4.113870510243994,-16.861279139610314,48.7839,-123.045,SATURNA ISLAND CS,1.0355419461139637,264.0565416180161,1.0036396586208232
232,748,870,239.04999999999998,4.133883041177155,4.2317050546339585,51.4492,-90.2178,PICKLE LAKE (AUT),1.0032435513985443,239.14438329441916,1.0036396586208232
233,749,405,266.45,4.198174141908334,-16.35606704872496,49.0253,-122.36,ABBOTSFORD A,1.0354993161039636,258.2520170517133,1.0036396586208232
234,749,447,259.95,4.1788700064708015,-14.503447269573998,49.5626,-119.649,SUMMERLAND CS,1.0680456226972281,244.27433034145056,1.0036396586208232
235,749,658,240.24999999999997,4.190016549970016,-5.148031551390762,51.4167,-105.25,LAST MOUNTAIN CS,1.0011743497860466,240.8415957072628,1.0036396586208232
236,749,1268,254.04999999999998,4.205037104894355,21.842369722550792,47.0581,-63.9986,NORTH CAPE,0.9493435152676198,268.5799725516035,1.0036396586208232
237,750,434,250.04999999999998,4.247462226064249,-15.068282827752846,49.465,-120.51,PRINCETON CS,1.0131315942223127,247.70730482526864,1.0036396586208232
238,750,1302,255.14999999999998,4.229885830842323,23.34764067717972,46.46,-61.9883,EAST POINT (AUT),0.9463634560571013,270.5922943855218,1.0036396586208232
239,751,399,268.65,4.28007966625976,-16.62260391293486,49.0181,-122.78399999999999,WHITE ROCK CAMPBELL SCIENTIFIC,1.038776773791885,259.5627868192046,1.0036396586208232
240,751,415,265.75,4.282087444883862,-15.91382619343588,49.2431,-121.76,AGASSIZ RCS,1.0505579075177147,253.8815208280047,1.0036396586208232
241,752,1092,237.34999999999997,4.314826475256753,14.041572275934413,49.8225,-74.9753,CHAPAIS,0.9911127201139774,240.34993007279522,1.0036396586208232
242,752,1098,238.14999999999998,4.341123900397775,14.331937270448247,49.7667,-74.5333,CHIBOUGAMAU CHAPAIS A,0.99325276722952,240.6404417751974,1.0036396586208232
243,754,633,242.74999999999997,4.388030623549306,-6.257256460178759,51.4833,-107.05,OUTLOOK PFRA,1.0068381606789871,241.97883696214325,1.0036396586208232
244,754,1193,250.84999999999997,4.416708703505286,18.502904398959508,48.5139,-68.4683,POINTE-AU-PERE (INRS),1.0260595042480842,245.36881859452208,1.0036396586208232
245,755,392,270.45,4.47352735039697,-16.91660692542191,49.1059,-123.303,SANDHEADS CS,1.0204004291388737,266.00767495077184,1.0036396586208232
246,755,402,266.25,4.440452463283688,-16.502915772943545,49.2083,-122.69,PITT MEADOWS CS,1.039486054949662,257.0684405388531,1.0036396586208232
247,755,657,239.84999999999997,4.448566909522275,-5.214211817459767,51.6667,-105.4,WATROUS EAST,1.0008138538182818,240.5272181253324,1.0036396586208232
248,755,674,240.34999999999997,4.473443711760957,-4.46219952097385,51.7667,-104.2,WYNYARD COMPOSITE,1.0060103489752494,239.7836087821892,1.0036396586208232
249,755,1227,248.29999999999998,4.445044427450817,20.02310898011014,47.98665,-66.33375,CHARLO A,1.0063285216337134,247.63655394660108,1.0036396586208232
250,755,1317,256.34999999999997,4.446991408341724,24.01922014584583,46.3684,-60.9759,NORTHEAST MARGAREE (AUT),0.970920073725676,264.98888368862873,1.0036396586208232
251,757,395,267.95,4.531847882450481,-16.812356613135417,49.195,-123.182,VANCOUVER INT'L A,1.0289277841450455,261.3645492631967,1.0036396586208232
252,757,477,260.54999999999995,4.535658879917492,-13.17156524054139,50.2694,-117.81700000000001,NAKUSP CS,1.077044846491187,242.79240916064782,1.0036396586208232
253,757,621,239.54999999999998,4.543253953489351,-6.782143420224657,51.5667,-107.917,ROSETOWN EAST,0.9923313818385863,242.2798317404472,1.0036396586208232
254,757,1195,249.14999999999998,4.5562730774171545,18.628454874362962,48.6,-68.2167,MONT-JOLI A,1.0189762389198704,245.40005094764714,1.0036396586208232
255,757,1332,257.09999999999997,4.547371233348379,24.688749370484302,46.165,-60.0449,SYDNEY A,0.9730759603735177,265.17534780364514,1.0036396586208232
256,758,1314,258.84999999999997,4.588363646646774,23.89393865227279,46.55,-61.05,GRAND ETANG,0.9692946285916925,268.0218356429533,1.0036396586208232
257,759,396,272.15,4.6139940975641816,-16.742374252793972,49.2954,-123.12200000000001,VANCOUVER HARBOUR CS,1.0548290017158022,258.94294966232644,1.0036396586208232
258,759,603,240.45,4.610409614867476,-7.570753106418941,51.5167,-109.18299999999999,KINDERSLEY A,0.9930649674396332,243.01044123787062,1.0036396586208232
259,759,1207,246.45,4.623485216674943,19.159314658896264,48.4719,-67.4347,AMQUI,1.0056116355280138,245.96671829202538,1.0036396586208232
260,760,386,273.04999999999995,4.6804039159776645,-17.19704074591602,49.2087,-123.811,ENTRANCE ISLAND,1.0065446231970516,272.2619568678239,1.0036396586208232
261,760,394,272.75,4.67751496569464,-16.8193155009282,49.3304,-123.265,POINT ATKINSON,1.0445684068193044,262.06298706886236,1.0036396586208232
262,760,396,269.15,4.67786479441112,-16.76938595703542,49.347,-123.193,WEST VANCOUVER AUT,1.0445915384707818,258.5983173032856,1.0036396586208232
263,760,716,240.24999999999997,4.685995917015492,-2.6066397449072016,52.115,-101.23299999999999,SWAN RIVER RCS,1.0020622633458907,240.62818928889422,1.0036396586208232
264,760,1250,251.74999999999997,4.662707364772209,21.02564696281144,47.8022,-64.8333,BAS CARAQUET,0.9582610408961665,263.6716648957141,1.0036396586208232
265,761,457,256.84999999999997,4.730063064032501,-14.034456052936738,50.2233,-119.194,VERNON AUTO,1.059892273559282,243.2179691725434,1.0036396586208232
266,761,1241,250.45,4.7250359023055095,20.634839340816264,48.0119,-65.3317,NEW CARLISLE 1,1.0086005271311198,249.2181450832295,1.0036396586208232
267,761,1315,258.84999999999997,4.704626271084214,23.916315122938823,46.645,-60.9472,CHETICAMP CS,0.9732529962210289,266.9317501643739,1.0036396586208232
268,762,517,248.64999999999998,4.776113762780571,-11.383973530791646,50.9425,-115.19,NAKISKA RIDGETOP,1.0230401563381235,243.9347073230502,1.0036396586208232
269,762,531,248.14999999999998,4.76924219822372,-10.75830623635522,51.0761,-114.22200000000001,COP UPPER,1.0138837379811751,245.64274182231873,1.0036396586208232
270,762,534,244.95,4.778503714622416,-10.625797002736029,51.1139,-114.02,CALGARY INT'L A,1.0004434517531926,245.73256384291795,1.0036396586208232
271,762,535,249.14999999999998,4.7713928196212665,-10.614473167139536,51.1094,-114.0,CALGARY INT'L CS,1.0171720549800238,245.83532325835367,1.0036396586208232
272,763,529,243.24999999999997,4.816583810372801,-10.845805340030955,51.1031,-114.374,SPRINGBANK A,0.9940186332831695,245.60439692478835,1.0036396586208232
273,764,395,270.54999999999995,4.8334767565191905,-16.7885490023161,49.4878,-123.29899999999999,HOWE SOUND - PAM ROCKS,1.0500518568769297,258.5917141725398,1.0036396586208232
274,764,590,242.14999999999998,4.864690176494659,-8.17501403860561,51.6697,-110.206,ESTHER 1,0.9989256906294602,243.29271497851778,1.0036396586208232
275,764,774,239.64999999999998,4.859701908610029,-0.013483923037703209,52.3597,-97.022,BERENS RIVER CS,1.0064075111113282,238.99090729448443,1.0036396586208232
276,764,1005,238.74999999999997,4.867770748171685,10.199086331994998,51.29155,-80.6128,MOOSONEE A,0.9952394867917224,240.7651340966815,1.0036396586208232
277,765,382,272.75,4.890221179886947,-17.364549459480404,49.3503,-124.16,BALLENAS ISLAND,1.0337133131114515,264.81492829464554,1.0036396586208232
278,765,393,270.04999999999995,4.9119176891875895,-16.89707777414594,49.5263,-123.49600000000001,PORT MELLON,1.040535789242258,260.4743562044373,1.0036396586208232
279,765,520,243.54999999999998,4.895315794269252,-11.275867224351858,51.0833,-115.06700000000001,BOW VALLEY,0.9994979971715852,244.5592082713686,1.0036396586208232
280,765,1322,258.34999999999997,4.883307348938683,24.243318232091806,46.6628,-60.4064,INGONISH BEACH RCS,0.9872239771513739,262.6458755113197,1.0036396586208232
281,766,379,268.84999999999997,4.929600235541749,-17.512957381789747,49.3372,-124.39399999999999,QUALICUM BEACH AIRPORT,1.0400156362814248,259.44660138474455,1.0036396586208232
282,766,555,240.74999999999997,4.927662707280547,-9.731934430373395,51.4453,-112.677,DRUMHELLER EAST,0.9871957578905225,244.76021688877526,1.0036396586208232
283,766,1252,252.54999999999998,4.942492261216898,21.153051514564137,48.0089,-64.4942,MISCOU ISLAND (AUT),0.950300957444031,266.72518195333635,1.0036396586208232
284,766,1317,256.54999999999995,4.941602472722986,24.011101539035135,46.8169,-60.6722,NORTH MOUNTAIN CS,0.9633161701493278,267.28893627858287,1.0036396586208232
285,768,371,267.15,5.029600711219969,-17.847530458627244,49.3166,-124.927,PORT ALBERNI (AUT),1.03186654138004,259.8420668257742,1.0036396586208232
286,768,640,238.74999999999997,5.039762809078846,-5.965341609252919,52.1667,-106.71700000000001,SASKATOON DIEFENBAKER INT'L A,0.9958339402071104,240.6214116842476,1.0036396586208232
287,768,900,236.04999999999998,5.02058830583224,5.562715540897963,52.1961,-87.9361,LANSDOWNE HOUSE (AUT),0.9921526755320994,238.78294869324324,1.0036396586208232
288,769,379,273.95,5.079148563625665,-17.48702781581934,49.4866,-124.435,SISTERS ISLAND,1.0434561336795263,263.4965434623802,1.0036396586208232
289,769,399,266.15,5.08339526237996,-16.606789185471683,49.7832,-123.161,SQUAMISH AIRPORT,1.0651366013599757,250.7835096464365,1.0036396586208232
290,769,514,244.74999999999997,5.073148425232085,-11.547266050899315,51.1934,-115.552,BANFF CS,1.0097152077219764,243.2773167808752,1.0036396586208232
291,769,1191,245.45,5.058478584630331,18.448044213540186,49.1333,-68.2,BAIE-COMEAU A,1.0067382478967126,244.69454172734967,1.0036396586208232
292,771,424,257.04999999999995,5.179901437774616,-15.499962761096826,50.2244,-121.58200000000001,LYTTON COMPOSITE,1.0504684296487894,245.59098300054262,1.0036396586208232
293,771,1296,257.15,5.165470743191601,23.067861791370248,47.4253,-61.7747,ILES DE LA MADELEINE,0.9567245897867389,269.75990893249013,1.0036396586208232
294,772,459,255.64999999999998,5.207853828775503,-13.959067681366966,50.703,-119.291,SALMON ARM CS,1.0553630822239837,243.12057437684598,1.0036396586208232
295,772,1191,246.74999999999997,5.1887276143913486,18.43614600800423,49.2592,-68.1458,BAIE-COMEAU,1.0123920516453204,244.6167819692135,1.0036396586208232
296,773,476,256.84999999999997,5.2641775329426554,-13.212203295598437,50.9611,-118.18299999999999,REVELSTOKE A,1.0678929920626732,241.39576552406982,1.0036396586208232
297,774,549,244.14999999999998,5.3099265254253885,-9.989132869980383,51.7675,-113.206,THREE HILLS,1.0007914982323556,244.84482840339123,1.0036396586208232
298,775,405,260.45,5.338274977616005,-16.365050887622917,50.1025,-122.936,BLACKCOMB BASE SLIDING CENTER,1.058398845208938,246.97490012490607,1.0036396586208232
299,776,375,269.15,5.398827057118161,-17.69177543345937,49.7167,-124.9,COMOX A,0.999166185526275,270.35504006324373,1.0036396586208232
300,776,574,241.74999999999997,5.398570887919044,-8.86154402048701,52.0742,-111.449,CORONATION CLIMATE,0.9954992501982568,243.72684100290732,1.0036396586208232
301,776,1213,250.64999999999998,5.405639870783257,19.402403838180682,49.1092,-66.6544,CAP-CHAT,1.003360468071481,250.71974473623334,1.0036396586208232
302,776,1251,251.04999999999998,5.366053007944036,21.097471836404118,48.4194,-64.3169,CAP-D'ESPOIR,0.9490228975203754,265.49805800797134,1.0036396586208232
303,777,381,269.15,5.419934544409928,-17.40557139410359,49.8346,-124.49700000000001,POWELL RIVER,1.0145401049835598,266.25819205261666,1.0036396586208232
304,777,443,254.14999999999998,5.416834683190573,-14.660457567490104,50.7022,-120.44200000000001,KAMLOOPS COMPOSITE,1.0485819098029858,243.25712360077551,1.0036396586208232
305,777,504,243.95,5.434482567741598,-11.970141695323948,51.4429,-116.345,YOHO PARK,1.0206653567911237,239.8806749846955,1.0036396586208232
306,777,611,241.04999999999998,5.410314696485807,-7.227641306952379,52.3597,-108.835,SCOTT CDA,1.0021447094688711,241.40958628496776,1.0036396586208232
307,777,702,240.95,5.427034731484576,-3.224959760138713,52.8167,-102.31700000000001,HUDSON BAY(AUT),1.0078082328488136,239.95336400567487,1.0036396586208232
308,777,1201,248.34999999999997,5.422717212948875,18.882282923933264,49.3167,-67.3811,POINTE-DES-MONTS,1.0158351108329249,245.3684722652556,1.0036396586208232
309,778,349,271.54999999999995,5.466629246781768,-18.811593513119927,49.3833,-126.54299999999999,ESTEVAN POINT CS,1.00337694716949,271.6210991963795,1.0036396586208232
310,778,409,257.6,5.48758204931415,-16.178053926692307,50.3039,-122.73599999999999,PEMBERTON AIRPORT (WIND),1.0507732546152075,246.04506721614297,1.0036396586208232
311,779,529,240.84999999999997,5.517534556250306,-10.88321669473655,51.7781,-114.68299999999999,SUNDRE A,0.9843635380582358,245.56640146958028,1.0036396586208232
312,780,670,239.54999999999998,5.541979838388668,-4.606198823522794,52.8167,-104.6,MELFORT,1.00428036687482,239.3971724955427,1.0036396586208232
313,782,1246,248.34999999999997,5.651301920249028,20.85593090429929,48.7769,-64.4781,GASPE A,0.9684027309244421,257.38662362149927,1.0036396586208232
314,783,423,255.74999999999997,5.686061278212976,-15.570891253730354,50.6837,-121.934,LILLOOET,1.0497069626162812,244.52618857793055,1.0036396586208232
315,783,744,238.04999999999998,5.7063233640495,-1.365436807885565,53.1864,-99.2678,GRAND RAPIDS (AUT),1.0017778921606946,238.49240695397827,1.0036396586208232
316,785,541,241.95,5.801064729915265,-10.317618290854872,52.1786,-113.89299999999999,RED DEER A,0.9910255848940873,245.0296128623762,1.0036396586208232
317,785,620,239.14999999999998,5.765774172302074,-6.816518407766225,52.7719,-108.256,NORTH BATTLEFORD COMPOSITE,0.9983472671338732,240.4177707104239,1.0036396586208232
318,787,1230,251.74999999999997,5.868272928845077,20.155391389530983,49.2508,-65.3247,CAP-MADELEINE,0.9857287719690488,256.32434726753183,1.0036396586208232
319,790,657,236.84999999999997,6.007061876745139,-5.205649220236125,53.2167,-105.667,PRINCE ALBERT A,0.993808581727342,239.19299703688796,1.0036396586208232
320,790,680,238.14999999999998,6.022339598671445,-4.196613718484254,53.3333,-104.0,NIPAWIN,1.0000560720970606,239.00338327964394,1.0036396586208232
321,791,432,247.04999999999998,6.040529782467067,-15.168750889719446,51.1447,-121.505,CLINTON (AUT),1.0162570308845182,243.98274267924833,1.0036396586208232
322,791,545,241.64999999999998,6.047101757492389,-10.177073514979266,52.4489,-113.756,LACOMBE CDA 2,0.9917878036497373,244.53771523830346,1.0036396586208232
323,792,582,240.95,6.101760253486226,-8.51030655742628,52.8294,-111.096,WAINWRIGHT CFB AIRFIELD 21,0.9981057120612525,242.2859350692171,1.0036396586208232
324,792,1330,259.34999999999997,6.07942366355763,24.598257854640586,47.5739,-59.1547,PORT AUX BASQUES,0.991860137023646,262.4300904403672,1.0036396586208232
325,793,1327,261.15,6.155194352980857,24.442589655182573,47.7117,-59.3083,WRECKHOUSE,0.9907897637170993,264.5369446142821,1.0036396586208232
326,794,529,241.45,6.175976922751965,-10.874457517111214,52.4214,-114.912,ROCKY MTN HOUSE (AUT),0.9879723351541253,245.27892831755662,1.0036396586208232
327,797,366,270.84999999999997,6.335759578282908,-18.08989630523469,50.4535,-125.993,FANNY ISLAND,1.06500579785591,255.24349452811893,1.0036396586208232
328,797,632,238.74999999999997,6.295206216756323,-6.310304850448561,53.3667,-107.55,SPIRITWOOD WEST,0.9980481920020413,240.08757334158008,1.0036396586208232
329,798,806,236.64999999999998,6.37108696084185,1.3946292957132782,53.85,-94.65,ISLAND LAKE A,1.0012320699913377,237.21905473390663,1.0036396586208232
330,800,598,240.45,6.467027949933973,-7.816700497910845,53.3092,-110.072,LLOYDMINSTER A,1.0025355126816713,240.7148204354965,1.0036396586208232
331,800,763,235.74999999999997,6.452753004204012,-0.5033945328851623,53.95,-97.85,NORWAY HOUSE A,0.9971921907631275,237.27427040798275,1.0036396586208232
332,800,1207,249.45,6.435421705236603,19.13758553412391,50.1625,-66.4339,POINTE NOIRE CS,0.9831535901271624,254.64781429581384,1.0036396586208232
333,801,870,236.14999999999998,6.508280585925747,4.214533946562702,53.8156,-89.8956,BIG TROUT LAKE READAC,0.9993754615859239,237.15761942683025,1.0036396586208232
334,802,560,240.95,6.5168158846192465,-9.491987419918518,53.05,-112.81700000000001,CAMROSE,0.9947592385700358,243.10101014222604,1.0036396586208232
335,802,720,238.74999999999997,6.530706804739108,-2.4262533068727663,53.9667,-101.1,THE PAS COMPOSITE,1.007504431621001,237.83415831748962,1.0036396586208232
336,802,870,235.24999999999997,6.527474346337769,4.229992367547862,53.8333,-89.8667,BIG TROUT LAKE,0.9957223970717195,237.12053719480858,1.0036396586208232
337,802,1209,244.74999999999997,6.528115006844116,19.221659862707465,50.2167,-66.25835000000001,SEPT-ILES A,0.9498454572832294,258.6113399436937,1.0036396586208232
338,803,468,244.64999999999998,6.576161870116752,-13.555416375438215,52.129,-119.29,BLUE RIVER CS,1.0219303994169848,240.27119911656027,1.0036396586208232
339,803,1351,258.54999999999995,6.597500707225498,25.503301629128412,47.6167,-57.6167,BURGEO COMPOSITE,0.9617042942316735,269.8241395955571,1.0036396586208232
340,805,1239,249.24999999999997,6.672664893036011,20.54019153843304,49.8386,-64.2933,PORT-MENIER,0.9393349287096875,266.3130873402815,1.0036396586208232
341,806,583,242.95,6.734865359496265,-8.49018795507404,53.4556,-111.255,MANNVILLE AGCM,1.010361679102941,241.33363339593348,1.0036396586208232
342,806,653,239.64999999999998,6.729632151874416,-5.362566278886254,53.9167,-106.06700000000001,WASKESIU LAKE,1.0048660336779727,239.35752242329238,1.0036396586208232
343,806,1389,261.34999999999997,6.714805284597526,27.17979422671576,46.9167,-55.3833,ST LAWRENCE,0.9692066139715995,270.63499257985694,1.0036396586208232
344,807,539,243.34999999999997,6.762574807232476,-10.4434834705437,53.0894,-114.441,BRETON PLOTS,0.9999241792206977,244.25423047147953,1.0036396586208232
345,809,349,269.75,6.867169200978581,-18.822471420345344,50.6803,-127.366,PORT HARDY A,1.0225696367520711,264.75634341429975,1.0036396586208232
346,809,551,242.74999999999997,6.865939470713725,-9.90419480859374,53.3067,-113.60600000000001,EDMONTON INTERNATIONAL CS,1.0013183651726316,243.31275207181616,1.0036396586208232
347,810,530,245.45,6.908602573754417,-10.834386051531007,53.1436,-115.126,VIOLET GROVE CS,1.00734635339743,244.546826796613,1.0036396586208232
348,810,551,241.04999999999998,6.872797573742963,-9.888532509729613,53.3167,-113.583,EDMONTON INT'L A,0.9946071817497695,243.2390838812737,1.0036396586208232
349,810,572,241.24999999999997,6.878051683715291,-8.976976249942552,53.5053,-112.098,VEGREVILLE,1.0013100500878254,241.8112827500697,1.0036396586208232
350,811,1387,261.54999999999995,6.9246665536023535,27.103937404616083,47.1364,-55.3275,WINTERLAND,0.9720029671902555,270.06291294674133,1.0036396586208232
351,814,1236,246.04999999999998,7.086274614072902,20.404725115702817,50.2714,-64.2264,LONGUE-POINTE-DE-MINGAN,0.9728282764073731,253.84288675861302,1.0036396586208232
352,815,397,248.64999999999998,7.128698629262367,-16.716391235889667,51.6746,-124.40299999999999,TATLAYOKO LAKE RCS,1.0259802817094055,243.2356698905356,1.0036396586208232
353,815,432,245.24999999999997,7.133331673139345,-15.169367061339733,52.1831,-122.054,WILLIAMS LAKE A,1.0151219028118543,242.47592884652556,1.0036396586208232
354,815,490,241.54999999999998,7.132905600093984,-12.59280256834153,52.9264,-118.03,JASPER WARDEN,1.0066985892885878,240.8160318483999,1.0036396586208232
355,815,553,245.25,7.114874508664932,-9.7958228107265,53.572766666666666,-113.51799999999999,EDMONTON CITY CENTRE AWOS,1.014071188820852,242.72716648519335,1.0036396586208232
356,815,1328,257.65,7.117358910371174,24.517097913492673,48.5333,-58.55,STEPHENVILLE A,0.9904285007499802,261.0867496723339,1.0036396586208232
357,816,348,273.45,7.170889325620464,-18.88075417758891,50.9398,-127.632,HERBERT ISLAND (AUT),1.0101292521240772,271.6932155689648,1.0036396586208232
358,816,545,245.14999999999998,7.165224782096586,-10.146293552939351,53.5472,-114.10799999999999,EDMONTON STONY PLAIN CS,1.0116069894637685,243.2192193940026,1.0036396586208232
359,816,562,241.04999999999998,7.142646703644518,-9.39280651845686,53.6828,-112.868,ELK ISLAND NAT PARK,0.9999307889858295,241.94408490603828,1.0036396586208232
360,816,622,236.84999999999997,7.135252540529704,-6.770535142688353,54.1333,-108.51700000000001,MEADOW LAKE,0.9928213108585365,239.43085280752263,1.0036396586208232
361,816,1328,258.84999999999997,7.137357388702331,24.49448957038337,48.5614,-58.5661,STEPHENVILLE RCS,0.9951905684379158,261.0476162789388,1.0036396586208232
362,817,554,243.45,7.20031278290669,-9.74605025536421,53.6667,-113.46700000000001,EDMONTON NAMAO A,1.0075210338346503,242.5121329341286,1.0036396586208232
363,818,713,238.14999999999998,7.265476171623048,-2.7271258170741155,54.6833,-101.68299999999999,FLIN FLON,1.0070302247465406,237.3481736962832,1.0036396586208232
364,818,1244,246.24999999999997,7.2595427423462,20.768642084400955,50.2833,-63.6,HAVRE-SAINT-PIERRE A,0.965323200473934,256.02437174827975,1.0036396586208232
365,823,404,241.34999999999997,7.486091580041017,-16.40919542363794,52.1144,-124.13600000000001,PUNTZI MOUNTAIN (AUT),0.9975449372048181,242.82458120320325,1.0036396586208232
366,823,564,241.74999999999997,7.449646278457342,-9.335224279131186,53.995,-112.87899999999999,RADWAY AGCM,1.0045002489118924,241.5428843690269,1.0036396586208232
367,824,514,239.95,7.52710801321648,-11.51139931173636,53.5833,-116.46700000000001,EDSON A,0.9878364829739771,243.78866364708927,1.0036396586208232
368,824,515,243.45,7.522142332155376,-11.504026781885306,53.5803,-116.45299999999999,EDSON CLIMATE,1.0023438460354537,243.76472790016714,1.0036396586208232
369,824,550,243.74999999999997,7.515708446009354,-9.953895618481406,53.9308,-113.92200000000001,BUSBY AGCM,1.0096389836314186,242.30162538784606,1.0036396586208232
370,824,1403,261.54999999999995,7.514621430997384,27.815292532611775,47.2939,-53.9933,ARGENTIA (AUT),0.9820887647562163,267.2894366910277,1.0036396586208232
371,825,514,238.74999999999997,7.54050302933295,-11.516593872376433,53.595,-116.48100000000001,EDSON A,0.983349466476251,243.67630904847658,1.0036396586208232
372,825,1032,237.84999999999997,7.55110484508539,11.40209725081259,53.6333,-77.7,LA GRANDE RIVIERE A,0.9988291404932169,238.99552298312614,1.0036396586208232
373,826,599,239.24999999999997,7.579601901793152,-7.751283756222322,54.4167,-110.28299999999999,COLD LAKE A,1.0013349775722236,239.80065982236462,1.0036396586208232
374,827,489,243.04999999999998,7.626293138025103,-12.653005133980898,53.3856,-118.34700000000001,WILLOW CREEK 1,1.008781602750858,241.81112974562873,1.0036396586208232
375,827,1333,256.95,7.665818126824087,24.702111897273234,48.9333,-57.9167,CORNER BROOK,1.0069723888533644,256.09958439503333,1.0036396586208232
376,829,544,241.54999999999998,7.743529592078992,-10.221767770910317,54.0947,-114.448,BARRHEAD CS,1.0011696165629056,242.14594163588214,1.0036396586208232
377,833,667,237.14999999999998,7.901462913132848,-4.759302175174284,55.1482,-105.2685,LA RONGE RCS,1.0028599809259842,237.3343732613204,1.0036396586208232
378,834,526,243.2,7.970771423086389,-10.980626492381251,54.1418,-115.7855,WHITECOURT,1.0063612482696267,242.54229323344163,1.0036396586208232
379,835,432,243.64999999999998,8.020634284705773,-15.164130981795742,53.0261,-122.51,QUESNEL A,1.0084173476340945,242.49563278208697,1.0036396586208232
380,835,925,235.84999999999997,7.980076893652368,6.671684239981935,54.9833,-85.4333,PEAWANUCK (AUT),1.0008841084236668,236.49932244255814,1.0036396586208232
381,837,1336,251.54999999999998,8.075391192008935,24.868387906174352,49.2167,-57.4,DEER LAKE A,0.9925328917836975,254.3649265591168,1.0036396586208232
382,838,578,241.34999999999997,8.109459289381412,-8.687796526019358,54.7689,-112.024,LAC LA BICHE CLIMATE,1.0082207040420295,240.2533796786997,1.0036396586208232
383,838,705,238.74999999999997,8.138488938936142,-3.055518822819442,55.5333,-102.35,ISLAND FALLS (AUT),1.0147323108655892,236.14007943762152,1.0036396586208232
384,838,1416,260.75,8.124766269973335,28.409015870781452,47.5156,-52.7847,ST JOHN'S WEST CDA CS,0.9708637318091423,269.55280376754854,1.0036396586208232
385,840,1326,256.75,8.23989353197616,24.42289491438044,49.57,-57.8778,ROCKY HARBOUR CS,0.9828975168915256,262.1682097293719,1.0036396586208232
386,840,1416,258.95,8.230534649080468,28.377457088340115,47.6222,-52.7428,ST JOHN'S A,0.9641786493748139,269.54806535944334,1.0036396586208232
387,841,1357,248.14999999999998,8.276607341657702,25.763095697857583,48.9667,-56.0667,BADGER (AUT),0.9818531238558433,253.65624983571726,1.0036396586208232
388,842,763,234.24999999999997,8.306018505604065,-0.4898819825218631,55.8033,-97.8625,THOMPSON A,0.9982691593396837,235.51022069783167,1.0036396586208232
389,842,1084,234.24999999999997,8.314253687711462,13.681998561384583,53.7572,-73.6792,LA GRANDE IV A,0.9908383736668974,237.27642800294407,1.0036396586208232
390,847,781,236.84999999999997,8.5383737338289,0.27697370454922526,56.0375,-96.5097,KELSEY DAM CS,1.0118987210730808,234.916843152304,1.0036396586208232
391,847,1294,245.04999999999998,8.51185137838431,22.990534772134843,50.465,-59.6394,CHEVERY,0.980570550341858,250.8150976584903,1.0036396586208232
392,849,1389,256.84999999999997,8.608947022211417,27.178288344027237,48.5569,-53.9744,TERRA NOVA NAT PARK CS,0.990276418756108,260.3160505836981,1.0036396586208232
393,849,1407,260.34999999999997,8.631951811884614,27.97514699843636,48.1719,-52.9392,GRATES COVE,0.9714740652557599,268.97021183281873,1.0036396586208232
394,852,1376,255.95,8.74541399795805,26.635266854781015,48.94625,-54.5719,GANDER AIRPORT CS,1.00712037161412,255.06541011805126,1.0036396586208232
395,853,629,237.14999999999998,8.81558779602243,-6.460311131338492,55.8406,-108.421,BUFFALO NARROWS (AUT),1.0024442459481602,237.4328008804159,1.0036396586208232
396,855,436,241.95,8.871679997996239,-14.978951097074027,53.8908,-122.679,PRINCE GEORGE A,1.0039523721995807,241.87463681298485,1.0036396586208232
397,855,804,236.84999999999997,8.87791133303917,1.2870337040640296,56.3589,-94.7042,GILLAM,1.0132433641152783,234.60509248131336,1.0036396586208232
398,856,313,271.95,8.9221102400567,-20.436114299632873,51.9333,-131.017,CAPE ST JAMES,0.9940587666790817,274.57109610708534,1.0036396586208232
399,856,1323,253.74999999999997,8.917592883317909,24.275196665536356,50.2364,-57.5811,DANIELS HARBOUR,0.9595189478762429,265.4179617179183,1.0036396586208232
400,857,545,240.84999999999997,8.961434607356354,-10.137658918282566,55.3,-114.78299999999999,SLAVE LAKE A,1.005028580464379,240.51715192729557,1.0036396586208232
401,857,695,234.84999999999997,8.975675671215516,-3.521382304920674,56.3333,-103.28299999999999,SOUTHEND,1.000938037859002,235.48388103150796,1.0036396586208232
402,858,1398,259.75,8.995449237262823,27.614971456792322,48.6672,-53.1142,BONAVISTA COMPOSITE,0.9714595601087662,268.35435259659283,1.0036396586208232
403,861,1022,238.14999999999998,9.143254450485722,10.963379553343792,55.2833,-77.75,KUUJJUARAPIK A,0.9885545465615223,241.78411351393638,1.0036396586208232
404,863,1351,254.24999999999997,9.231985979494414,25.520707508907858,49.9167,-55.6667,LA SCIE,0.9569943369939952,266.6425216327538,1.0036396586208232
405,863,1387,257.04999999999995,9.218553550490716,27.116250937411323,49.1122,-53.5811,POOLS ISLAND,0.9786543331893194,263.61256012399997,1.0036396586208232
406,865,1365,258.34999999999997,9.307897246727128,26.13004376259036,49.6833,-54.8,TWILLINGATE (AUT),0.9696158719836285,267.41549235805786,1.0036396586208232
407,867,393,248.45,9.431478060616252,-16.88321751972789,53.7719,-125.99700000000001,OOTSA LAKESKINS LAKE CLIMATE,1.0250850206012325,243.25228461351657,1.0036396586208232
408,867,493,237.34999999999997,9.437642625030247,-12.46008114715757,55.1797,-118.885,GRANDE PRAIRIE A,0.9879891458834017,241.10980770001834,1.0036396586208232
409,867,723,233.64999999999998,9.423099719603844,-2.2572180214763757,56.8639,-101.07600000000001,LYNN LAKE A,1.0004756857168053,234.38891077971982,1.0036396586208232
410,870,487,243.14999999999998,9.536136619901917,-12.739011854163321,55.1967,-119.396,BEAVERLODGE RCS,1.0137506541741883,240.72485871039615,1.0036396586208232
411,875,1321,251.34999999999997,9.748990532666745,24.169962329644125,51.0167,-57.1,FEROLLE POINT (AUT),0.9488291642417763,265.86959771196797,1.0036396586208232
412,875,1336,252.84999999999997,9.792500942910612,24.868298591591508,50.7211,-56.1128,ENGLEE (AUT),0.9819177892839266,258.44351782987826,1.0036396586208232
413,877,597,237.75,9.871521055435833,-7.875701542051029,56.650549999999996,-111.215,FORT MCMURRAY A,1.0046926147191804,237.5008289513461,1.0036396586208232
414,880,399,241.04999999999998,9.993147522311885,-16.63738722118312,54.3832,-125.959,BURNS LAKE DECKER LAKE,1.0006510078785187,241.76994557119355,1.0036396586208232
415,880,492,244.04999999999998,9.986883825544258,-12.503884480613857,55.6947,-119.23,SPIRIT RIVER AUTO STATION,1.020157416481166,240.09849335926862,1.0036396586208232
416,883,1207,237.89999999999998,10.120666100263888,19.135841008859316,53.5539,-64.09694999999999,CHURCHILL FALLS,0.9978221544336442,239.28700492866426,1.0036396586208232
417,885,517,238.04999999999998,10.226946829363605,-11.381198804475845,56.2269,-117.447,PEACE RIVER A,0.9987099025034265,239.22504436554058,1.0036396586208232
418,887,315,269.84999999999997,10.323304131822256,-20.314453931732185,53.2539,-131.813,SANDSPIT A,0.9993681453778718,271.0033966276007,1.0036396586208232
419,887,441,241.24999999999997,10.295420807028806,-14.765125833156345,55.3053,-123.13799999999999,MACKENZIE A,1.0106798151377654,239.5695095674481,1.0036396586208232
420,887,594,238.74999999999997,10.29025448153633,-7.989638709553197,57.0411,-111.559,MILDRED LAKE,1.011377569064571,236.92335664251135,1.0036396586208232
421,889,1329,250.95,10.373611671056155,24.545692171940438,51.3833,-56.1,ST ANTHONY,0.9737166817846404,258.6618644237225,1.0036396586208232
422,895,367,254.74999999999997,10.64544044520589,-18.038806278710556,54.4664,-128.577,TERRACE A,1.0434808585963,245.02337625780117,1.0036396586208232
423,895,387,246.54999999999998,10.665533425795687,-17.140960439352252,54.8247,-127.18299999999999,SMITHERS A,1.0209894199523368,242.3603545710744,1.0036396586208232
424,895,1162,236.54999999999998,10.642722973708436,17.15060312140212,54.8,-66.8167,SCHEFFERVILLE A,1.0025806169514762,236.79987148429595,1.0036396586208232
425,897,477,239.95,10.753806257076697,-13.163717285063106,56.2381,-120.74,FORT ST JOHN A,1.0064143892760993,239.28844683876943,1.0036396586208232
426,898,342,270.15,10.795331636988363,-19.128696079466494,54.1722,-130.361,HOLLAND ROCK,1.0342766248182031,262.1477149056453,1.0036396586208232
427,899,693,235.84999999999997,10.845344827838785,-3.5963917953415443,58.19,-103.712,COLLINS BAY,1.0144916372162387,233.32712148840193,1.0036396586208232
428,901,342,262.25,10.925168419012316,-19.12359427311639,54.2925,-130.445,PRINCE RUPERT A,1.0043290641002107,262.06998271937755,1.0036396586208232
429,902,340,270.15,10.967961277889886,-19.210864995441757,54.2959,-130.609,LUCY ISLAND LIGHTSTATION,1.0189224416052374,266.09802935468264,1.0036396586208232
430,908,342,267.34999999999997,11.248087391590866,-19.138145264634165,54.5803,-130.69799999999998,GREY ISLET (AUT),1.028926397084118,260.7796471085587,1.0036396586208232
431,908,757,234.74999999999997,11.223480767171646,-0.7949466980517512,58.7158,-98.5017,TADOULE LAKE CS,1.0157146294483885,231.95925610443317,1.0036396586208232
432,909,810,236.59999999999997,11.265539871656637,1.5518181674713338,58.73625,-94.06655,CHURCHILL A,1.0039962233759228,236.51597257131814,1.0036396586208232
433,924,607,234.95,11.94250479002911,-7.427149728342445,58.7672,-111.117,FORT CHIPEWYAN AWOS A,1.0052051159355302,234.58410035398782,1.0036396586208232
434,926,670,231.34999999999997,12.01176366560062,-4.604034071073405,59.25,-105.833,STONY RAPIDS A,1.0018788705480508,231.75659438242573,1.0036396586208232
435,928,547,237.74999999999997,12.118719845803014,-10.074177481250986,58.3823,-116.04,FORT VERMILION,1.0122993004651517,235.7161846574989,1.0036396586208232
436,929,574,233.34999999999997,12.174502673448476,-8.86753025568397,58.7108,-113.866,GARDEN RIVER,0.9953439671322166,235.29485491728423,1.0036396586208232
437,929,1000,237.14999999999998,12.184706889709847,9.988977488368288,58.4667,-78.0833,INUKJUAK UA,1.0009854569259071,237.77882425273427,1.0036396586208232
438,930,1000,238.95,12.19056753210227,9.990996494630954,58.4719,-78.0769,INUKJUAK A,1.0103497208766543,237.36305506113305,1.0036396586208232
439,937,535,233.14999999999998,12.498830656358052,-10.594224739549533,58.6214,-117.165,HIGH LEVEL A,0.9907115767143855,236.19244178359378,1.0036396586208232
440,937,641,232.45,12.505036006001426,-5.928649267233507,59.5667,-108.48299999999999,URANIUM CITY (AUT),1.0068294340421835,231.7135661298474,1.0036396586208232
441,954,602,233.34999999999997,13.254432412961972,-7.616430689969889,60.0203,-111.962,FORT SMITH A,1.0040988699355904,233.24328046917546,1.0036396586208232
442,954,603,236.64999999999998,13.256899676858085,-7.5986532582162,60.0261,-111.929,FORT SMITH CLIMATE,1.0184034708839405,233.21928096579035,1.0036396586208232
443,957,1115,236.84999999999997,13.3816017084914,15.062915391847254,58.1,-68.4167,KUUJJUAQ A,1.0121738784479615,234.8529814944867,1.0036396586208232
444,957,1207,245.24999999999997,13.419876797675242,19.12294867359371,56.55,-61.6833,NAIN,1.0164851653728393,242.15073142407692,1.0036396586208232
445,960,474,235.14999999999998,13.53351926237463,-13.294599528109782,58.8364,-122.59700000000001,FORT NELSON A,0.9935365107457693,237.54121078805207,1.0036396586208232
446,962,807,234.74999999999997,13.627521603757163,1.4581972729819246,61.1,-94.0667,ARVIAT CLIMATE,1.0217716512626145,230.5842108362463,1.0036396586208232
447,981,564,236.25,14.468214081226822,-9.323243593510316,60.8393,-115.78,HAY RIVER A,1.0157849703501947,233.42525856375408,1.0036396586208232
448,984,387,235.95,14.58976578706105,-17.15249069771426,58.42415,-130.0285,DEASE LAKE LWIS,0.9964614814646705,237.6497053388403,1.0036396586208232
449,993,475,234.45,14.997500532148845,-13.242353392775371,60.2333,-123.46700000000001,FORT LIARD,0.9951451528297195,236.45125265853054,1.0036396586208232
450,1002,827,231.54999999999998,15.389341884371548,2.3116704332428544,62.8167,-92.1167,RANKIN INLET A,1.0183674830446996,228.20127981585514,1.0036396586208232
451,1004,627,233.84999999999997,15.491470329004402,-6.5299173223889415,62.4156,-110.69,LUTSELK'E CS,1.0270348013775292,228.52305866722557,1.0036396586208232
452,1008,644,230.54999999999998,15.66795069496372,-5.7587229165762075,62.7167,-109.167,FORT RELIANCE,1.017114866688499,227.4955669937089,1.0036396586208232
453,1013,416,227.04999999999998,15.880923220563833,-15.851020784876589,60.1165,-128.822,WATSON LAKE A,0.9742460522710227,233.9002390193577,1.0036396586208232
454,1013,587,231.84999999999997,15.8941364226464,-8.283411299371597,62.4628,-114.44,YELLOWKNIFE A,1.009890436209629,230.4149504817532,1.0036396586208232
455,1018,511,232.6833333333333,16.085824204153216,-11.662896594650553,61.7603,-121.23700000000001,FORT SIMPSON COMPOSITE,0.9977803288911322,234.04973466750147,1.0036396586208232
456,1033,375,231.74999999999997,16.75778702871603,-17.662960628502297,60.1667,-132.733,TESLIN (AUT),0.993402622218257,234.13818897115155,1.0036396586208232
457,1034,784,231.34999999999997,16.80137872475479,0.41775555963923183,64.2989,-96.0778,BAKER LAKE A,1.032897669246879,224.79674602347256,1.0036396586208232
458,1034,785,233.24999999999997,16.819612978178842,0.4527472354516609,64.3167,-96.0,BAKER LAKE CLIMATE,1.041408329364026,224.79074131879477,1.0036396586208232
459,1035,562,231.95,16.86203978958295,-9.404454925856033,63.1336,-117.245,LAC LA MARTRE,1.0111065772379706,230.2370729829703,1.0036396586208232
460,1043,914,232.84999999999997,17.235601653792568,6.170803303022934,64.1933,-83.3594,CORAL HARBOUR A,1.0300067222632099,226.8892905828426,1.0036396586208232
461,1056,357,235.64999999999998,17.78667631581861,-18.46941586238801,60.7213,-135.0835,WHITEHORSE A,1.0192792816072576,232.03423224796467,1.0036396586208232
462,1057,567,229.14999999999998,17.814289511711262,-9.167268951780255,64.1117,-117.32799999999999,RAE LAKES,1.00518468546833,228.79778323105745,1.0036396586208232
463,1060,982,240.49999999999997,17.94570126718203,9.197151810436191,64.23055,-76.52770000000001,CAPE DORSET A,1.0559874578830661,228.57784540565675,1.0036396586208232
464,1070,333,230.14999999999998,18.431001006079605,-19.56058255517341,60.7725,-137.58,HAINES JUNCTION,0.9841083004021259,234.71773110459117,1.0036396586208232
465,1075,1065,235.79999999999998,18.61430232229918,12.847934249883716,63.748599999999996,-68.5472,IQALUIT A,1.0501096602634792,225.3652551328887,1.0036396586208232
466,1077,391,228.04999999999998,18.715605658033613,-16.976263997671126,62.2075,-133.376,FARO (AUT),0.9878629864223558,231.69207399640564,1.0036396586208232
467,1089,362,229.74999999999997,19.2625048888462,-18.244665815697104,62.115,-136.192,CARMACKS CS,0.9960217005956337,231.5072165900006,1.0036396586208232
468,1090,325,229.95,19.306314193603082,-19.882004589804254,61.3667,-139.05,BURWASH A,0.9865696619328304,233.92868076615474,1.0036396586208232
469,1098,516,233.95,19.663546246690753,-11.432770199531417,65.2086,-123.43299999999999,DELINE CS,1.022397786049936,229.6576746723055,1.0036396586208232
470,1112,485,230.45,20.25328633221057,-12.797273633836445,65.2825,-126.8,NORMAN WELLS A,0.9984314149527966,231.65212538920707,1.0036396586208232
471,1112,486,229.84999999999997,20.250220633326055,-12.775908917709197,65.2875,-126.75299999999999,NORMAN WELLS CLIMATE,0.9962778204368297,231.54844040676218,1.0036396586208232
472,1117,383,223.95,20.495251114049235,-17.3192127506522,63.6167,-135.86700000000002,MAYO A,0.9715550557889024,231.34571757811926,1.0036396586208232
473,1132,611,233.89999999999998,21.164558389410047,-7.241453297075602,67.81694999999999,-115.1395,KUGLUKTUK A,1.0232809538684775,229.4104226839574,1.0036396586208232
474,1132,785,231.14999999999998,21.138921535217452,0.44902530231432797,68.6356,-95.8503,GJOA HAVEN CLIMATE,1.0132315973371433,228.961777050672,1.0036396586208232
475,1132,838,231.95,21.168269643134604,2.820157471562718,68.5375,-89.7964,KUGAARUK CLIMATE,1.0335927395197635,225.22818699874261,1.0036396586208232
476,1135,1069,236.84999999999997,21.28735817929207,13.028264777357656,66.1434,-65.7113,PANGNIRTUNG,1.0681708202402949,222.5412346415402,1.0036396586208232
477,1138,478,230.64999999999998,21.43659517878678,-13.124659609447363,66.2422,-128.644,FORT GOOD HOPE CS,1.0113249793665258,228.89723084452373,1.0036396586208232
478,1142,359,224.84999999999997,21.613778935308083,-18.396937550529213,64.0609,-139.127,DAWSON,0.9794586920816978,230.40111754102315,1.0036396586208232
479,1146,704,231.64999999999998,21.771353847100382,-3.1159972251081784,69.1081,-105.13799999999999,CAMBRIDGE BAY COMPOSITE,1.0275822904389622,226.25256301390456,1.0036396586208232
480,1149,912,230.95,21.8939517379129,6.081877734577512,68.77595,-81.24305000000001,HALL BEACH A,1.0030684762918114,231.08151102043695,1.0036396586208232
481,1153,804,230.04999999999998,22.07830769192602,1.287569506056761,69.55,-93.5833,TALOYOAK A,1.0338847911518885,223.32014692708694,1.0036396586208232
482,1160,1100,234.34999999999997,22.39945260697579,14.412454916130438,66.5833,-61.6167,CAPE DYER A,1.0193905593816779,230.72898981961805,1.0036396586208232
483,1170,1069,237.84999999999997,22.838518102578472,13.032274567359783,67.5474,-64.0334,QIKIQTARJUAQ CLIMATE,1.0633243980044276,224.49940324041052,1.0036396586208232
484,1188,547,237.24999999999997,23.628469659569642,-10.089579069383861,69.3578,-124.083,PAULATUK,1.0452771766749052,227.79939552994438,1.0036396586208232
485,1199,459,235.74999999999997,24.13312382041883,-13.940697960433543,68.3167,-133.517,INUVIK CLIMATE,1.0391020072329666,227.7043522896511,1.0036396586208232
486,1199,460,231.14999999999998,24.11612349673207,-13.935204799901314,68.3042,-133.483,INUVIK A,1.0192132988260325,227.61801416584674,1.0036396586208232
487,1202,608,235.74999999999997,24.25257185841111,-7.373396591071229,70.7614,-117.8,HOLMAN CS,1.0306161163782546,229.57922524182578,1.0036396586208232
488,1207,549,236.54999999999998,24.460936365558343,-9.983429469768042,70.1667,-124.71700000000001,CAPE PARRY A,1.0256984690141662,231.46272361597605,1.0036396586208232
489,1212,400,226.04999999999998,24.7216824726706,-16.594913935534528,67.5706,-139.839,OLD CROW RCS,0.9953164573738239,227.94031300341246,1.0036396586208232
490,1215,1003,234.95,24.85209065406486,10.112658072057611,70.4833,-68.5167,CLYDE RIVER CLIMATE,1.0456092201195066,225.51937497836076,1.0036396586208232
491,1219,477,234.95,25.02650427046885,-13.17794002244732,69.4333,-133.017,TUKTOYAKTUK,1.0236540807633814,230.35627193232378,1.0036396586208232
492,1240,915,233.04999999999998,25.955689426851517,6.197114961304964,72.6933,-77.9575,POND INLET CLIMATE,1.0130848353080781,230.87723188596996,1.0036396586208232
493,1246,562,235.14999999999998,26.214275750688063,-9.387968858171986,71.9925,-125.25399999999999,SACHS HARBOUR CLIMATE,1.024516720760359,230.35823714964025,1.0036396586208232
494,1269,788,233.04999999999998,27.22416029251431,0.5997983329989327,74.71635,-94.97625,RESOLUTE CARS,1.0337127686647782,226.27003315795693,1.0036396586208232
495,1315,859,234.24999999999997,29.26460627654182,3.7582508923317075,76.4228,-82.9022,GRISE FIORD CLIMATE,1.0653689007752574,220.67716624809134,1.0036396586208232
496,1472,894,235.84999999999997,36.203886237717825,5.279164142263306,82.5,-62.3333,ALERT CLIMATE,1.0094799199540379,234.48550962410283,1.0036396586208232
