,ilocy,ilocx,mean RH (%),rlat,rlon,lat,lon,station_name,ratio,model_vals,best_tol
0,552,1011,75.0,-4.5177895001951045,10.457750487409273,42.0333,-82.9,HARROW CDA AUTO,1.0259605209130531,81.40203040215414,1.1135369268636566
1,558,1009,71.0,-4.286848910227873,10.373390404111557,42.2756,-82.9556,WINDSOR A,0.9648321186869728,81.94287925956782,1.1135369268636566
2,560,1026,76.0,-4.166609944802487,11.147744256566659,42.2501,-81.9001,ERIEAU (AUT),1.037465989283498,81.57260798504328,1.1135369268636566
3,565,1026,79.0,-3.96806270606981,11.12134986160888,42.45,-81.8833,RIDGETOWN RCS,1.072967920487107,81.98699657515616,1.1135369268636566
4,576,1017,75.0,-3.4904329491985364,10.714451499966426,42.9961,-82.30235,SARNIA AIRPORT COMPOSITE,1.0178325866808786,82.05206888405392,1.1135369268636566
5,579,1046,77.0,-3.3628448895127754,11.999925006386508,42.8667,-80.55,DELHI CS,1.0380402238397441,82.60021278495151,1.1135369268636566
6,580,1035,75.0,-3.2901926502243564,11.534742416339043,43.0332,-81.15055,LONDON CS COMPOSITE,1.0027620154751222,83.2852344084888,1.1135369268636566
7,587,1054,75.0,-2.9689855230488806,12.37546741076384,43.1717,-79.9342,HAMILTON A,1.0069625257239994,82.93781285924948,1.1135369268636566
8,590,1054,75.0,-2.847748537093577,12.367862378820393,43.2917,-79.9083,HAMILTON RBG CS,1.0080117478086081,82.85148431685872,1.1135369268636566
9,590,1063,72.0,-2.87199134716758,12.753426345960174,43.1833,-79.4,VINELAND STATION RCS,0.981023128445943,81.72555407657865,1.1135369268636566
10,591,1056,69.0,-2.8224940050071763,12.44308227059991,43.3,-79.8,BURLINGTON PIERS (AUT),0.9286257475497037,82.73951929109077,1.1135369268636566
11,591,1066,71.0,-2.817509219258394,12.915619247015943,43.2,-79.1667,ST CATHARINES A,0.9671833811138798,81.74367276272571,1.1135369268636566
12,592,1046,76.0,-2.767016061611644,11.996249233882299,43.45,-80.3833,WATERLOO WELLINGTON A,1.0138027205390587,83.47660222951374,1.1135369268636566
13,592,1065,76.0,-2.777024958427152,12.868782847614893,43.25,-79.2167,PORT WELLER (AUT),1.0384419377331573,81.49594442071205,1.1135369268636566
14,595,1023,79.0,-2.652732378466715,10.985487811987579,43.7667,-81.7167,GODERICH,1.0606714706865772,82.93747843079619,1.1135369268636566
15,596,1044,80.0,-2.5766172477994584,11.930342238677156,43.65,-80.4167,ELORA RCS,1.0622860600536883,83.85966595908285,1.1135369268636566
16,599,1061,72.0,-2.4371144169958994,12.657472533066505,43.6286,-79.395,TORONTO ISLAND A,0.9775194910798671,82.01847581127433,1.1135369268636566
17,600,1057,72.0,-2.4275243009702034,12.480315141272046,43.6772,-79.6306,TORONTO LESTER B. PEARSON INT'L A,0.9682638485710203,82.80249113142699,1.1135369268636566
18,600,1060,71.0,-2.4007826199030635,12.645432657636889,43.6667,-79.4,TORONTO CITY,0.9593052719521501,82.41497687845832,1.1135369268636566
19,603,1037,80.0,-2.300804570575231,11.625346633334846,43.9833,-80.75,MOUNT FOREST (AUT),1.0653298839642142,83.62006500522136,1.1135369268636566
20,605,1060,72.0,-2.2053809803339703,12.62287891217746,43.8622,-79.37,TORONTO BUTTONVILLE A,0.9677543953124996,82.84608070242234,1.1135369268636566
21,611,1051,78.0,-1.9090728517835933,12.250936972318437,44.2333,-79.7833,EGBERT CS,1.0493542771030784,82.77078789362321,1.1135369268636566
22,611,1078,75.0,-1.9198534980984727,13.446682564305245,43.95,-78.1667,COBOURG (AUT),1.0200212023421766,81.87601328580834,1.1135369268636566
23,613,1095,79.0,-1.8540076319615553,14.186073428531435,43.8333,-77.15,POINT PETRE (AUT),1.0820785339893804,81.29670302016379,1.1135369268636566
24,616,1043,75.0,-1.7154697341383163,11.8907013659687,44.5,-80.2167,COLLINGWOOD,1.0164080590950768,82.16706741692813,1.1135369268636566
25,617,1074,74.0,-1.6786484471005159,13.239909508912735,44.2333,-78.3667,PETERBOROUGH A,0.9985551336839611,82.52096434966647,1.1135369268636566
26,617,1087,74.0,-1.647919910661428,13.848380542642577,44.1167,-77.5333,TRENTON A,1.0160863689938686,81.09717353014487,1.1135369268636566
27,618,1028,76.0,-1.6065279350677362,11.219407227076683,44.7458,-81.1072,WIARTON A,1.0423398886170587,81.19118088622756,1.1135369268636566
28,618,1054,76.0,-1.628527286900477,12.358775206404447,44.4833,-79.55,BARRIE-ORO,1.0279765078869185,82.32562300046976,1.1135369268636566
29,620,1059,80.0,-1.5131887286064079,12.576260729874983,44.5472,-79.2167,LAGOON CITY,1.0890663799192788,81.79754309897558,1.1135369268636566
30,623,1102,74.0,-1.3803565049833204,14.473210899310928,44.2186,-76.5967,KINGSTON A,1.026226413231123,80.29586017813047,1.1135369268636566
31,627,1018,78.0,-1.2026810418927736,10.75774702274823,45.2333,-81.6333,TOBERMORY RCS,1.0665215569074968,81.43846669842655,1.1135369268636566
32,629,1016,76.0,-1.1183024600454283,10.66923702540505,45.3333,-81.7333,COVE ISLAND (AUT),1.0371673791674056,81.59609349608965,1.1135369268636566
33,629,1055,72.0,-1.1177117079756498,12.424309244301325,44.9667,-79.3,MUSKOKA A,1.0023319659724275,79.98812913883339,1.1135369268636566
34,631,1112,80.0,-1.049403624583132,14.937137653778311,44.4167,-75.85,GRENADIER ISLAND,1.1390438615806253,78.20853713699326,1.1135369268636566
35,633,1053,78.0,-0.9647414367555113,12.31469598686252,45.1403,-79.4028,BEATRICE CLIMATE,1.090200285087329,79.66965472624852,1.1135369268636566
36,635,1042,77.0,-0.864689730664254,11.829329505586019,45.3442,-80.0442,PARRY SOUND CCG,1.072496659176269,79.94648993532152,1.1135369268636566
37,637,1077,77.0,-0.7819622248401432,13.376963697208172,45.0714,-77.8789,BANCROFT AUTO,1.1229376577268475,76.3553905049983,1.1135369268636566
38,639,1000,77.0,-0.6883970505338951,9.992710779507949,45.8833,-82.5667,GORE BAY A,1.0512589068540834,81.56158564695303,1.1135369268636566
39,644,1112,76.0,-0.4461626144289343,14.929598665935082,45.0,-75.6333,KEMPTVILLE CS,1.0844266566869805,78.04013846375412,1.1135369268636566
40,645,1068,77.0,-0.39870248083069254,13.001626368921663,45.5333,-78.2667,ALGONQUIN PARK EAST GATE,1.117258866426708,76.74348885923675,1.1135369268636566
41,647,968,77.0,-0.3282026503152139,8.56463998274487,46.4833,-84.5094,SAULT STE MARIE A,1.0471686234884914,81.88016852802875,1.1135369268636566
42,649,998,72.0,-0.227597160255603,9.91027875327784,46.3514,-82.5614,ELLIOT LAKE A,0.9955942444162925,80.52945181617528,1.1135369268636566
43,651,1109,70.0,-0.14229068458931268,14.818651720335906,45.3225,-75.6692,OTTAWA MACDONALD-CARTIER INT'L A,0.9862002662756231,79.03829226778082,1.1135369268636566
44,652,1108,74.0,-0.0926557441963778,14.770203286375427,45.3833,-75.7167,OTTAWA CDA RCS,1.0450697746821993,78.84806793208479,1.1135369268636566
45,656,1110,70.0,0.06410095049558565,14.835748466185432,45.5167,-75.5667,GATINEAU A,0.9910275522291911,78.65329748413424,1.1135369268636566
46,657,1141,75.0,0.1010906457365428,16.207356591627608,45.1672,-73.6789,STE-CLOTILDE,1.0717742441155829,77.92244493026625,1.1135369268636566
47,658,1081,73.0,0.16636607784747412,13.543748046258958,45.95,-77.3167,PETAWAWA A,1.0525585678822467,77.22914253085146,1.1135369268636566
48,658,1154,74.0,0.14685930964715913,16.805827936033086,45.0333,-72.85,FRELIGHSBURG,1.0629234129545195,77.52367817250857,1.1135369268636566
49,660,1046,74.0,0.2247059616752298,12.02855117692835,46.3636,-79.4228,NORTH BAY A,1.0686056389993586,77.11145213969814,1.1135369268636566
50,661,1024,72.0,0.27785930544065024,11.04782465123829,46.6256,-80.7978,SUDBURY A,0.9683133470872702,82.79825841020599,1.1135369268636566
51,661,1135,73.0,0.29875596700283863,15.963370852402406,45.4272,-73.9292,STE-ANNE-DE-BELLEVUE 1,1.0259151812717544,79.23481116663046,1.1135369268636566
52,661,1145,75.0,0.2903801318541239,16.391939646159297,45.2939,-73.3494,L'ACADIE,1.062849647732481,78.57674854853508,1.1135369268636566
53,663,1107,77.0,0.3596178026937318,14.694185981330756,45.8394,-75.6481,HIGH FALLS,1.1221834493305487,76.40670820769289,1.1135369268636566
54,663,1138,70.0,0.3730154780297401,16.072237754624673,45.4667,-73.75,MONTREAL/PIERRE ELLIOTT TRUDEAU INTL A,0.973854366735921,80.04028892093362,1.1135369268636566
55,666,1132,72.0,0.5070676872066261,15.82450983689447,45.6667,-74.0333,MONTREAL/MIRABEL INT'L A,1.0045119371320064,79.81454054502416,1.1135369268636566
56,666,1142,72.0,0.4892824791896059,16.280985270212184,45.5167,-73.4167,MONTREAL/ST-HUBERT A,0.9934162334095203,80.7060082549834,1.1135369268636566
57,668,1049,76.0,0.6116695306403618,12.166449577432108,46.7097,-79.1011,BARRAGE TEMISCAMINGUE,1.0952062720645217,77.27202500594535,1.1135369268636566
58,669,1266,82.0,0.6616967255468574,21.753266688790557,43.8308,-66.0886,YARMOUTH A,1.1176061377904745,81.70143748793404,1.1135369268636566
59,670,1167,76.0,0.6886805319462729,17.390734475406397,45.3689,-71.8236,LENNOXVILLE,1.0962567995405275,77.19797631094123,1.1135369268636566
60,671,1098,75.0,0.7391769186864998,14.331629182838835,46.3018,-76.0061,MANIWAKI UA,1.0893754612760325,76.66343926725612,1.1135369268636566
61,671,1099,75.0,0.7156331962537236,14.348255532286624,46.2747,-75.9919,MANIWAKI AIRPORT,1.0864847965880742,76.8674074198186,1.1135369268636566
62,672,1140,73.0,0.7652575197208127,16.182646599358296,45.8094,-73.4347,L'ASSOMPTION,1.012724047023967,80.26687615439153,1.1135369268636566
63,672,1169,74.0,0.7807929838028224,17.463999638422727,45.4333,-71.6833,SHERBROOKE A,1.0607421416915104,77.68309502298912,1.1135369268636566
64,673,1126,76.0,0.8244980392844867,15.547958374592634,46.05,-74.2833,STE AGATHE DES MONTS,1.0832079133759762,78.12794330303572,1.1135369268636566
65,677,1258,84.0,1.0130631992300436,21.40976422531739,44.2858,-66.3467,BRIER ISLAND,1.154392879432078,81.02709530100725,1.1135369268636566
66,679,959,76.0,1.1072814606393633,8.146944438375767,47.9667,-84.7833,WAWA (AUT) COMPOSITE,1.0522621601003295,80.42559131231029,1.1135369268636566
67,680,890,73.0,1.1206948848156557,5.08967868562008,48.3694,-89.3272,THUNDER BAY A COMPOSITE,1.0727532105254045,75.77529935448457,1.1135369268636566
68,680,981,73.0,1.1215982693691606,9.121374066660865,47.82,-83.3467,CHAPLEAU A,0.9832741455156667,82.67093773569759,1.1135369268636566
69,682,828,73.0,1.2049970734234212,2.3522807896207825,48.6511,-93.4389,FORT FRANCES RCS,1.008119479665588,80.63349364899857,1.1135369268636566
70,682,1286,82.0,1.2052549376769126,22.638199832678378,43.99,-64.6642,WESTERN HEAD,1.1167904901980603,81.76110810777607,1.1135369268636566
71,684,1149,75.0,1.324199050408167,16.57320591671965,46.2258,-72.6572,NICOLET,1.0493156581743495,79.59022517597629,1.1135369268636566
72,684,1248,79.0,1.2872699655585567,20.949284627149368,44.7121,-66.8019,GRAND MANAN SAR CS,1.1005817552512167,79.92992506235862,1.1135369268636566
73,686,854,74.0,1.3834345065619407,3.5392528701002495,48.7611,-91.6281,ATIKOKAN (AUT),1.0178369434148713,80.957694767347,1.1135369268636566
74,687,1033,74.0,1.4619087606708314,11.451268098154415,47.6975,-79.84945,EARLTON AWOS COMPOSITE,1.0330819966301614,79.76301286509596,1.1135369268636566
75,687,1171,78.0,1.457289482635501,17.54437759271552,46.0492,-71.2661,THETFORD MINES RCS,1.1284313120126803,76.97046277495463,1.1135369268636566
76,687,1274,81.0,1.434103189847353,22.120804518571795,44.4031,-65.2031,KEJIMKUJIK 1,1.0915146070493673,82.63425014510754,1.1135369268636566
77,688,1150,74.0,1.4756375012611829,16.62712774062688,46.3536,-72.5161,TROIS-RIVIERES,1.0404044080747101,79.20163731370256,1.1135369268636566
78,689,766,76.0,1.5321233667437582,-0.36729378923272993,49.0308,-97.56,GRETNA (AUT),1.0678071212772846,79.25476872677811,1.1135369268636566
79,689,795,76.0,1.5318919790453405,0.9194384967178424,49.0236,-95.5983,SPRAGUE,1.0616703065955584,79.71288818749747,1.1135369268636566
80,689,1157,77.0,1.5250089118547172,16.941728866058813,46.3036,-72.0608,LEMIEUX,1.087080667777812,78.87394736195088,1.1135369268636566
81,691,1146,73.0,1.629841227873155,16.420695952523612,46.5633,-72.7333,SHAWINIGAN,1.039775246192934,78.17862173453167,1.1135369268636566
82,691,1237,75.0,1.6361428911410414,20.468694806801608,45.21345,-67.25145,ST. STEPHEN COMPOSITE,1.0986268497953335,76.01786678555376,1.1135369268636566
83,693,746,78.0,1.7062631912498636,-1.2453482523306831,49.191,-98.9049,PILOT MOUND (AUT),1.095462732713146,79.28693300250222,1.1135369268636566
84,693,758,73.0,1.692542360181509,-0.7087051597006615,49.1876,-98.0839,MORDEN CDA CS,1.0268613417656294,79.1618034050016,1.1135369268636566
85,693,871,76.0,1.713228400126756,4.279978525302254,49.0333,-90.4667,UPSALA (AUT),1.035266604826453,81.74590588269257,1.1135369268636566
86,693,1177,76.0,1.7124441297757003,17.80970706466286,46.205,-70.785,BEAUCEVILLE,1.0882929060747943,77.762894501328,1.1135369268636566
87,693,1250,80.0,1.7154081076878958,21.04652747769824,45.0731,-66.4492,POINT LEPREAU CS,1.119028681840433,79.60739129812157,1.1135369268636566
88,694,921,71.0,1.7310415759976887,6.503382184276376,48.8167,-87.1,TERRACE BAY A,0.9873220781201839,80.07632317698028,1.1135369268636566
89,696,649,72.0,1.8530276791510933,-5.55104804817523,49.05,-105.483,CORONACH SPC,1.0214244373146484,78.4929905779076,1.1135369268636566
90,696,716,77.0,1.847991952515984,-2.6003980818173,49.2813,-100.986,MELITA,1.0791589832992523,79.45293019418352,1.1135369268636566
91,697,686,72.0,1.8662740844535828,-3.895667948011187,49.2167,-102.967,ESTEVAN A,1.0113150926324717,79.27762506291404,1.1135369268636566
92,698,755,75.0,1.9070904135438949,-0.8589369087912421,49.3998,-98.3192,DEERWOOD RCS,1.0560159309819837,79.0852363724417,1.1135369268636566
93,698,1156,76.0,1.912047650760465,16.87935615011807,46.6908,-71.9717,DESCHAMBAULT,1.0868901888036502,77.863253632632,1.1135369268636566
94,699,902,77.0,1.9686975720163602,5.651807495974578,49.1539,-88.3447,CAMERON FALLS (AUT),1.0605425175506447,80.84762463510292,1.1135369268636566
95,700,618,69.0,2.0296618475819366,-6.918639867745951,49.0583,-107.586,VAL MARIE SOUTHEAST,0.9820369271345751,78.23946924051178,1.1135369268636566
96,700,642,69.0,2.0064448994585153,-5.860683129353336,49.1678,-105.979,ROCKGLEN (AUT),0.9753800033688453,78.77345002790372,1.1135369268636566
97,700,759,78.0,2.002533166016492,-0.6691504847160616,49.4981,-98.0297,CARMAN U OF M CS,1.0982309803273922,79.08707899450508,1.1135369268636566
98,701,1273,76.0,2.0477520185861904,22.08183244528817,44.9833,-64.9167,GREENWOOD A,1.0227070890664682,82.74979937695305,1.1135369268636566
99,702,1007,72.0,2.1028662985791216,10.272256140147682,48.5697,-81.3767,TIMMINS VICTOR POWER A,0.9795273469100647,81.85035260842443,1.1135369268636566
100,702,1043,73.0,2.11790965152228,11.861579221272638,48.2458,-79.0342,ROUYN,1.000958690599906,81.21034007140531,1.1135369268636566
101,702,1046,72.0,2.120200427078108,11.998605728555281,48.2167,-78.8333,ROUYN A,0.9749487847269375,82.23473888081055,1.1135369268636566
102,702,1256,76.0,2.0923818993230565,21.32172942210499,45.3181,-65.8856,SAINT JOHN A,1.0487209458428042,80.69716427149837,1.1135369268636566
103,702,1297,78.0,2.0884435395051537,23.135648831882524,44.6,-63.5333,MCNABS ISLAND (AUT),1.0439207528741603,83.20160324069663,1.1135369268636566
104,703,1062,73.0,2.1295758090215102,12.715646487269279,48.0564,-77.7867,VAL-D'OR A,0.972455930322699,83.59062156582492,1.1135369268636566
105,703,1164,73.0,2.1447730555135602,17.22765924548009,46.8018,-71.3825,QUEBEC/JEAN LESAGE INTL A COMPOSITE,0.9974798058657466,81.49357529147585,1.1135369268636566
106,703,1165,74.0,2.14518437871605,17.296210159902433,46.7803,-71.2875,STE-FOY (U. LAVAL),1.0140287663089589,81.2617307572555,1.1135369268636566
107,703,1297,80.0,2.1285083347995943,23.143751611246888,44.6333,-63.5,SHEARWATER A,1.0697658004841482,83.27332403856612,1.1135369268636566
108,704,1161,74.0,2.2118538692095133,17.117909468307342,46.9003,-71.5033,VALCARTIER A,1.0118076204390543,81.44011857921564,1.1135369268636566
109,705,1279,76.0,2.245163530071908,22.330642996726787,45.0667,-64.4833,KENTVILLE CDA CS,1.0117922864668847,83.64247046906871,1.1135369268636566
110,707,813,69.0,2.3191516259454263,1.7019727769211224,49.7903,-94.3653,KENORA A,0.9640702276019785,79.69756326228305,1.1135369268636566
111,708,576,66.0,2.3773939182474333,-8.77528238886606,49.1167,-110.467,ONEFOUR CDA,0.9319193451087592,78.8624440073452,1.1135369268636566
112,708,675,76.0,2.392352772509108,-4.39599211308612,49.7,-103.8,WEYBURN,1.065325585374261,79.43938229166518,1.1135369268636566
113,708,1295,78.0,2.353824406162802,23.043207937173968,44.88,-63.5,HALIFAX STANFIELD INT'L A,1.0344123400843463,83.96639998347561,1.1135369268636566
114,709,740,78.0,2.4288455569653005,-1.5193890618839296,49.9058,-99.3574,CARBERRY CS,1.1013113118553464,78.8658750349542,1.1135369268636566
115,709,756,74.0,2.4082966955206366,-0.8221754174048094,49.90155,-98.2754,PORTAGE SOUTHPORT A COMPOSITE,1.0441415926133424,78.91815934816889,1.1135369268636566
116,709,771,73.0,2.4169256900823712,-0.15035553299554535,49.9167,-97.2333,WINNIPEG RICHARDSON INT'L A,1.0216422174234672,79.56620651998101,1.1135369268636566
117,709,836,70.0,2.408289044403697,2.742262906325916,49.8333,-92.75,DRYDEN A,0.9602923611372212,81.1706809665204,1.1135369268636566
118,709,1139,73.0,2.4266194219063992,16.12848954456477,47.4111,-72.7875,LA TUQUE,1.0493981572328621,77.46172899273446,1.1135369268636566
119,709,1242,72.0,2.4355673986902304,20.695842322706284,45.8721,-66.5279,FREDERICTON A,1.0290983627394141,77.90767300490295,1.1135369268636566
120,709,1244,74.0,2.4251909320456875,20.7588346149772,45.8389,-66.4497,GAGETOWN AWOS A,1.046829509152858,78.71552327044525,1.1135369268636566
121,710,732,73.0,2.4461289022730366,-1.9022360052764455,49.91,-99.9519,BRANDON A,1.0315107935445305,78.80498795530801,1.1135369268636566
122,710,1241,74.0,2.4592027999967008,20.625475230667618,45.9203,-66.6089,FREDERICTON CDA CS,1.0558290885074617,78.04457509727743,1.1135369268636566
123,712,559,63.0,2.53608277470264,-9.53527615286293,49.1367,-111.652,MASINASIN AGDM,0.8939058667847753,78.47898643370351,1.1135369268636566
124,712,599,68.0,2.537436513099903,-7.770754446701089,49.4378,-108.989,EASTEND CYPRESS (AUT),0.957717633067728,79.06350307468323,1.1135369268636566
125,712,644,71.0,2.5616572968723665,-5.774769190126448,49.7292,-105.946,ASSINIBOIA AIRPORT,0.9998237209917251,79.07506108066619,1.1135369268636566
126,712,1109,78.0,2.554484863956163,14.795047971056874,47.9222,-74.6242,PARENT,1.0661917012431654,81.46366192317237,1.1135369268636566
127,712,1355,84.0,2.558199415687226,25.705259485464225,43.9322,-60.0094,SABLE ISLAND,1.131402852967403,82.67356018346727,1.1135369268636566
128,713,542,64.0,2.5989722452603856,-10.301243442057196,49.05,-112.817,DEL BONITA AGDM,0.8941372654033607,79.70405224876131,1.1135369268636566
129,713,553,66.0,2.5820012344151984,-9.791876818087163,49.1333,-112.05,MILK RIVER,0.9360480998205507,78.51459469560456,1.1135369268636566
130,713,1268,79.0,2.605983214039064,21.81846865676879,45.6,-64.95,FUNDY PARK (ALMA) CS,1.0921223161683318,80.54905198793676,1.1135369268636566
131,713,1278,80.0,2.601610143838706,22.28150390075132,45.4133,-64.3461,PARRSBORO,1.0791777075905669,82.54706664390258,1.1135369268636566
132,715,754,78.0,2.69047932872118,-0.8860081616431726,50.1826,-98.3822,DELTA MARSH CS,1.1035451810201742,78.70622951302379,1.1135369268636566
133,715,788,74.0,2.6808083374383638,0.5996210592201111,50.1772,-96.0647,PINAWA,1.0307031073067836,79.94710795354587,1.1135369268636566
134,715,921,73.0,2.703334463357099,6.489334819136607,49.7828,-86.9306,GERALDTON A,0.9960197253921712,81.6130379637217,1.1135369268636566
135,715,1163,80.0,2.6894220377912768,17.21183514335496,47.3228,-71.1483,FORET MONTMORENCY RCS,1.0978717138278373,81.1414967951912,1.1135369268636566
136,716,848,72.0,2.724053173483273,3.2714077284853,50.1167,-91.9,SIOUX LOOKOUT A,0.9945368372768657,80.61507199040403,1.1135369268636566
137,716,1309,82.0,2.745014568619623,23.65676532780182,44.9833,-62.4833,MALAY FALLS,1.102294529251715,82.83632511975273,1.1135369268636566
138,717,592,68.0,2.791091450100094,-8.07580326635713,49.6406,-109.514,CYPRESS HILLS PARK,0.9549166611332434,79.29541300166198,1.1135369268636566
139,717,987,74.0,2.791706214675361,9.415332080574757,49.41015,-82.45555,KAPUSKASING A COMPOSITE,1.0159821020073807,81.10549627311444,1.1135369268636566
140,717,1171,78.0,2.765421761788179,17.55235818730697,47.2842,-70.6375,CHARLEVOIX (MRC),1.0701748054490243,81.16046075194436,1.1135369268636566
141,718,528,61.0,2.812988203747359,-10.92062877066302,49.1311,-113.809,WATERTON PARK GATE,0.8290811876577451,81.92895165138356,1.1135369268636566
142,718,536,63.0,2.8090390132346363,-10.571265786085739,49.2006,-113.286,CARDSTON,0.8760142792633814,80.08182977496683,1.1135369268636566
143,718,1298,80.0,2.804635508720081,23.185237070177262,45.2331,-63.0553,UPPER STEWIACKE RCS,1.0565207995117007,84.31727438803343,1.1135369268636566
144,719,563,65.0,2.856562528174021,-9.3643909618418,49.4833,-111.486,FOREMOST AGDM,0.922645830697037,78.44819522075593,1.1135369268636566
145,719,1291,78.0,2.853505215275901,22.845728161553936,45.4167,-63.4667,DEBERT,1.0442111156578564,83.1784674506608,1.1135369268636566
146,720,1161,80.0,2.8986000488602337,17.08311893214299,47.5622,-71.2289,L'ETAPE,1.0758729167546184,82.80062892354624,1.1135369268636566
147,721,554,64.0,2.9502621245868705,-9.764270125749597,49.5,-112.117,WRENTHAM AGDM,0.911812685513871,78.1589952097567,1.1135369268636566
148,721,961,76.0,2.9296590159790448,8.264570518409494,49.7468,-84.1637,NAGAGAMI (AUT),1.0663925074181462,79.35990346231293,1.1135369268636566
149,721,1276,79.0,2.9483979876506776,22.21049334934004,45.7596,-64.2414,NAPPAN AUTO,1.0875054386713177,80.89101359318933,1.1135369268636566
150,722,694,73.0,2.995535908365118,-3.5550168868492085,50.3681,-102.571,BROADVIEW,1.0072984462459025,80.69921676539823,1.1135369268636566
151,722,723,79.0,3.008132497519388,-2.2962437089641146,50.4549,-100.603,SHOAL LAKE CS,1.0989498579792325,80.04861785412895,1.1135369268636566
152,722,760,79.0,3.003904372048266,-0.6603151832297092,50.4995,-98.0367,OAKPOINT MARINE,1.1083518432745638,79.3695772294907,1.1135369268636566
153,723,594,68.0,3.044682502865984,-8.003292419347956,49.9025,-109.466,MAPLE CREEK,0.9575205076642981,79.07977993227053,1.1135369268636566
154,724,564,67.0,3.098854685759743,-9.295091002394907,49.7342,-111.45,BOW ISLAND,0.9528056950668315,78.30240151391195,1.1135369268636566
155,724,891,74.0,3.0628319237385395,5.168523459661336,50.2936,-88.9053,ARMSTRONG (AUT),1.0124085293594223,81.39178029253502,1.1135369268636566
156,725,541,66.0,3.1357359907382967,-10.345348538815898,49.5667,-113.05,BLOOD TRIBE AGDM,0.9307012725297893,78.965656695875,1.1135369268636566
157,725,651,71.0,3.1327570583551307,-5.455457263620255,50.3325,-105.5525,MOOSE JAW A COMPOSITE,0.9953164675303906,79.43314954236462,1.1135369268636566
158,725,774,76.0,3.132752498545924,-0.015706259812682064,50.63275,-97.024725,GIMLI COMPOSITE,1.056675292757749,80.08969928763132,1.1135369268636566
159,725,1267,77.0,3.143485364303546,21.790230230835956,46.1053,-64.6838,MONCTON A,1.0648810625523413,80.51823474350417,1.1135369268636566
160,726,489,71.0,3.170292165436488,-12.649333957750157,49.0817,-116.501,CRESTON CAMPBELL SCIENTIFIC,0.9368805437627747,84.38762266295764,1.1135369268636566
161,726,545,61.0,3.16518878430455,-10.173529005346774,49.6303,-112.8,LETHBRIDGE A,0.86548401488404,78.4829660288803,1.1135369268636566
162,726,664,71.0,3.1741915710209807,-4.882522538616095,50.4333,-104.667,REGINA RCS COMPOSITE,0.9857691699093647,80.20246952396451,1.1135369268636566
163,726,732,76.0,3.190349735680813,-1.8675357401014678,50.655,-99.9419,WASAGAMING,1.081539958147036,78.248432528216,1.1135369268636566
164,726,829,76.0,3.188937835040126,2.3995117841802442,50.6306,-93.2214,EAR FALLS (AUT),1.0579842766662448,79.99060884752183,1.1135369268636566
165,727,527,62.0,3.2197105976804714,-10.956741179292207,49.5206,-113.997,PINCHER CREEK (AUT),0.8439532664644736,81.80463564620013,1.1135369268636566
166,727,545,63.0,3.2174458259035728,-10.135335810670703,49.68915,-112.7585,LETHBRIDGE CDA COMPOSITE,0.8939224381671497,78.47753160357843,1.1135369268636566
167,727,556,66.0,3.234234661046603,-9.653124284583617,49.8,-112.033,FINCASTLE AGDM,0.9410874338513432,78.09416482402055,1.1135369268636566
168,727,566,67.0,3.221146255468036,-9.228122352966734,49.8667,-111.383,BOW ISLAND IRRIGATION AGDM,0.9517048625319403,78.39297353317988,1.1135369268636566
169,727,573,68.0,3.2161300997674656,-8.923334960260773,49.9167,-110.917,SEVEN PERSONS AGDM,0.961540622493969,78.74915448744193,1.1135369268636566
170,727,679,77.0,3.2308577774768055,-4.226503991244114,50.55,-103.65,INDIAN HEAD CDA,1.0591255712013647,80.95578626361002,1.1135369268636566
171,728,553,66.0,3.267530353212105,-9.822486970496383,49.8,-112.3,BARNWELL AGDM,0.939525487934408,78.2239951090419,1.1135369268636566
172,728,620,71.0,3.239737027524128,-6.847848201400339,50.2667,-107.733,SWIFT CURRENT CDA,0.998595523266247,79.17231748518486,1.1135369268636566
173,728,621,68.0,3.2683382675249044,-6.811573228356866,50.3,-107.683,SWIFT CURRENT A,0.9563386935487062,79.1775043062944,1.1135369268636566
174,728,738,72.0,3.238015104367025,-1.604296915523847,50.7119,-99.53,MCCREARY,1.0287035012670178,77.9375773830214,1.1135369268636566
175,729,530,61.0,3.2884978068758657,-10.821872555980045,49.6167,-113.817,BROCKET AGDM,0.8392839861534986,80.93297818059399,1.1135369268636566
176,729,576,63.0,3.2973173390410704,-8.779173353024989,50.022,-110.719,MEDICINE HAT A COMPOSITE,0.8893437503549945,78.88156448438284,1.1135369268636566
177,729,1213,76.0,3.3020657185607187,19.387549788287743,47.1578,-67.8319,ST LEONARD A COMPOSITE,1.0840702908148223,78.06579255855094,1.1135369268636566
178,731,471,69.0,3.4054207760822335,-13.42696425884179,49.1119,-117.739,WARFIELD RCS,0.9333867454994179,82.31748342695983,1.1135369268636566
179,731,1299,79.0,3.3983083590013163,23.20151034990656,45.7667,-62.6833,CARIBOU POINT (AUT),1.0714751201606596,82.10122248012489,1.1135369268636566
180,732,547,67.0,3.420719141938451,-10.07685408044761,49.9,-112.733,IRON SPRINGS AGDM,0.9520236114536829,78.36672662555566,1.1135369268636566
181,732,1203,75.0,3.424540786966939,18.982279408560863,47.4167,-68.3245,EDMUNDSTON,1.0834478795989408,77.08286765551568,1.1135369268636566
182,732,1263,77.0,3.419170347604767,21.608220895106566,46.4303,-64.7681,BUCTOUCHE CDA CS,1.0807324194465588,79.33725483354155,1.1135369268636566
183,733,556,70.0,3.4919469342595337,-9.668283227416524,50.05,-112.133,VAUXHALL CDA CS,0.9964317681185627,78.22671594226128,1.1135369268636566
184,734,586,68.0,3.509125391368239,-8.333259311197898,50.3069,-110.091,SCHULER AGDM,0.9625561114624609,78.66607476179502,1.1135369268636566
185,734,1183,75.0,3.5026325469840005,18.071611554798213,47.8058,-69.5486,RIVIERE-DU-LOUP,1.0595494891053836,78.8214900516721,1.1135369268636566
186,734,1327,82.0,3.527571178938827,24.45827343914825,45.35,-60.9833,HART ISLAND (AUT),1.0843039009980044,84.21073457245441,1.1135369268636566
187,735,474,66.0,3.5652891404836695,-13.311122271809033,49.2964,-117.632,CASTLEGAR A,0.886887943481,82.86665492885439,1.1135369268636566
188,735,502,65.0,3.571559414933753,-12.065385886346006,49.6122,-115.782,CRANBROOK A,0.8450111488237972,85.65555655317209,1.1135369268636566
189,735,515,66.0,3.5657829046224143,-11.467856191599479,49.74515,-114.8835,SPARWOOD COMPOSITE,0.8753763456896813,83.95638919749217,1.1135369268636566
190,735,767,72.0,3.584645139984343,-0.3490100752920779,51.0834,-97.5545,FISHER BRANCH (AUT),1.0015228122066568,80.05275342409257,1.1135369268636566
191,735,1139,70.0,3.5858890255644726,16.122340479606144,48.5167,-72.2667,ROBERVAL A,0.9790528427484962,79.61529906969434,1.1135369268636566
192,735,1315,81.0,3.5504531204191316,23.905245644814915,45.6084,-61.6797,TRACADIE,1.0804980184945134,83.4767760163312,1.1135369268636566
193,736,446,64.0,3.6280316709637113,-14.524794319905412,49.0283,-119.441,OSOYOOS CS,0.8504506185688508,83.79835555790643,1.1135369268636566
194,736,540,67.0,3.6081148703473227,-10.361061959962393,50.0258,-113.224,BARONS AGCM,0.9465020557982572,78.82389017839296,1.1135369268636566
195,736,820,72.0,3.6085516827729736,2.018623133323337,51.0669,-93.7931,RED LAKE A,1.0080706520099925,79.5327773646847,1.1135369268636566
196,736,1157,74.0,3.6254941753179493,16.906447140250897,48.3072,-71.1292,LATERRIERE,1.0301591813370758,79.98932017570216,1.1135369268636566
197,736,1281,80.0,3.631858308369431,22.414812996378107,46.3028,-63.5756,MAPLE PLAINS,1.1051053803746784,80.61037049596986,1.1135369268636566
198,737,534,63.0,3.6421323328406863,-10.62702051987502,50.0036,-113.639,CLARESHOLM,0.8843625452417752,79.32586784668875,1.1135369268636566
199,737,552,68.0,3.6601523349675458,-9.831331034647569,50.1833,-112.433,ENCHANT AGDM,0.9655278104555471,78.42395652073743,1.1135369268636566
200,737,563,67.0,3.6503923431492087,-9.35506824693226,50.265,-111.701,ROLLING HILLS AGCM,0.950347388346136,78.50494988964141,1.1135369268636566
201,737,731,71.0,3.637650982133446,-1.9186062210436028,51.1,-100.05,DAUPHIN A,0.9986525378185173,79.16779742033481,1.1135369268636566
202,737,1158,74.0,3.677953743438618,16.97946760951628,48.3333,-71.0,BAGOTVILLE A,1.0292059360359505,80.06340587704526,1.1135369268636566
203,737,1160,76.0,3.662019493356082,17.041652278761006,48.2981,-70.9195,LA BAIE,1.061153832360242,79.7516852513312,1.1135369268636566
204,737,1256,78.0,3.6767683756974234,21.31198319515317,46.7833,-65.0167,KOUCHIBOUGUAC CS,1.1224738764216682,77.37897702550804,1.1135369268636566
205,738,1276,78.0,3.684710788877479,22.195185432129644,46.44,-63.8349,SUMMERSIDE COMPOSITE,1.0813844567095283,80.31914991607434,1.1135369268636566
206,739,713,78.0,3.760196423505861,-2.739158794258717,51.1833,-101.363,ROBLIN,1.075388351487416,80.76699006013138,1.1135369268636566
207,739,1155,74.0,3.7341605230781916,16.86002063192468,48.425,-71.1425,JONQUIERE,1.0211278548887017,80.69678267359772,1.1135369268636566
208,739,1248,74.0,3.765619739795685,20.940153426022277,47.00945,-65.4664,MIRAMICHI RCS COMPOSITE,1.088622582680123,75.69357268433886,1.1135369268636566
209,739,1287,78.0,3.745334014783396,22.703007279034583,46.2886,-63.1286,CHARLOTTETOWN A,1.07425846903233,80.85193908092083,1.1135369268636566
210,740,1052,72.0,3.7814550733955166,12.289198024598608,49.76225,-77.8049,MATAGAMI COMPOSITE,0.9438981177363777,84.93994979718282,1.1135369268636566
211,740,1171,74.0,3.802860285901953,17.561084638260063,48.2603,-70.1144,POINTE CLAVEAU,1.092119096243214,75.45123317719168,1.1135369268636566
212,741,387,82.0,3.8239210122061644,-17.15789936957119,48.4133,-123.325,VICTORIA GONZALES CS,1.0544330846174024,86.59632302409345,1.1135369268636566
213,741,1133,77.0,3.8382573925206396,15.845783579360823,48.8417,-72.5469,NORMANDIN,1.0482248700436725,81.7976617602378,1.1135369268636566
214,742,380,83.0,3.8731095045639248,-17.440320329245736,48.3667,-123.75,VICTORIA MARINE,1.0593049406369828,87.24925315094559,1.1135369268636566
215,742,385,84.0,3.866425232576927,-17.22336588045333,48.432,-123.439,ESQUIMALT HARBOUR,1.0796393503020338,86.6373588832046,1.1135369268636566
216,742,387,80.0,3.860863145810521,-17.13098660583699,48.457,-123.305,VICTORIA UNIVERSITY CS,1.0328875830035609,86.2465147369144,1.1135369268636566
217,742,540,68.0,3.8753849419885085,-10.387030233865174,50.2819,-113.35,CHAMPION AGDM,0.9633018145286032,78.60517844428942,1.1135369268636566
218,742,630,73.0,3.8673502491107055,-6.388839086316044,50.95,-107.15,LUCKY LAKE,1.0235748446588848,79.41597635504311,1.1135369268636566
219,742,697,70.0,3.887198018830976,-3.425408340145934,51.2667,-102.467,YORKTON A,0.9618660694816836,81.03787767714815,1.1135369268636566
220,744,386,77.0,3.9669161304813976,-17.202327127922683,48.5338,-123.459,VICTORIA HARTLAND CS,0.9996408156274375,85.77315174419351,1.1135369268636566
221,744,562,70.0,3.9532646939536473,-9.393077020352113,50.5553,-111.849,BROOKS,0.9911361855463786,78.64467670251206,1.1135369268636566
222,745,639,72.0,4.004028274264496,-6.011103315258324,51.1333,-106.583,ELBOW CS,1.0037966666867946,79.87141359894497,1.1135369268636566
223,746,387,78.0,4.066814708077395,-17.144251143372646,48.6472,-123.426,VICTORIA INT'L A,1.0158995416399494,85.49652474018762,1.1135369268636566
224,746,447,62.0,4.074800059239958,-14.502483686793461,49.4631,-119.602,PENTICTON A,0.8137361959985068,84.84234793172872,1.1135369268636566
225,746,597,69.0,4.042323964101323,-7.864251449612356,50.9095,-109.501,LEADER AIRPORT,0.9704777426694681,79.17136537541487,1.1135369268636566
226,746,1294,79.0,4.050689586418005,22.98365073703906,46.4503,-62.5758,ST. PETERS,1.0838777694918764,81.16175061277349,1.1135369268636566
227,747,394,80.0,4.113870510243994,-16.861279139610314,48.7839,-123.045,SATURNA ISLAND CS,1.023249939224993,87.05884137805447,1.1135369268636566
228,748,870,72.0,4.132586328310283,4.232948026607022,51.4478,-90.216,PICKLE LAKE (AUT) COMPOSITE,0.9900255982700349,80.98240982281672,1.1135369268636566
229,749,405,76.0,4.198174141908334,-16.35606704872496,49.0253,-122.36,ABBOTSFORD A,0.9756960392205432,86.73685557773253,1.1135369268636566
230,749,422,79.0,4.1991101393692425,-15.578263258483593,49.2667,-121.233,HOPE SLIDE,1.01100394512749,87.01194258063526,1.1135369268636566
231,749,447,62.0,4.1788700064708015,-14.503447269573998,49.5626,-119.649,SUMMERLAND CS,0.8138705692879011,84.82834012041113,1.1135369268636566
232,749,658,77.0,4.190016549970016,-5.148031551390762,51.4167,-105.25,LAST MOUNTAIN CS,1.059401161145618,80.93472662969452,1.1135369268636566
233,749,1154,75.0,4.20185281218835,16.777550400371577,48.8942,-71.0317,ONATCHIWAY,1.0236705226744047,81.58413050381216,1.1135369268636566
234,750,434,67.0,4.249087464114037,-15.0688028537222,49.4664,-120.5115,PRINCETON A COMPOSITE,0.8711794075264543,85.63904685453608,1.1135369268636566
235,750,561,72.0,4.2504422562418815,-9.465240944258065,50.8333,-112.05,ROSEMARY AGDM,1.0165353967690052,78.87050366274845,1.1135369268636566
236,751,399,82.0,4.2800796662597635,-16.622603912934878,49.0181,-122.784,WHITE ROCK CAMPBELL SCIENTIFIC,1.047096617203,87.20305891802687,1.1135369268636566
237,751,415,77.0,4.282087444883862,-15.91382619343588,49.2431,-121.76,AGASSIZ RCS,0.9916502035080496,86.46430269986382,1.1135369268636566
238,751,1238,75.0,4.264025097535811,20.52416016276687,47.6292,-65.7483,BATHURST A,1.0895075626509232,76.65414392495816,1.1135369268636566
239,752,1092,77.0,4.314826475256753,14.041572275934413,49.8225,-74.9753,CHAPAIS,1.0044709707378392,85.36069818475599,1.1135369268636566
240,752,1098,74.0,4.341123900397775,14.331937270448247,49.7667,-74.5333,CHIBOUGAMAU CHAPAIS A,0.9694154672720594,85.00146260280903,1.1135369268636566
241,753,419,76.0,4.348558395632354,-15.712158813189633,49.3683,-121.498,HOPE A,0.9784975735663257,86.48851946887478,1.1135369268636566
242,753,555,70.0,4.359475769684267,-9.711349543044342,50.8925,-112.465,BASSANO AGCM,0.9919725053930152,78.57837234064614,1.1135369268636566
243,754,633,74.0,4.388030623549306,-6.257256460178759,51.4833,-107.05,OUTLOOK PFRA,1.030154753295195,79.98966400371309,1.1135369268636566
244,754,1193,78.0,4.416708703505286,18.502904398959508,48.5139,-68.4683,POINTE-AU-PERE (INRS),1.148260776837294,75.64124983402833,1.1135369268636566
245,755,402,81.0,4.440452463283688,-16.502915772943545,49.2083,-122.69,PITT MEADOWS CS,1.029464730346472,87.6149404803796,1.1135369268636566
246,755,657,77.0,4.448566909522275,-5.214211817459767,51.6667,-105.4,WATROUS EAST,1.0565025567444168,81.15677791894248,1.1135369268636566
247,755,674,73.0,4.473443711760957,-4.46219952097385,51.7667,-104.2,WYNYARD (AUT),0.9940323886536662,81.77620426548174,1.1135369268636566
248,755,1227,74.0,4.445044420877726,20.023108968557214,47.98665,-66.33375,CHARLO A COMPOSITE,1.1008141351179301,74.85526389891686,1.1135369268636566
249,755,1317,80.0,4.446991408341724,24.01922014584583,46.3684,-60.9759,NORTHEAST MARGAREE (AUT),1.060728764682268,83.98278345527524,1.1135369268636566
250,756,453,70.0,4.506705494696645,-14.223333606531101,49.9561,-119.378,KELOWNA A,0.9192415219370602,84.79554395693734,1.1135369268636566
251,756,567,71.0,4.495893017200723,-9.19575838743062,51.1253,-111.705,POLLOCKVILLE AGDM,0.9986215088124333,79.17025730933793,1.1135369268636566
252,757,384,75.0,4.547856150701866,-17.285246670498605,49.0544,-123.87,NANAIMO A,0.9766143998960402,85.51509124139925,1.1135369268636566
253,757,395,79.0,4.531847882450481,-16.812356613135417,49.195,-123.182,VANCOUVER INT'L A,1.012558803674449,86.87832934047768,1.1135369268636566
254,757,477,78.0,4.53565887991749,-13.171565240541375,50.2694,-117.817,NAKUSP CS,1.0231441062628568,84.89115048770167,1.1135369268636566
255,757,621,73.0,4.543253953489351,-6.782143420224657,51.5667,-107.917,ROSETOWN EAST,1.0180126588280278,79.84988689102232,1.1135369268636566
256,757,1195,74.0,4.5562730774171545,18.628454874362962,48.6,-68.2167,MONT-JOLI A,1.0749036959757423,76.6596420650601,1.1135369268636566
257,757,1332,79.0,4.547908489350023,24.68599969266512,46.1667,-60.0481,SYDNEY A,1.03133245680276,85.29685713076789,1.1135369268636566
258,758,544,68.0,4.601576348302695,-10.188871211149374,51.0333,-113.283,STRATHMORE AGDM,0.9650494054905762,78.46283371185194,1.1135369268636566
259,758,587,70.0,4.597677436781176,-8.312432835564865,51.3833,-110.35,OYEN AGDM,0.980908724549698,79.46466672140066,1.1135369268636566
260,758,1314,79.0,4.588363646646774,23.89393865227279,46.55,-61.05,GRAND ETANG,1.0530334234869756,83.53905513362551,1.1135369268636566
261,759,396,78.0,4.613994097564178,-16.742374252793955,49.2954,-123.122,VANCOUVER HARBOUR CS,0.9979729949548677,87.03229519681861,1.1135369268636566
262,759,556,69.0,4.648897319967058,-9.67540328145398,51.1833,-112.5,HUSSAR AGDM,0.9738898573306606,78.89398105468223,1.1135369268636566
263,759,603,71.0,4.610409614867476,-7.570753106418949,51.5167,-109.183,KINDERSLEY A,0.9905267287047136,79.81725229232917,1.1135369268636566
264,759,1207,75.0,4.623485216674943,19.159314658896264,48.4719,-67.4347,AMQUI,1.1151700856470954,74.89016302505385,1.1135369268636566
265,760,396,77.0,4.67786479441112,-16.76938595703542,49.347,-123.193,WEST VANCOUVER AUT,0.9859470018498819,86.9644546893774,1.1135369268636566
266,760,716,73.0,4.685995917015492,-2.6066397449072096,52.115,-101.233,SWAN RIVER RCS,1.0297594633404907,78.93901299761004,1.1135369268636566
267,760,1250,77.0,4.662707364772209,21.02564696281144,47.8022,-64.8333,BAS CARAQUET,1.0888671823323537,78.74453813994234,1.1135369268636566
268,761,1241,76.0,4.7250359023055095,20.634839340816264,48.0119,-65.3317,NEW CARLISLE 1,1.1304257305431598,74.86454364496329,1.1135369268636566
269,761,1315,77.0,4.704626271084214,23.916315122938823,46.645,-60.9472,CHETICAMP CS,1.018840317689047,84.15680247419337,1.1135369268636566
270,762,531,62.0,4.76924219822372,-10.758306236355214,51.0761,-114.222,COP UPPER,0.8678883018944381,79.54858858547445,1.1135369268636566
271,762,534,61.0,4.778503714622416,-10.625797002736029,51.1139,-114.02,CALGARY INT'L A,0.8604434983540185,78.9427227570681,1.1135369268636566
272,763,529,65.0,4.816583810372801,-10.845805340030955,51.1031,-114.374,SPRINGBANK A,0.9058137371571345,79.9059423334642,1.1135369268636566
273,764,395,79.0,4.8334767565191905,-16.7885490023161,49.4878,-123.299,HOWE SOUND - PAM ROCKS,1.0169842440118648,86.50027543711145,1.1135369268636566
274,764,590,70.0,4.864690176494659,-8.17501403860561,51.6697,-110.206,ESTHER 1,0.9774054953783124,79.74948498758516,1.1135369268636566
275,764,774,75.0,4.859701908610029,-0.013483923037703209,52.3597,-97.022,BERENS RIVER CS,1.0592808840982668,78.84147705154541,1.1135369268636566
276,764,1005,77.5,4.853192638299974,10.190266595970183,51.279125,-80.6314,MOOSONEE UA,1.0346794105238526,83.40661943610206,1.1135369268636566
277,765,382,82.0,4.890221179886947,-17.364549459480404,49.3503,-124.16,BALLENAS ISLAND,1.05796708018348,86.30705974989715,1.1135369268636566
278,765,520,62.0,4.895315794269249,-11.275867224351842,51.0833,-115.067,BOW VALLEY,0.8398925362458535,82.20014643080185,1.1135369268636566
279,765,1322,77.0,4.883307348938683,24.243318232091806,46.6628,-60.4064,INGONISH BEACH RCS,0.9753993019015044,87.9048643989698,1.1135369268636566
280,766,372,77.0,4.945895438594795,-17.81291919406879,49.25,-124.833,PORT ALBERNI A,0.9613708476157246,89.18758414731352,1.1135369268636566
281,766,379,79.0,4.9296002355417565,-17.512957381789764,49.3372,-124.394,QUALICUM BEACH AIRPORT,1.00281880868272,87.72214527745395,1.1135369268636566
282,766,555,67.0,4.927662707280547,-9.731934430373395,51.4453,-112.677,DRUMHELLER EAST,0.9424630306234957,79.16169831140009,1.1135369268636566
283,766,1252,78.0,4.942492261216898,21.153051514564137,48.0089,-64.4942,MISCOU ISLAND (AUT),1.0876289040330653,79.85801036851139,1.1135369268636566
284,767,358,84.0,5.0044347021713405,-18.449748667971477,49.0822,-125.773,TOFINO A,1.054223739229731,88.72604398463848,1.1135369268636566
285,768,640,71.0,5.039762809078846,-5.965341609252912,52.1667,-106.717,SASKATOON DIEFENBAKER INT'L A,0.9785098318301588,80.79747309175974,1.1135369268636566
286,768,900,75.0,5.02058830583224,5.562715540897963,52.1961,-87.9361,LANSDOWNE HOUSE (AUT),1.0316212425702331,80.95536042540196,1.1135369268636566
287,769,379,78.0,5.079148563625665,-17.48702781581934,49.4866,-124.435,SISTERS ISLAND,1.003597148713256,86.5445666189127,1.1135369268636566
288,769,399,78.0,5.08339526237996,-16.606789185471683,49.7832,-123.161,SQUAMISH AIRPORT,0.9913985945398252,87.60944465094877,1.1135369268636566
289,769,513,64.0,5.069347677214045,-11.553046379784682,51.18835,-115.5595,BANFF CS COMPOSITE,0.8451338838041234,84.32553076500649,1.1135369268636566
290,769,1145,77.0,5.0684658115503245,16.386396578181373,49.8403,-71.1683,CHUTE-DES-PASSES,1.0231732689961957,83.80041383667185,1.1135369268636566
291,769,1191,75.0,5.058478584630331,18.448044213540186,49.1333,-68.2,BAIE-COMEAU A,1.0763453988829763,77.59151439811589,1.1135369268636566
292,770,556,71.0,5.138070948144064,-9.687548815657058,51.6603,-112.675,MORRIN AGDM,0.9970075788971746,79.29841606096106,1.1135369268636566
293,771,424,64.0,5.184233667687611,-15.498892268984644,50.22885,-121.5825,LYTTON COMPOSITE,0.8177827346102631,87.14583996840918,1.1135369268636566
294,771,570,73.0,5.1715504380844495,-9.052190682327568,51.8158,-111.683,SPONDIN AGCM,1.021600550927888,79.56945166798842,1.1135369268636566
295,771,584,71.0,5.18190198753528,-8.438819655987178,51.9369,-110.713,CONSORT AGDM,0.9903110881598981,79.83463252362799,1.1135369268636566
296,771,1296,80.0,5.160340225196276,23.067063733372112,47.42100000000001,-61.779,ILES DE LA MADELEINE COMPOSITE,1.079246358670525,82.5418158082366,1.1135369268636566
297,772,459,77.0,5.207853828775503,-13.959067681366966,50.703,-119.291,SALMON ARM CS,1.010895834249119,84.8181785536686,1.1135369268636566
298,772,562,73.0,5.1987883260020045,-9.406860009659002,51.775,-112.252,CRAIGMYLE AGCM,1.0232132466453328,79.44404153049743,1.1135369268636566
299,772,1191,72.0,5.1887276143913486,18.43614600800423,49.2592,-68.1458,BAIE-COMEAU,1.0512817505629974,76.2637215867649,1.1135369268636566
300,773,476,78.0,5.258987524420587,-13.208070252451712,50.9572,-118.1745,REVELSTOKE A COMPOSITE,1.0101615042852272,85.98217208526762,1.1135369268636566
301,774,549,73.0,5.3099265254253885,-9.989132869980383,51.7675,-113.206,THREE HILLS,1.0289986684041694,78.99737692286168,1.1135369268636566
302,774,593,71.0,5.301782684398907,-8.034036962194845,52.1242,-110.101,BODO AGDM,0.9879212803273187,80.02775462142594,1.1135369268636566
303,776,375,79.0,5.398827057118161,-17.69177543345937,49.7167,-124.9,COMOX A,1.0330206696957813,85.15746083583726,1.1135369268636566
304,776,405,74.0,5.367198301998756,-16.368037148016132,50.1289,-122.955,WHISTLER,0.9345735331420615,88.17041106532702,1.1135369268636566
305,776,494,71.0,5.3944151406758785,-12.392954006362155,51.2992,-116.982,GOLDEN A,0.9006892521828451,87.77846700814162,1.1135369268636566
306,776,574,71.0,5.3949422586397935,-8.86254343967241,52.07045,-111.4495,CORONATION A COMPOSITE,0.9923540316677584,79.67027823170007,1.1135369268636566
307,776,1213,80.0,5.405639870783257,19.402403838180682,49.1092,-66.6544,CAP-CHAT,1.150960563481896,77.39878930308264,1.1135369268636566
308,776,1251,80.0,5.366053007944036,21.097471836404118,48.4194,-64.3169,CAP-D'ESPOIR,1.1097003375032837,80.2765856136625,1.1135369268636566
309,777,381,78.0,5.420220326338664,-17.40753530712463,49.8342,-124.5,POWELL RIVER A,1.0219427164700519,84.99094802043196,1.1135369268636566
310,777,443,62.0,5.4168346831905705,-14.660457567490088,50.7022,-120.442,KAMLOOPS A,0.8156376478964951,84.64455955852081,1.1135369268636566
311,777,537,71.0,5.416627615103591,-10.525009840106886,51.7586,-114.085,OLDS AGDM,1.0041778705478763,78.73218891408563,1.1135369268636566
312,777,611,75.0,5.410314696485807,-7.227641306952379,52.3597,-108.835,SCOTT CDA,1.034195472716383,80.75385332660166,1.1135369268636566
313,777,702,70.0,5.427034731484576,-3.2249597601387054,52.8167,-102.317,HUDSON BAY A COMPOSITE,0.9708942221272937,80.28432253893492,1.1135369268636566
314,777,1201,79.0,5.422717212948875,18.882282923933264,49.3167,-67.3811,POINTE-DES-MONTS,1.165420085288439,75.48301108990808,1.1135369268636566
315,778,555,68.0,5.484581550677684,-9.697295705595849,51.9978,-112.803,BIG VALLEY AGCM,0.9533347237437653,79.42699362651203,1.1135369268636566
316,779,529,68.0,5.517534556250312,-10.883216694736563,51.7781,-114.683,SUNDRE A,0.9590479301286616,78.95383395131286,1.1135369268636566
317,779,544,70.0,5.524228340797437,-10.187388476931687,51.9358,-113.591,WIMBORNE AGCM,0.9852124064635732,79.11754294715934,1.1135369268636566
318,780,588,72.0,5.551407514468578,-8.246042385577823,52.3342,-110.51,CADOGAN AGCM,0.9995396031934642,80.21158789309641,1.1135369268636566
319,780,670,78.0,5.541979838388668,-4.606198823522794,52.8167,-104.6,MELFORT,1.0661411679596218,81.4675231626125,1.1135369268636566
320,782,1246,74.0,5.651301920249028,20.85593090429929,48.7769,-64.4781,GASPE A,1.0417366452642056,79.10034936614122,1.1135369268636566
321,783,371,77.0,5.703163327113734,-17.835905794927697,49.9519,-125.273,CAMPBELL RIVER A,0.9825981839101362,87.26084046614028,1.1135369268636566
322,783,571,72.0,5.673227190517969,-9.015923551224448,52.3153,-111.779,ALLIANCE AGCM,1.0069230124750284,79.62342477118786,1.1135369268636566
323,783,744,75.0,5.7063233640495,-1.365436807885565,53.1864,-99.2678,GRAND RAPIDS (AUT),1.034626981117482,80.72017358813792,1.1135369268636566
324,785,541,69.0,5.801064729915265,-10.31761829085488,52.1786,-113.893,RED DEER A,0.9681529646418816,79.36147567550248,1.1135369268636566
325,785,560,71.0,5.80114413522297,-9.50199083700556,52.3469,-112.596,STETTLER AGDM,0.9930335405311608,79.6157617848747,1.1135369268636566
326,785,591,73.0,5.782834529229405,-8.101626068486448,52.5869,-110.343,RIBSTONE SOUTH AGCM,1.0106626691338538,80.43059088222935,1.1135369268636566
327,785,620,70.0,5.765774172302074,-6.816518407766225,52.7719,-108.256,NORTH BATTLEFORD A COMPOSITE,0.9562547500406837,81.51340934739378,1.1135369268636566
328,787,1230,75.0,5.868272928845077,20.155391389530983,49.2508,-65.3247,CAP-MADELEINE,1.0502191777564647,79.5217524909268,1.1135369268636566
329,788,576,71.0,5.899614217282353,-8.776780488424757,52.5822,-111.465,BELLSHILL AGCM,0.9906741225121819,79.80537697586567,1.1135369268636566
330,789,1140,78.0,5.94133415030525,16.191733535969586,50.7289,-71.0131,BONNARD 1,1.0193781244957745,85.20477162321649,1.1135369268636566
331,789,1147,78.0,5.97269704592703,16.505185607563952,50.6564,-70.5319,MANOUANE EST,1.0269375749508123,84.57756577806144,1.1135369268636566
332,790,547,68.0,6.011625811417479,-10.086977829025768,52.4333,-113.6,PRENTISS,0.9492562310274025,79.76825281913034,1.1135369268636566
333,790,657,70.0,6.007061876745139,-5.205649220236125,53.2167,-105.667,PRINCE ALBERT A,0.9526963277802228,81.8178706136859,1.1135369268636566
334,790,680,73.0,6.022339598671445,-4.196613718484254,53.3333,-104.0,NIPAWIN A COMPOSITE,1.0040777050662464,80.95807251858434,1.1135369268636566
335,791,432,67.0,6.040529782467067,-15.168750889719446,51.1447,-121.505,CLINTON (AUT),0.8966217744317005,83.20896974329293,1.1135369268636566
336,791,545,74.0,6.047101757492389,-10.177073514979266,52.4489,-113.756,LACOMBE CDA 2,1.0328682503685056,79.77951937094724,1.1135369268636566
337,792,582,69.0,6.101760253486226,-8.51030655742628,52.8294,-111.096,WAINWRIGHT CFB AIRFIELD 21,0.9569944007856438,80.28683124009446,1.1135369268636566
338,792,1330,85.0,6.07942366355763,24.598257854640586,47.5739,-59.1547,PORT AUX BASQUES,1.0715447905138304,88.33101483142264,1.1135369268636566
339,794,529,71.0,6.182117809439772,-10.874585430531898,52.42735,-114.9145,ROCKY MTN HOUSE A COMPOSITE,1.0032312345300134,78.80647958928193,1.1135369268636566
340,794,596,73.0,6.1838732114001385,-7.88359819250942,53.0189,-110.102,RIVERCOURSE AGCM,1.0041212859880049,80.95455877231348,1.1135369268636566
341,795,535,76.0,6.2439010814346885,-10.582020508956104,52.5531,-114.472,LEEDALE AGDM,1.0687096620128675,79.1878369306059,1.1135369268636566
342,795,564,72.0,6.20569266152084,-9.314940305333598,52.7803,-112.428,ROSALIND AGCM,1.0037596067708692,79.8743625399592,1.1135369268636566
343,795,572,72.0,6.206484689719541,-8.970219103168288,52.8475,-111.872,KILLAM AGDM,1.003470863392946,79.89734596089404,1.1135369268636566
344,796,590,72.0,6.28848290458475,-8.183879472767455,53.0708,-110.621,GILT EDGE NORTH AGCM,0.9926946041073689,80.76467667140825,1.1135369268636566
345,797,366,82.0,6.335759578282908,-18.08989630523469,50.4535,-125.993,FANNY ISLAND,1.03277026482993,88.41271976188837,1.1135369268636566
346,797,632,77.0,6.295206216756323,-6.310304850448561,53.3667,-107.55,SPIRITWOOD WEST,1.0657477477468629,80.45275587001957,1.1135369268636566
347,798,806,72.0,6.37108696084185,1.3946292957132782,53.85,-94.65,ISLAND LAKE A,1.0010516398612206,80.09043244292391,1.1135369268636566
348,799,514,68.0,6.406167945919117,-11.529902496188551,52.492,-116.04,NORDEGG CS,0.9674439711341497,78.26862669675879,1.1135369268636566
349,799,582,74.0,6.39023592991597,-8.509207539713254,53.1133,-111.181,ALBERT HALL AGCM,1.024527892417588,80.42897923790679,1.1135369268636566
350,800,598,71.0,6.467027949933973,-7.816700497910845,53.3092,-110.072,LLOYDMINSTER A,0.972152860197411,81.32581309411053,1.1135369268636566
351,800,763,72.0,6.452753004204012,-0.5033945328851623,53.95,-97.85,NORWAY HOUSE A,0.9949951965845758,80.57793546078524,1.1135369268636566
352,802,560,77.0,6.5168158846192465,-9.491987419918509,53.05,-112.817,CAMROSE,1.0706485465058593,80.08449051589155,1.1135369268636566
353,802,575,73.0,6.519155409001907,-8.823180162448537,53.1822,-111.732,VIKING AGCM,1.0130889227150979,80.23796711071819,1.1135369268636566
354,802,720,71.0,6.530706804739108,-2.4262533068727663,53.9667,-101.1,THE PAS A COMPOSITE,0.9717458274600158,81.35987783345819,1.1135369268636566
355,802,870,75.0,6.5178768261047715,4.222264895214605,53.82445,-89.88115,BIG TROUT LAKE COMPOSITE,1.0171665554566975,82.10579581755589,1.1135369268636566
356,802,1209,74.0,6.5281147544200975,19.221659956798636,50.2167,-66.25835,SEPT-ILES A COMPOSITE,1.030171564710099,79.98835864888125,1.1135369268636566
357,803,468,75.0,6.576161870116752,-13.555416375438215,52.129,-119.29,BLUE RIVER A COMPOSITE,0.9585453921745754,87.12708881246597,1.1135369268636566
358,803,568,72.0,6.581022963586244,-9.12691376887489,53.185,-112.246,HOLDEN AGDM,1.0020221125594924,80.01286371753909,1.1135369268636566
359,803,587,73.0,6.584772918176092,-8.290268669050546,53.3438,-110.882,VERMILION AGDM,1.0058359917513033,80.81655093641324,1.1135369268636566
360,803,1351,83.0,6.597500707225498,25.503301629128412,47.6167,-57.6167,BURGEO,1.0804138352451074,85.54459588969988,1.1135369268636566
361,805,354,84.0,6.6747472272446595,-18.602265614133806,50.5833,-126.933,ALERT BAY,1.031970929799437,90.63927980483524,1.1135369268636566
362,805,1133,79.0,6.681568308578967,15.871063520888601,51.5325,-71.1108,LAC BENOIT,1.0164123087912538,86.54894914333002,1.1135369268636566
363,805,1239,80.0,6.672664893036011,20.54019153843304,49.8386,-64.2933,PORT-MENIER,1.1037610972172158,80.70854678035582,1.1135369268636566
364,806,653,72.0,6.729632151874412,-5.362566278886246,53.9167,-106.067,WASKESIU LAKE,1.0026404992568987,79.96351513189849,1.1135369268636566
365,806,1389,86.0,6.714805284597526,27.17979422671576,46.9167,-55.3833,ST LAWRENCE COMPOSITE,1.1282189528362807,84.88084291575547,1.1135369268636566
366,807,539,70.0,6.762574807232476,-10.4434834705437,53.0894,-114.441,BRETON PLOTS,0.9848031920665543,79.15041858961416,1.1135369268636566
367,808,546,70.0,6.8155085797781725,-10.093559028413027,53.2172,-113.895,THORSBY AGCM,0.9725173128432169,80.15033136281265,1.1135369268636566
368,808,599,73.0,6.817885406962582,-7.761994236902337,53.6642,-110.081,TULLIBY LAKE AGCM,0.9941932829499253,81.76297009355392,1.1135369268636566
369,809,349,84.0,6.867169200978581,-18.822471420345344,50.6803,-127.366,PORT HARDY A,1.036640851398734,90.2309625656157,1.1135369268636566
370,810,551,72.0,6.869367874748275,-9.896363041606373,53.3117,-113.5945,EDMONTON INTERNATIONAL CS COMPOSITE,0.9992591526742138,80.23409995256999,1.1135369268636566
371,810,572,71.0,6.878051683715291,-8.976976249942552,53.5053,-112.098,VEGREVILLE,0.9824525256923472,80.47322363144643,1.1135369268636566
372,811,578,73.0,6.948249156394621,-8.707260567495911,53.6253,-111.678,TWO HILLS AGDM,1.006509501553585,80.76247222264229,1.1135369268636566
373,812,569,72.0,6.961652056468458,-9.083551639856822,53.5667,-112.3,MUNDARE AGDM,0.997670276599337,80.36187968580856,1.1135369268636566
374,814,1236,81.0,7.086274614072902,20.404725115702817,50.2714,-64.2264,LONGUE-POINTE-DE-MINGAN,1.1283951528005485,79.93342655903717,1.1135369268636566
375,815,397,71.0,7.128698629262367,-16.716391235889667,51.6746,-124.403,TATLAYOKO LAKE RCS,0.9222236058086608,85.72879864422262,1.1135369268636566
376,815,432,68.0,7.133331673139345,-15.169367061339733,52.1831,-122.054,WILLIAMS LAKE A,0.9120593981685827,83.02146897315636,1.1135369268636566
377,815,489,67.0,7.097323706908893,-12.626067082342265,52.8833,-118.067,JASPER,0.8637464514284341,86.37601228518224,1.1135369268636566
378,815,490,68.0,7.132905600093984,-12.59280256834153,52.9264,-118.03,JASPER WARDEN,0.8800197036717128,86.0441086839299,1.1135369268636566
379,815,553,69.0,7.1152353415096,-9.795438105772934,53.5732,-113.5175,EDMONTON CITY CENTRE A COMPOSITE,0.9555725338750576,80.40629594282423,1.1135369268636566
380,815,1328,78.0,7.117358910371174,24.517097913492673,48.5333,-58.55,STEPHENVILLE A,0.9863340255029035,88.05929639411951,1.1135369268636566
381,816,537,69.0,7.140820673012801,-10.527039980520042,53.4394,-114.718,TOMAHAWK AGDM,0.9597366123821656,80.0574313434623,1.1135369268636566
382,816,545,69.0,7.165371154454474,-10.146260505635633,53.54735,-114.108,EDMONTON STONY PLAIN COMPOSITE,0.9579604669335208,80.20586507034254,1.1135369268636566
383,816,556,71.0,7.169430466081352,-9.681257865613995,53.65,-113.35,OLIVER AGDM,0.9819589405001735,80.51367378665427,1.1135369268636566
384,816,562,72.0,7.142646703644518,-9.39280651845686,53.6828,-112.868,ELK ISLAND NAT PARK,0.9974899950620872,80.37640390487618,1.1135369268636566
385,816,594,75.0,7.142733701567932,-8.005841552539946,53.9428,-110.579,LINDBERGH AGDM,1.020905749689062,81.80507313256933,1.1135369268636566
386,816,622,74.0,7.1352525405297005,-6.770535142688344,54.1333,-108.517,MEADOW LAKE A COMPOSITE,1.0098222735426428,81.6002327803982,1.1135369268636566
387,817,336,87.0,7.217536626163485,-19.408809155479275,50.7822,-128.42700000000002,CAPE SCOTT,1.1001250740453632,88.06063503388836,1.1135369268636566
388,817,554,68.0,7.200312782906686,-9.746050255364205,53.6667,-113.467,EDMONTON NAMAO A COMPOSITE,0.9407075081816968,80.49315049381246,1.1135369268636566
389,818,713,70.0,7.265476171623048,-2.727125817074123,54.6833,-101.683,FLIN FLON COMPOSITE,0.9769252283023504,79.78869070246984,1.1135369268636566
390,818,1244,75.0,7.2595427423462,20.768642084400955,50.2833,-63.6,HAVRE-SAINT-PIERRE A,1.0257099170146802,81.42191874077294,1.1135369268636566
391,819,571,75.0,7.302630708009056,-9.002126367410352,53.9169,-112.279,ANDREW AGDM,1.0309036552823223,81.01171150848508,1.1135369268636566
392,819,585,74.0,7.282822993053725,-8.397715283859812,54.0111,-111.272,ST. PAUL AGCM,1.0087177965381684,81.68957945493392,1.1135369268636566
393,820,1395,86.0,7.3418976867710075,27.448261560571915,47.3283,-54.5853,MARTICOT ISLAND,1.086284425775055,88.15755196153853,1.1135369268636566
394,823,404,69.0,7.486091580041011,-16.409195423637918,52.1144,-124.136,PUNTZI MOUNTAIN (AUT),0.9145836081899918,84.00986773166737,1.1135369268636566
395,824,514,70.0,7.529917532802947,-11.51067431339382,53.5862,-116.467,EDSON A COMPOSITE,0.9901444553668526,78.72344732928497,1.1135369268636566
396,824,1403,83.0,7.514621430997384,27.815292532611775,47.2939,-53.9933,ARGENTIA (AUT),1.066378475964107,86.67050865418476,1.1135369268636566
397,825,1032,74.0,7.55110484508539,11.40209725081259,53.6333,-77.7,LA GRANDE RIVIERE A,0.9490854690573782,86.82224654619476,1.1135369268636566
398,826,599,69.0,7.579601901793156,-7.751283756222328,54.4167,-110.283,COLD LAKE A,0.9402609724853076,81.7156621427174,1.1135369268636566
399,827,1268,78.0,7.646599951001509,21.855483859627054,50.1833,-61.8167,NATASHQUAN A,1.050198014429954,82.70428919303419,1.1135369268636566
400,827,1333,79.0,7.665818126824087,24.702111897273234,48.9333,-57.9167,CORNER BROOK,0.9880108357363221,89.03689518411915,1.1135369268636566
401,828,570,73.0,7.681597894971211,-9.05791632634179,54.2775,-112.499,SMOKY LAKE AGDM,0.996006953161049,81.61408452326643,1.1135369268636566
402,829,544,72.0,7.743529592078992,-10.221767770910317,54.0947,-114.448,BARRHEAD CS,0.9923000524715335,80.79678977592644,1.1135369268636566
403,829,564,74.0,7.7423996277592515,-9.326787101985772,54.2833,-112.967,ABEE AGDM,1.0127113439569493,81.3674430326254,1.1135369268636566
404,831,581,73.0,7.809699892844955,-8.553772913280616,54.5,-111.7,RICH LAKE AGDM,1.0277912678940824,79.09017930032071,1.1135369268636566
405,833,667,71.0,7.901462901160688,-4.759302141690492,55.1482,-105.2685,LA RONGE RCS COMPOSITE,0.9893553915515885,79.91175110829433,1.1135369268636566
406,834,526,71.0,7.970771424867976,-10.980626536377773,54.1418,-115.7855,WHITECOURT COMPOSITE,0.9930214997388153,79.61672715859052,1.1135369268636566
407,835,432,70.0,8.020634284705773,-15.164130981795742,53.0261,-122.51,QUESNEL A,0.9398106692882345,82.93966798598865,1.1135369268636566
408,835,925,77.0,7.980076893652368,6.671684239981935,54.9833,-85.4333,PEAWANUCK (AUT),0.9982318449925649,85.89421765956604,1.1135369268636566
409,836,490,72.0,8.036429614482419,-12.598464775815508,53.795,-118.447,HENDRICKSON CREEK,0.9742077913746559,82.29728754381324,1.1135369268636566
410,837,1336,75.0,8.075391192008935,24.868387906174352,49.2167,-57.4,DEER LAKE A,0.9293475775314111,89.86440760583088,1.1135369268636566
411,838,578,71.0,8.109459289381412,-8.687796526019358,54.7689,-112.024,LAC LA BICHE CLIMATE,0.982276369925688,80.48765523424005,1.1135369268636566
412,838,705,70.0,8.138488938936142,-3.055518822819442,55.5333,-102.35,ISLAND FALLS (AUT),0.9436405123486751,82.60305048418093,1.1135369268636566
413,840,568,74.0,8.213527245036316,-9.14271447786085,54.7817,-112.825,ATMORE AGDM,1.0083915855701626,81.7160057333473,1.1135369268636566
414,840,1326,79.0,8.23989353197616,24.42289491438044,49.57,-57.8778,ROCKY HARBOUR CS,1.0146019358707725,86.70338002729115,1.1135369268636566
415,840,1416,82.0,8.230534649080468,28.377457088340115,47.6222,-52.7428,ST JOHN'S A,1.075911753517801,84.8675811043727,1.1135369268636566
416,841,374,74.0,8.274041871210073,-17.733803823622914,52.3875,-126.596,BELLA COOLA A,0.9167962663247163,89.88009180954175,1.1135369268636566
417,841,1357,77.0,8.276607341657702,25.763095697857583,48.9667,-56.0667,BADGER (AUT),0.9717930343123605,88.23107425252613,1.1135369268636566
418,842,361,83.0,8.288057845471815,-18.311029088565448,52.1875,-127.471,CATHEDRAL POINT (AUT),1.037298561217688,89.1002536638894,1.1135369268636566
419,842,763,70.0,8.306018505604065,-0.4898819825218631,55.8033,-97.8625,THOMPSON A,0.9642839188301061,80.83468297907939,1.1135369268636566
420,842,1084,74.0,8.314253687711462,13.681998561384583,53.7572,-73.6792,LA GRANDE IV A,0.9449107795981588,87.20583399731505,1.1135369268636566
421,847,1294,83.0,8.51185137838431,22.990534772134843,50.465,-59.6394,CHEVERY,1.0914012584618304,84.68339596743814,1.1135369268636566
422,849,1389,82.0,8.608947022211417,27.178288344027237,48.5569,-53.9744,TERRA NOVA NAT PARK CS,1.0544656306157965,86.59365023542377,1.1135369268636566
423,850,345,86.0,8.650836671452103,-18.9954872190085,52.2617,-128.719,MCINNES ISLAND,1.0922396604406432,87.67688922011881,1.1135369268636566
424,852,1376,79.0,8.74541391101366,26.63526688911577,48.94625,-54.5719,GANDER AIRPORT CS COMPOSITE,1.0013313826468841,87.85245199216027,1.1135369268636566
425,853,628,71.0,8.812475748517459,-6.464228930655402,55.83695,-108.427,BUFFALO NARROWS A COMPOSITE,0.9698828882840048,81.51615289058346,1.1135369268636566
426,855,436,71.0,8.871679997996239,-14.978951097074027,53.8908,-122.679,PRINCE GEORGE A,0.9526199166714491,82.99335382737664,1.1135369268636566
427,855,804,74.0,8.877158689736492,1.2852613930495622,56.3582,-94.7074,GILLAM COMPOSITE,0.9773266810494136,84.31339713291257,1.1135369268636566
428,856,313,87.0,8.9221102400567,-20.436114299632873,51.9333,-131.017,CAPE ST JAMES,1.1020885395963698,87.90374743631645,1.1135369268636566
429,856,1323,82.0,8.917592883317909,24.275196665536356,50.2364,-57.5811,DANIELS HARBOUR,1.0746962334029138,84.9635693927168,1.1135369268636566
430,856,1369,79.0,8.920267481638986,26.294066602940795,49.2667,-54.8833,COMFORT COVE,1.0145123361699862,86.71103749643235,1.1135369268636566
431,857,545,72.0,8.953304446870469,-10.139585833530148,55.29165,-114.783,SLAVE LAKE A COMPOSITE,0.9912354304011687,80.88356839881654,1.1135369268636566
432,857,695,75.0,8.975675671215516,-3.521382304920681,56.3333,-103.283,SOUTHEND,1.0027801354910113,83.28372946267129,1.1135369268636566
433,858,1398,82.0,8.995449237262823,27.614971456792322,48.6672,-53.1142,BONAVISTA,1.0829388071935084,84.3168860477486,1.1135369268636566
434,860,514,70.0,9.100559585566144,-11.541608424210233,55.0981,-117.199,VALLEYVIEW AGDM,0.9854103062206104,79.10165378664642,1.1135369268636566
435,861,1022,76.0,9.143254450485722,10.963379553343792,55.2833,-77.75,KUUJJUARAPIK A,0.9550517684534345,88.61174779947456,1.1135369268636566
436,863,1351,81.0,9.231985979494414,25.520707508907858,49.9167,-55.6667,LA SCIE,1.0654044039909571,84.65939387718332,1.1135369268636566
437,864,525,70.0,9.284503540207844,-11.06298075782664,55.3958,-116.479,HIGH PRAIRIE AGDM,0.9682894904406881,80.50029009917317,1.1135369268636566
438,865,1365,81.0,9.307897246727128,26.13004376259036,49.6833,-54.8,TWILLINGATE (AUT),1.0697353015908775,84.31664444635858,1.1135369268636566
439,867,393,75.0,9.431478060616245,-16.883217519727875,53.7719,-125.997,OOTSA LAKESKINS LAKE CLIMATE,0.9603807790976915,86.96057994125988,1.1135369268636566
440,867,493,68.0,9.437642625030247,-12.46008114715757,55.1797,-118.885,GRANDE PRAIRIE A,0.9447776370975083,80.14638371347661,1.1135369268636566
441,867,723,70.0,9.42309971960384,-2.257218021476368,56.8639,-101.076,LYNN LAKE A,0.9291937768526777,83.88732987910922,1.1135369268636566
442,870,487,65.0,9.536136619901917,-12.739011854163321,55.1967,-119.396,BEAVERLODGE RCS,0.8992026421042207,80.49342479328324,1.1135369268636566
443,871,340,85.0,9.606712845887811,-19.221120663833677,53.05,-129.683,ETHELDA BAY,1.0739775480830274,88.13092876322732,1.1135369268636566
444,873,420,68.0,9.67382747036811,-15.68054825705745,54.4167,-124.25,FORT ST JAMES A,0.9053204441689725,83.63945773502921,1.1135369268636566
445,875,503,71.0,9.76951591837804,-12.009133970288808,55.6211,-118.293,PEORIA AGDM,0.9828549324989215,80.44027576511793,1.1135369268636566
446,875,1321,84.0,9.748990532666745,24.169962329644125,51.0167,-57.1,FEROLLE POINT (AUT),1.116356285191592,83.78785796014402,1.1135369268636566
447,875,1336,83.0,9.792500942910612,24.868298591591508,50.7211,-56.1128,ENGLEE (AUT),1.0734638966231458,86.09843816864765,1.1135369268636566
448,876,400,75.0,9.812902667229737,-16.586330772696368,54.2333,-125.767,BURNS LAKE,0.974492087248487,85.70133160401802,1.1135369268636566
449,877,597,69.0,9.871521038852975,-7.875701530273596,56.65055,-111.215,FORT MCMURRAY A COMPOSITE,0.9492722851483649,80.93994647866882,1.1135369268636566
450,880,399,77.0,9.993147522311885,-16.63738722118312,54.3832,-125.959,BURNS LAKE DECKER LAKE,0.9933362460202555,86.3175422340857,1.1135369268636566
451,880,492,70.0,9.986883825544258,-12.503884480613857,55.6947,-119.23,SPIRIT RIVER AUTO STATION,0.9681612260062745,80.51095498008593,1.1135369268636566
452,880,668,74.0,10.01081133133084,-4.711898162748228,57.25,-105.6,KEY LAKE A,0.9651044367386539,85.38115612271775,1.1135369268636566
453,883,1207,76.0,10.11636629865344,19.13577139970266,53.55,-64.1,CHURCHILL FALLS A,1.0044109425954242,84.25715297660422,1.1135369268636566
454,883,1315,81.0,10.104162651119204,23.912489411212096,51.45,-57.1833,LOURDES DE BLANC SABLON A,1.0523367907774248,85.71066968904753,1.1135369268636566
455,884,480,62.0,10.186876121441845,-13.011477242341922,55.7417,-120.182,DAWSON CREEK A,0.8630437469462668,79.99512157967712,1.1135369268636566
456,885,517,68.0,10.226946829363605,-11.381198804475845,56.2269,-117.447,PEACE RIVER A,0.9341529856217144,81.0579339703483,1.1135369268636566
457,885,649,73.0,10.211000872120755,-5.534482218850916,57.35,-107.133,CREE LAKE,0.9523963049454316,85.35122956583122,1.1135369268636566
458,886,546,71.0,10.243617505655566,-10.11738344451972,56.552,-115.278,RED EARTH,0.9642206657282912,81.99484269257337,1.1135369268636566
459,887,315,83.0,10.323304131822256,-20.314453931732185,53.2539,-131.813,SANDSPIT A,1.0332442226938814,89.44987341784127,1.1135369268636566
460,887,441,73.0,10.295420807028806,-14.765125833156345,55.3053,-123.138,MACKENZIE A,0.9443802851215035,86.0757016444794,1.1135369268636566
461,887,594,70.0,10.29025448153633,-7.989638709553197,57.0411,-111.559,MILDRED LAKE,0.9481420413950846,82.21087292550052,1.1135369268636566
462,889,462,64.0,10.382100207627818,-13.81651035392004,55.6872,-121.627,CHETWYND A,0.8806100967216818,80.92839678375601,1.1135369268636566
463,889,1329,79.0,10.373611671056155,24.545692171940438,51.3833,-56.1,ST ANTHONY COMPOSITE,1.029713237460523,85.43098604731827,1.1135369268636566
464,892,1336,86.0,10.513143541501316,24.830079614182484,51.3667,-55.6,ST ANTHONY,1.1253373945658118,85.09819026072896,1.1135369268636566
465,895,367,77.0,10.64544044520589,-18.038806278710556,54.4664,-128.577,TERRACE A,0.942647778051068,90.95904680937619,1.1135369268636566
466,895,387,74.0,10.665533425795687,-17.140960439352252,54.8247,-127.183,SMITHERS A,0.9223501048301018,89.3388878652419,1.1135369268636566
467,895,490,71.0,10.663113773742156,-12.603736837825105,56.3144,-119.745,CLEARDALE AGDM,0.9615133281678824,82.22571595337821,1.1135369268636566
468,895,1162,72.0,10.642722973708436,17.15060312140212,54.8,-66.8167,SCHEFFERVILLE A,0.9047954959657507,88.61080663162157,1.1135369268636566
469,897,477,66.0,10.753806257076697,-13.163717285063106,56.2381,-120.74,FORT ST JOHN A,0.8970404626009865,81.92878720309412,1.1135369268636566
470,899,693,75.0,10.84173036143908,-3.593483064969654,58.18665,-103.706,COLLINS BAY COMPOSITE,0.9840900471456459,84.86547522455933,1.1135369268636566
471,901,342,83.0,10.925168419012316,-19.12359427311639,54.2925,-130.445,PRINCE RUPERT A,1.0359771949520524,89.2138990897006,1.1135369268636566
472,902,522,73.0,10.948419695171538,-11.184218485505541,56.9739,-117.451,MANNING AGDM,1.0587694101452787,76.77610902065352,1.1135369268636566
473,909,810,77.0,11.268490682622877,1.5517817622508403,58.7392,-94.0664,CHURCHILL A,0.9763894131043368,87.81572415445592,1.1135369268636566
474,909,1322,77.0,11.25568296128817,24.23008477401911,52.3036,-55.83305,MARY'S HARBOUR A COMPOSITE,1.0044005641415623,85.36668180964585,1.1135369268636566
475,915,310,88.0,11.545163694436308,-20.54536787529786,54.2552,-133.058,LANGARA,1.1049585040488725,88.68319416967681,1.1135369268636566
476,924,607,71.0,11.942013308392715,-7.427243662432282,58.7667,-111.117,FORT CHIPEWYAN A,0.9556650401240094,82.72890446746953,1.1135369268636566
477,926,670,72.0,12.01176366560062,-4.604034071073405,59.25,-105.833,STONY RAPIDS A,0.9344369587618608,85.79996540421044,1.1135369268636566
478,928,547,73.0,12.118719845803014,-10.074177481250986,58.3823,-116.04,FORT VERMILION,0.9866527052304497,82.38785058827835,1.1135369268636566
479,929,574,79.0,12.174502673448476,-8.86753025568397,58.7108,-113.866,GARDEN RIVER,1.0690529787569187,82.2872383036794,1.1135369268636566
480,930,1000,79.0,12.187637204389825,9.989987113095877,58.4693,-78.0801,INUKJUAK UA COMPOSITE,0.9735343644850606,90.36087521035711,1.1135369268636566
481,932,364,82.0,12.314069788778712,-18.18701005126701,55.9361,-129.985,STEWART A,0.990426521116179,92.1926322206279,1.1135369268636566
482,937,535,68.0,12.498830656358052,-10.594224739549533,58.6214,-117.165,HIGH LEVEL A,0.9289180633789105,81.51473634961694,1.1135369268636566
483,937,641,72.0,12.505036006001426,-5.928649267233514,59.5667,-108.483,URANIUM CITY (AUT),0.9376600135780226,85.50504188425856,1.1135369268636566
484,942,1251,77.0,12.741825670817573,21.086584257574323,55.0822,-59.1886,MAKKOVIK A,0.9974754169866693,85.95935489570812,1.1135369268636566
485,954,603,72.0,13.25566504900323,-7.607541496645303,60.0232,-111.9455,FORT SMITH A COMPOSITE,0.9570416062072487,83.77343076223725,1.1135369268636566
486,957,1115,73.0,13.3816017084914,15.062915391847254,58.1,-68.4167,KUUJJUAQ A,0.9118840056649069,89.1431313150131,1.1135369268636566
487,957,1207,74.0,13.419876797675242,19.12294867359371,56.55,-61.6833,NAIN COMPOSITE,0.9520278575539912,86.5539090417188,1.1135369268636566
488,960,474,70.0,13.53351926237463,-13.294599528109782,58.8364,-122.597,FORT NELSON A,0.9758321281074481,79.87806778982502,1.1135369268636566
489,962,807,82.0,13.627521603757163,1.4581972729819246,61.1,-94.0667,ARVIAT A COMPOSITE,1.026431380289888,88.95872608360024,1.1135369268636566
490,981,564,71.0,14.468214057228929,-9.32324361570522,60.8393,-115.78,HAY RIVER A COMPOSITE,0.9517775527183703,83.06680650485325,1.1135369268636566
491,984,387,74.0,14.589755925069625,-17.149025860475014,58.42553333,-130.0226667,DEASE LAKE COMPOSITE,0.9139990587941653,90.15516131561755,1.1135369268636566
492,993,475,71.0,14.997500532148837,-13.242353392775357,60.2333,-123.467,FORT LIARD,1.004655549908936,78.69475445040429,1.1135369268636566
493,997,547,71.0,15.15615711513494,-10.077110170574896,61.3169,-117.602,FORT PROVIDENCE,0.9463625152862235,83.54211048121226,1.1135369268636566
494,1002,827,77.0,15.389341884371548,2.3116704332428544,62.8167,-92.1167,RANKIN INLET A,0.9515974823651256,90.1035836658534,1.1135369268636566
495,1004,627,70.0,15.491470329004402,-6.5299173223889415,62.4156,-110.69,LUTSELK'E CS,0.8983106183470521,86.77130525728886,1.1135369268636566
496,1008,644,73.0,15.665372425277164,-5.759402027381535,62.71405,-109.1675,FORT RELIANCE COMPOSITE,0.9242018091685346,87.95502762992695,1.1135369268636566
497,1013,416,70.0,15.880923220563833,-15.851020784876589,60.1165,-128.822,WATSON LAKE A,0.9232055458146794,84.43145216558615,1.1135369268636566
498,1013,587,66.0,15.8941364226464,-8.283411299371597,62.4628,-114.44,YELLOWKNIFE A,0.863671582274542,85.09419399843053,1.1135369268636566
499,1018,473,70.0,16.127037568073327,-13.349857386820682,61.2567,-124.468,DEADMEN VALLEY,0.9094461419724822,85.70885210574073,1.1135369268636566
500,1018,511,73.0,16.085824204153216,-11.662896594650542,61.7603,-121.237,FORT SIMPSON A COMPOSITE,0.9738540971089336,83.47061012770395,1.1135369268636566
501,1022,690,78.0,16.296719225433336,-3.7576483250916217,63.6,-105.133,HANBURY RIVER,0.9751334785428877,89.0707602667394,1.1135369268636566
502,1033,375,71.0,16.761427364583458,-17.661919021479473,60.1704,-132.7345,TESLIN A COMPOSITE,0.8846424156779628,89.37071115534246,1.1135369268636566
503,1034,784,74.0,16.80137872475479,0.41775555963923183,64.2989,-96.0778,BAKER LAKE A,0.9204117349668618,89.52703388867305,1.1135369268636566
504,1035,562,73.0,16.86203978958295,-9.404454925856033,63.1336,-117.245,LAC LA MARTRE,0.9489630841577347,85.66001883328832,1.1135369268636566
505,1043,914,75.0,17.235601653792568,6.170803303022934,64.1933,-83.3594,CORAL HARBOUR A,0.9169960710894192,91.07483897456133,1.1135369268636566
506,1055,638,77.0,17.73073436889728,-6.0628760300721645,64.6989,-110.615,EKATI A,0.9565624220612029,89.63591020410749,1.1135369268636566
507,1056,357,66.0,17.7729222850007,-18.468791200743226,60.7095,-135.069,WHITEHORSE A,0.823424065444669,89.25344820145996,1.1135369268636566
508,1060,982,79.0,17.945778795694643,9.198410704987277,64.2303,-76.525,CAPE DORSET A,0.9538684888186092,92.22384244098605,1.1135369268636566
509,1070,333,67.0,18.431001006079605,-19.56058255517341,60.7725,-137.58,HAINES JUNCTION,0.8426859896806653,88.53472706735899,1.1135369268636566
510,1075,1065,77.0,18.61430228253761,12.847934209073113,63.7486,-68.5472,IQALUIT A COMPOSITE,0.934340723053638,91.76774730344202,1.1135369268636566
511,1077,391,69.0,18.715016646635824,-16.975755181391452,62.2072,-133.3745,FARO A COMPOSITE,0.8593351518265347,89.41103804526085,1.1135369268636566
512,1079,636,78.0,18.822067679202526,-6.129352998978208,65.7592,-111.25,LUPIN A,0.963696461285372,90.12783981744357,1.1135369268636566
513,1090,325,68.0,19.306314193603082,-19.882004589804254,61.3667,-139.05,BURWASH A,0.890533974897199,85.02821134417654,1.1135369268636566
514,1098,516,75.0,19.663546246690753,-11.432770199531427,65.2086,-123.433,DELINE CS,0.9592557254529489,87.06257080231588,1.1135369268636566
515,1112,486,67.0,20.251751757393915,-12.786591017652583,65.285,-126.7765,NORMAN WELLS A COMPOSITE,0.8532466098424889,87.4389341126566,1.1135369268636566
516,1117,383,71.0,20.495251114049235,-17.3192127506522,63.6167,-135.86700000000002,MAYO A,0.8887527058957806,88.9573908274443,1.1135369268636566
517,1120,321,69.0,20.64611864520335,-20.05859822861877,62.4103,-140.868,BEAVER CREEK A,0.8870625057061411,86.61627276471232,1.1135369268636566
518,1132,611,79.0,21.164558334912606,-7.2414532923086385,67.81695,-115.1395,KUGLUKTUK A COMPOSITE,0.9726577867730444,90.44231015111922,1.1135369268636566
519,1132,785,82.0,21.138921535217452,0.44902530231432797,68.6356,-95.8503,GJOA HAVEN CLIMATE,0.9840225346925578,92.79261885130325,1.1135369268636566
520,1132,838,77.0,21.168269643134604,2.820157471562718,68.5375,-89.7964,KUGAARUK CLIMATE,0.9362020958199617,91.585293123495,1.1135369268636566
521,1135,1069,72.0,21.28843459550038,13.026649004652166,66.145,-65.7136,PANGNIRTUNG A,0.8882059416424556,90.26584373656141,1.1135369268636566
522,1138,478,73.0,21.43659517878678,-13.124659609447363,66.2422,-128.644,FORT GOOD HOPE CS,0.9328427782101982,87.14029583528618,1.1135369268636566
523,1142,359,70.0,21.60635893049916,-18.40222896408782,64.05199999999999,-139.1275,DAWSON A COMPOSITE,0.877528446892152,88.82627697884271,1.1135369268636566
524,1143,632,82.0,21.661324385943654,-6.322944136993751,68.5,-113.217,LADY FRANKLIN POINT A,1.0066980370376666,90.7024993030789,1.1135369268636566
525,1145,508,77.0,21.74932347936409,-11.803610114555505,67.0214,-126.123,COLVILLE LAKE,0.9718201778877545,88.22860990071439,1.1135369268636566
526,1146,704,79.0,21.771353847100382,-3.115997225108183,69.1081,-105.138,CAMBRIDGE BAY A COMPOSITE,0.9601415986044602,91.62129559857632,1.1135369268636566
527,1149,912,79.0,21.893848234284437,6.082122147370087,68.7758,-81.2425,HALL BEACH A,0.9679460063901452,90.88256642568498,1.1135369268636566
528,1160,1100,75.0,22.39945260697579,14.412454916130438,66.5833,-61.6167,CAPE DYER A,0.9159393916127181,91.17990805890197,1.1135369268636566
529,1163,474,72.0,22.551131746181326,-13.304558056771857,67.1792,-130.22799999999998,LITTLE CHICAGO,0.9112393907654704,87.98418894823453,1.1135369268636566
530,1170,1069,78.0,22.83741019766121,13.033776520184484,67.5458,-64.0314,QIKIQTARJUAQ A,0.9596578820309839,90.50712959450371,1.1135369268636566
531,1171,1071,82.0,22.868701178463567,13.129046420759014,67.5356,-63.7889,FOX FIVE,1.0069711195487132,90.67790151096048,1.1135369268636566
532,1184,421,75.0,23.480497388330893,-15.638171778396813,66.9811,-136.218,ROCK RIVER,0.9353865430649703,89.28423242130545,1.1135369268636566
533,1184,575,82.0,23.44235374761187,-8.826311309401945,69.5833,-120.8,CLINTON POINT,1.0153244867943165,89.9318682750506,1.1135369268636566
534,1188,547,80.0,23.628469659569642,-10.089579069383861,69.3578,-124.083,PAULATUK,0.9956272032830087,89.47420666625814,1.1135369268636566
535,1199,460,71.0,24.124623751581403,-13.937953309449579,68.31045,-133.5,INUVIK A COMPOSITE,0.8971900494959405,88.12081882956433,1.1135369268636566
536,1202,608,79.0,24.25257185841111,-7.373396591071229,70.7614,-117.8,HOLMAN CS,0.9688827699518746,90.79469668616194,1.1135369268636566
537,1207,549,83.0,24.460936365558336,-9.983429469768035,70.1667,-124.717,CAPE PARRY A,1.0055964509833142,91.90919959921088,1.1135369268636566
538,1212,400,72.0,24.7216824726706,-16.594913935534528,67.5706,-139.839,OLD CROW A COMPOSITE,0.89455572298791,89.62511409170969,1.1135369268636566
539,1215,514,82.0,24.832678410066798,-11.546456477131793,69.9333,-128.967,NICHOLSON PENINSULA,1.0031053663919076,91.0273547147444,1.1135369268636566
540,1215,1003,77.0,24.854671892755793,10.111462339176834,70.4861,-68.5167,CLYDE A,0.9292188653203046,92.27357145718938,1.1135369268636566
541,1219,477,80.0,25.030944279325773,-13.174092855261414,69.43886667,-133.01433329999998,TUKTOYAKTUK COMPOSITE,0.9700242067838345,91.83580525732619,1.1135369268636566
542,1227,438,81.0,25.359134172031187,-14.871314613656038,68.95,-137.217,SHINGLE POINT A,0.9870191084444037,91.38272025767647,1.1135369268636566
543,1240,914,74.0,25.95102437247518,6.194640307498111,72.6894,-77.9689,POND INLET A,0.90852249509737,90.69861564526177,1.1135369268636566
544,1244,419,71.0,26.1095088620721,-15.71801209818014,69.1644,-140.15,IVVAVIK NAT. PARK,0.8769308723920153,90.15661815128439,1.1135369268636566
545,1246,562,84.0,26.214275750688067,-9.387968858171991,71.9925,-125.254,SACHS HARBOUR CLIMATE,1.019077779055711,91.7860282884587,1.1135369268636566
546,1252,425,84.0,26.46237673783208,-15.465895824824763,69.5833,-140.183,KOMAKUK BEACH A,1.0230361290590626,91.43088811787898,1.1135369268636566
547,1259,614,81.0,26.768680893281097,-7.115011108950228,73.2308,-119.538,THOMSEN RIVER,0.9885185471718971,91.24410597454535,1.1135369268636566
548,1269,788,78.0,27.22416020466172,0.599798396843279,74.71635,-94.97625,RESOLUTE CARS COMPOSITE,0.9271309439257791,93.68243058266256,1.1135369268636566
549,1279,618,81.0,27.6694190593657,-6.922336498707375,74.1389,-119.989,NANGMAGVIK LAKE,0.9738279452483738,92.62056148219455,1.1135369268636566
550,1323,640,79.0,29.599335786158985,-5.970276831056421,76.2354,-119.34,MOULD BAY A COMPOSITE,0.9366524876445711,93.91894900471388,1.1135369268636566
551,1391,826,70.0,32.64541886648805,2.272431308433523,79.9833,-85.9333,EUREKA A,0.834262369930785,93.43293871318075,1.1135369268636566
552,1472,894,79.0,36.21327590231115,5.277068396838443,82.5089,-62.30695,ALERT COMPOSITE,0.9766013998182722,90.07709515734709,1.1135369268636566
