,ilocy,ilocx,Q10_Gumbel-MM,rlat,rlon,lat,lon,station_name,ratio,model_vals,best_tol
0,558,1009,0.275,-4.286303317504344,10.373533646905495,42.27611111,-82.95527778,WINDSOR A,0.8908998629457551,0.30002129707179087,0.971959754334786
1,576,1016,0.298,-3.48804380801358,10.70911725486623,42.99944444,-82.30888889,SARNIA,0.9173601508345591,0.31573641663883645,0.971959754334786
2,579,1050,0.287,-3.3353689590638744,12.206823049227507,42.85,-80.26666667,SIMCOE,0.6890591992913058,0.40483089084506074,0.971959754334786
3,580,1035,0.27,-3.2904168437142984,11.534369212852347,43.03305556,-81.15111111,LONDON A,0.7164950082473568,0.3662679162445656,0.971959754334786
4,587,1054,0.34,-2.9672462089752716,12.374482460573976,43.17361111,-79.935,HAMILTON A,0.9301900063061269,0.35526754129098903,0.971959754334786
5,591,1056,0.19,-2.8224940050071763,12.44308227059991,43.3,-79.8,BURLINGTON PIERS (AUT),0.5631061746250356,0.32795298941017653,0.971959754334786
6,591,1066,0.29,-2.8263537576593833,12.914368822069164,43.19166667,-79.17111111,ST CATHARINES A,0.831180555990836,0.33911804929204287,0.971959754334786
7,592,1046,0.218,-2.755708330772456,11.997290400172446,43.46083333,-80.37861111,KITCHENER-WATERLOO,0.6062942501521199,0.34947919494836144,0.971959754334786
8,592,1065,0.32,-2.7770194854473744,12.868806527061649,43.25,-79.21666667,PORT WELLER (AUT),0.8923704946838511,0.34854034645926096,0.971959754334786
9,595,1023,0.207,-2.65276038889117,10.985517938364806,43.76666667,-81.71666667,GODERICH,0.6058746234330992,0.33207475831757916,0.971959754334786
10,599,1060,0.315,-2.4383661704221993,12.656933578522423,43.6275,-79.39611111,TORONTO CITY CENTRE,0.9775681185781099,0.3131928269722865,0.971959754334786
11,600,1057,0.287,-2.4280374478097446,12.48046411804727,43.67666667,-79.63055556,TORONTO INTL A,0.961147479520525,0.2902285605880597,0.971959754334786
12,603,1037,0.245,-2.3007719587955977,11.625339745869262,43.98333333,-80.75,MOUNT FOREST (AUT),0.7630066705740463,0.3120944403184129,0.971959754334786
13,605,1060,0.20600000000000002,-2.2064892992981635,12.624161363112355,43.86083333,-79.36861111,TORONTO BUTTONVILLE A,0.7263541141317761,0.27565577931956353,0.971959754334786
14,611,1078,0.26899999999999996,-1.9198477837726322,13.446705882854868,43.95,-78.16666667,COBOURG (AUT),0.8133316556862136,0.3214644014998582,0.971959754334786
15,613,1095,0.465,-1.8539753644643515,14.186065075654536,43.83333333,-77.15,POINT PETRE (AUT),1.1592278264774964,0.38988132914220486,0.971959754334786
16,616,1043,0.21,-1.7154646708868815,11.890724603560995,44.5,-80.21666667,COLLINGWOOD,0.889565373801046,0.22945086940395593,0.971959754334786
17,617,1074,0.19,-1.681286926386074,13.24303297256795,44.23,-78.36333333,PETERBOROUGH,0.7575472575739516,0.24377667726634422,0.971959754334786
18,617,1087,0.303,-1.6479580998039793,13.848365534890087,44.11666667,-77.53333333,TRENTON A,1.10755311267126,0.26590490532155064,0.971959754334786
19,618,1028,0.255,-1.608330023712921,11.218755263733659,44.74416667,-81.10861111,WIARTON A,0.8421724897259588,0.29429806883862974,0.971959754334786
20,620,1059,0.265,-1.5131617290709791,12.576278873912775,44.54722222,-79.21666667,LAGOON CITY,1.5057551491441967,0.1710565858234714,0.971959754334786
21,623,1101,0.278,-1.376287929563316,14.47009238904273,44.22333333,-76.59944444,KINGSTON CLIMATE,1.3747213747495648,0.1965524190342164,0.971959754334786
22,629,1055,0.141,-1.1104223325675606,12.42021185602272,44.97472222,-79.30333333,MUSKOKA,1.2538590569564583,0.10929962550484962,0.971959754334786
23,637,1077,0.067,-0.7819711108327801,13.376973995423196,45.07138889,-77.87888889,BANCROFT AUTO,0.8749225665529724,0.07443093369621971,0.971959754334786
24,639,1000,0.27399999999999997,-0.690069370908283,9.992653603870442,45.88166667,-82.56722222,GORE BAY-MANITOULIN,0.9375980400994638,0.28404173355511647,0.971959754334786
25,647,968,0.284,-0.3265597809046357,8.564149867880838,46.485,-84.50972222,SAULT STE MARIE A,1.5574128306322985,0.17724046238851796,0.971959754334786
26,651,1109,0.221,-0.14743254423379257,14.821932295193472,45.31666667,-75.66666667,OTTAWA INTL A,1.6788466813577403,0.12794682688610323,0.971959754334786
27,653,1132,0.18,-0.06744339856063078,15.80836957099062,45.12083333,-74.28944444,ST-ANICET 1,1.2116373195807209,0.14439366710890247,0.971959754334786
28,657,1141,0.151,0.10111418445683244,16.207357598047103,45.16722222,-73.67888889,STE-CLOTHILDE,1.071470938463126,0.13697611165737048,0.971959754334786
29,658,1081,0.155,0.16637183265387717,13.543770494311032,45.95,-77.31666667,PETAWAWA A,1.7809262560415906,0.0845929254009345,0.971959754334786
30,658,1154,0.102,0.146891087188546,16.805817882306044,45.03333333,-72.85,FRELIGHSBURG,0.9420086208964501,0.10524308667982571,0.971959754334786
31,660,1046,0.17800000000000002,0.2247776229261326,12.027567413504922,46.36388889,-79.42416667,NORTH BAY A,2.242712299899981,0.0771426795489139,0.971959754334786
32,661,1024,0.252,0.27781895532178186,11.047848727345684,46.62555556,-80.79777778,SUDBURY A,1.71701353971451,0.14265109297454434,0.971959754334786
33,661,1135,0.146,0.298783997656161,15.963386826741665,45.42722222,-73.92916667,STE-ANNE-DE-BELLEVUE 1,0.8350256594493263,0.1699422317470597,0.971959754334786
34,661,1145,0.20199999999999999,0.29036027254180596,16.391913068259413,45.29388889,-73.34944444,L'ACADIE,1.2866890325097091,0.1525899929314469,0.971959754334786
35,663,1138,0.28,0.37857540410213814,16.077265709536555,45.47055556,-73.74083333,MONTREAL INTL A,1.431716377687591,0.19008564507259174,0.971959754334786
36,664,1140,0.045,0.4443774501594452,16.175677570505083,45.50474167,-73.57916667,MCTAVISH,0.21495820966699355,0.20347298673925124,0.971959754334786
37,666,1132,0.175,0.5192700488528611,15.816969557831044,45.68055556,-74.03861111,MONTREAL MIRABEL INTL A,0.9509378208352107,0.17886864238841033,0.971959754334786
38,666,1142,0.314,0.48999635800437125,16.28058561419673,45.5175,-73.41694444,MONTREAL-ST-HUBERT,1.4438559735488115,0.2113752122457145,0.971959754334786
39,668,1049,0.086,0.611689446314243,12.166437121629148,46.70972222,-79.10111111,BARRAGE TEMISCAMINGUE,1.0837950444025979,0.07712578065797182,0.971959754334786
40,669,1266,0.317,0.6582772202422525,21.75509070422866,43.82694444,-66.08805556,YARMOUTH A,0.524086200215134,0.5879018413338293,0.971959754334786
41,670,1142,0.28600000000000003,0.6947066382437866,16.246814370360987,45.72305556,-73.37666667,VARENNES,1.308904235097422,0.21237649194332286,0.971959754334786
42,670,1167,0.15,0.6886675344034751,17.390730548630025,45.36888889,-71.82361111,LENNOXVILLE,1.6273948135120164,0.08958733427175283,0.971959754334786
43,671,1099,0.127,0.7156465063613154,14.348220031587388,46.27472222,-75.99194444,MANIWAKI AIRPORT,1.5961958187983416,0.07733317387928373,0.971959754334786
44,672,1140,0.159,0.7652954192167273,16.18261869647524,45.80944444,-73.43472222,L'ASSOMPTION,0.7395490924713924,0.2089673322737652,0.971959754334786
45,672,1169,0.18100000000000002,0.7840438481593633,17.456938030254612,45.43861111,-71.69138889,SHERBROOKE,1.8734047068053679,0.09390641269103712,0.971959754334786
46,673,1122,0.051,0.799998920943068,15.358009694295855,46.08027778,-74.55583333,ST-JOVITE,0.5733939901746623,0.08645006456376446,0.971959754334786
47,673,1126,0.182,0.8244914525008411,15.547936197870108,46.05,-74.28333333,STE AGATHE DES MONTS,1.6854773861917962,0.10495345516833969,0.971959754334786
48,677,1258,0.47200000000000003,1.013103054271252,21.40977380568075,44.28583333,-66.34666667,BRIER ISLAND,0.7791382686784596,0.5888107701655526,0.971959754334786
49,679,959,0.16,1.1072002167220376,8.144863040258011,47.96694444,-84.78638889,WAWA A,0.7323981797144633,0.21233471764525017,0.971959754334786
50,680,890,0.22,1.123588995196667,5.093086699236781,48.37194444,-89.32166667,THUNDER BAY A,2.0550345159794143,0.10405233794905025,0.971959754334786
51,682,1286,0.301,1.2052816300768616,22.63821273524277,43.99001944,-64.66416889,WESTERN HEAD,0.7835274176015984,0.3733881922732269,0.971959754334786
52,684,1149,0.22699999999999998,1.324226130258862,16.573181133601576,46.22583333,-72.65722222,NICOLET,1.1991415165349868,0.18399401671250454,0.971959754334786
53,686,854,0.11699999999999999,1.3834476126927673,3.5392813362570417,48.76111111,-91.62805556,ATIKOKAN (AUT),0.77977493101098,0.1458360441387012,0.971959754334786
54,687,1033,0.22,1.4595507371864511,11.452180728681906,47.695,-79.84888889,EARLTON A,2.381524521974631,0.08978750543217406,0.971959754334786
55,688,1150,0.22899999999999998,1.4756457357241934,16.6271170400325,46.35361111,-72.51611111,TROIS-RIVIERES,1.3076098523075828,0.17021803816319814,0.971959754334786
56,689,766,0.345,1.5321578097717676,-0.3672940852556362,49.03083444,-97.56000083,GRETNA (AUT),0.8753663619445773,0.38306945505718654,0.971959754334786
57,689,795,0.171,1.5319026633467594,0.9194147961794182,49.02361111,-95.59833583,SPRAGUE,0.7498473770581797,0.22165192954772817,0.971959754334786
58,691,1237,0.10400000000000001,1.6327235234971353,20.468971389030212,45.21016667,-67.25286111,ST. STEPHEN,0.36848277142770225,0.27432439801503933,0.971959754334786
59,692,949,0.11699999999999999,1.682248851832476,7.721145960612029,48.6,-85.28333333,WHITE RIVER,0.9508057353149106,0.11960307666792278,0.971959754334786
60,693,746,0.276,1.706290339740612,-1.2453221511382133,49.19102778,-98.90486111,PILOT MOUND (AUT),0.755098134811959,0.35526626252785753,0.971959754334786
61,693,1177,0.087,1.7124441297757003,17.80970706466286,46.205,-70.785,BEAUCEVILLE,0.8038122977207772,0.10519930942447514,0.971959754334786
62,696,649,0.302,1.8530514501478257,-5.551265309445778,49.05,-105.48333329999998,CORONACH SPC,0.7513078322434089,0.3906945105744709,0.971959754334786
63,696,686,0.33899999999999997,1.8598123330635636,-3.8954003503245587,49.21027778,-102.9658333,ESTEVAN A,0.81389032751629,0.4048387670670501,0.971959754334786
64,696,716,0.222,1.8479818411730005,-2.6006345964591766,49.28127778,-100.9863611,MELITA,0.5984511191689131,0.3605558725698027,0.971959754334786
65,700,618,0.292,2.02968059125335,-6.918528831774791,49.05833361,-107.58583610000001,VAL MARIE SOUTHEAST,0.7609811290815699,0.3729556981370763,0.971959754334786
66,700,759,0.17800000000000002,2.0025447055693135,-0.6691828279800607,49.49811111,-98.02975,CARMAN U OF M CS,0.5013760904139237,0.34506798305591335,0.971959754334786
67,701,1273,0.324,2.0477919209758024,22.081841079598306,44.98333333,-64.91666667,GREENWOOD A,0.9695198947596784,0.32481536697349656,0.971959754334786
68,702,1007,0.134,2.1037091825759284,10.272107662608434,48.57055556,-81.37666667,TIMMINS A,1.151736630683798,0.11308367174493265,0.971959754334786
69,702,1043,0.141,2.117947158040492,11.861593259295349,48.24583333,-79.03416667,ROUYN,1.3733742072929305,0.09978804366170382,0.971959754334786
70,702,1046,0.159,2.1095497258728697,11.999579208352097,48.20611111,-78.83555556,ROUYN-NORANDA A,1.4119354222366998,0.10945373173966826,0.971959754334786
71,702,1062,0.152,2.1272375140852886,12.718936624841794,48.05333333,-77.78277778,VAL D'OR A,1.0068726629548326,0.14672946053111272,0.971959754334786
72,702,1256,0.264,2.0893637137531003,21.319625857738036,45.31611111,-65.89,SAINT JOHN A,0.5814217073119682,0.44132747697138075,0.971959754334786
73,703,1164,0.262,2.132277043565629,17.22403660651413,46.79111111,-71.39333333,QUEBEC INTL A,1.8064065264142464,0.14097239569943662,0.971959754334786
74,703,1165,0.175,2.1451633278208866,17.296217277429587,46.78027778,-71.2875,STE-FOY (U. LAVAL),1.1957046185189726,0.14225332441992958,0.971959754334786
75,703,1297,0.321,2.1285387762167187,23.143738029513393,44.63333333,-63.5,SHEARWATER A,0.6471979425297333,0.48207675061811955,0.971959754334786
76,707,813,0.16899999999999998,2.3172352583415843,1.703488929625912,49.78833333,-94.36305556,KENORA A,1.2505124318080993,0.13135511035670053,0.971959754334786
77,708,576,0.32899999999999996,2.3773235953818492,-8.77507302987451,49.11666667,-110.46666670000002,ONEFOUR CDA,0.9942245884851388,0.3216323181700554,0.971959754334786
78,708,675,0.302,2.392352772509108,-4.39599211308612,49.7,-103.8,WEYBURN,0.7252232705248723,0.4047468658812684,0.971959754334786
79,708,1295,0.35200000000000004,2.352354449005868,23.037177573707574,44.88111111,-63.50861111,HALIFAX INTL A,0.8991529402836863,0.3805023797374242,0.971959754334786
80,709,740,0.213,2.4288519831726374,-1.519417526912051,49.90580556,-99.35744444,CARBERRY CS,0.7866980049140359,0.26315997546724645,0.971959754334786
81,709,756,0.27149999999999996,2.4083164808904542,-0.8221767079430446,49.901569445,-98.27540278000001,PORTAGE SOUTHPORT A,0.8430420481710613,0.3130176885890621,0.971959754334786
82,709,771,0.284,2.4102388711197187,-0.1546942168317851,49.91,-97.24,WINNIPEG INTL A,0.8493008205172525,0.32501625285486446,0.971959754334786
83,709,837,0.17600000000000002,2.402703651893969,2.7463410647526323,49.8275,-92.74416667,DRYDEN REGIONAL,1.199638360520645,0.142597071244604,0.971959754334786
84,709,1242,0.203,2.4301608295874497,20.69102009227779,45.86888889,-66.53722222,FREDERICTON,1.6249592048067922,0.12142325145536283,0.971959754334786
85,710,732,0.303,2.446136788495766,-1.902443550978571,49.91,-99.95222222,BRANDON A,1.1716288367201504,0.2513627151648743,0.971959754334786
86,710,1171,0.431,2.4557024255946307,17.536467226809375,46.99666667,-70.80833333,ILE D'ORLEANS,3.1049044074118615,0.13492030644108788,0.971959754334786
87,712,599,0.354,2.5373799207670418,-7.770516223099108,49.43778056,-108.988625,EASTEND CYPRESS (AUT),0.937176445938463,0.36713871173956797,0.971959754334786
88,712,644,0.31,2.5616574714663254,-5.774843358851855,49.72919167,-105.9461139,ASSINIBOIA AIRPORT,0.8232712877907995,0.3659881357606007,0.971959754334786
89,712,1109,0.061,2.5545142294849863,14.795061306408192,47.92222444,-74.62416861,PARENT,0.567353931169619,0.1045018669249274,0.971959754334786
90,712,1171,0.17300000000000001,2.539281126555128,17.527472888722397,47.07861111,-70.78083333,CAP-TOURMENTE,1.3111170863756525,0.1282486814085657,0.971959754334786
91,713,553,0.327,2.5820339466703155,-9.791870424322251,49.13333333,-112.05,MILK RIVER,0.9384035372030524,0.3386931390036977,0.971959754334786
92,713,1356,0.545,2.5865558135085105,25.731151722331923,43.94611111,-59.95972222,SABLE ISLAND A,0.7868350016520177,0.6732263625795454,0.971959754334786
93,715,788,0.105,2.680835943980643,0.599606479581388,50.17722778,-96.06472222,PINAWA,0.4507043459494112,0.22643618842896104,0.971959754334786
94,715,921,0.16699999999999998,2.6985132756667336,6.484740405051936,49.77861111,-86.93861111,GERALDTON A,1.501263321565133,0.10812045871119155,0.971959754334786
95,716,848,0.147,2.721186628111753,3.2664137243959526,50.11416667,-91.90805556,SIOUX LOOKOUT A,1.2758376535949403,0.11198766824652381,0.971959754334786
96,717,592,0.14400000000000002,2.791096203892551,-8.076095167585466,49.64055806,-109.5144456,CYPRESS HILLS PARK,0.38692315691512597,0.3617312691752662,0.971959754334786
97,717,987,0.17300000000000001,2.7916554952604735,9.406867820066804,49.41166667,-82.46833333,KAPUSKASING A,1.5335246591709846,0.10964873404175873,0.971959754334786
98,718,528,0.431,2.8129668370825396,-10.920374535676116,49.13113333,-113.8086139,WATERTON PARK GATE,1.7168289195919326,0.2440048914238136,0.971959754334786
99,718,536,0.192,2.8089927644936328,-10.571167858737764,49.200575,-113.2858389,CARDSTON,0.5631051657352104,0.33140571990424916,0.971959754334786
100,719,1291,0.33399999999999996,2.8534843231962084,22.845763158855647,45.41666667,-63.46666667,DEBERT,1.6636869912944914,0.1951295884661723,0.971959754334786
101,719,1294,0.24100000000000002,2.8652809063512636,22.994566723392392,45.36666667,-63.26666667,TRURO (AUT),1.1690137353283463,0.20037600390459975,0.971959754334786
102,720,1161,0.078,2.8986234994689877,17.08311890059295,47.56222222,-71.22888889,L'ETAPE,0.587659698871539,0.12900809938761143,0.971959754334786
103,721,1179,0.337,2.969005325500165,17.91640842882544,47.35583333,-70.03194444,LA POCATIERE,3.0280589646635088,0.10817174996696992,0.971959754334786
104,722,694,0.295,2.9954839618510443,-3.5549138744833266,50.36805556,-102.5708333,BROADVIEW,0.8452197325542296,0.3392350136718623,0.971959754334786
105,722,723,0.24600000000000002,3.00813617049279,-2.2965626638232313,50.45488889,-100.6035,SHOAL LAKE CS,1.0242947763560462,0.2334309469164423,0.971959754334786
106,722,760,0.267,3.00386083349919,-0.6602998402221041,50.49945667,-98.036675,OAKPOINT MARINE,0.9221470837953242,0.281422843457138,0.971959754334786
107,723,594,0.255,3.044709334204974,-8.003371579967343,49.90251389,-109.4661278,MAPLE CREEK,0.6567042316709424,0.3774145580343414,0.971959754334786
108,724,564,0.273,3.098874115547959,-9.29527030155278,49.73418611,-111.4502778,BOW ISLAND,0.7639563547280084,0.34733006838835373,0.971959754334786
109,724,891,0.15,3.0628444493427165,5.168536441565418,50.29361111,-88.90527778,ARMSTRONG (AUT),1.3121755632456502,0.11110857970072108,0.971959754334786
110,725,651,0.316,3.132735896199253,-5.4551941435774065,50.332506945000006,-105.5520875,MOOSE JAW A,0.7893697458078319,0.3890943173347359,0.971959754334786
111,725,774,0.218,3.133343547615983,-0.03176152251228218,50.63333333,-97.05,GIMLI CLIMATE,0.814950542224211,0.2600001048734666,0.971959754334786
112,726,489,0.12300000000000001,3.1702303156207052,-12.649133317055378,49.08168944,-116.50068030000001,CRESTON CAMPBELL SCIENTIFIC,1.0310881217672057,0.11594649114789277,0.971959754334786
113,726,545,0.4320000000000001,3.165022329592455,-10.172827418272798,49.63027778,-112.7988889,LETHBRIDGE,1.2716473997959872,0.3301910686405609,0.971959754334786
114,726,664,0.348,3.1730632556920284,-4.8820645473925355,50.43222222,-104.6661111,REGINA INTL A,0.8655249345496311,0.39079404995363537,0.971959754334786
115,726,732,0.075,3.1903525258318917,-1.8675652895921906,50.65500167,-99.94194667,WASAGAMING,0.42153640643461643,0.1729316387917157,0.971959754334786
116,726,1267,0.308,3.151265509927931,21.790803679126054,46.11222222,-64.67861111,MONCTON INTL A,1.6178497528867133,0.18503795163980002,0.971959754334786
117,727,527,0.667,3.219698343118908,-10.956891855957187,49.52055556,-113.99722220000001,PINCHER CREEK,2.211810875894495,0.29310695738356,0.971959754334786
118,727,545,0.275,3.224344841091907,-10.139873148240085,49.695,-112.7675,LETHBRIDGE CDA,0.8134469880237244,0.3285880166468459,0.971959754334786
119,727,679,0.27899999999999997,3.2308577774768055,-4.226503991244114,50.55,-103.65,INDIAN HEAD CDA,0.735278055019016,0.36880846586995175,0.971959754334786
120,727,781,0.304,3.200766413554716,0.27489230629413614,50.7,-96.56666667,VICTORIA BEACH (AUT),1.4845013573269845,0.19904041438521353,0.971959754334786
121,728,620,0.34850000000000003,3.2503764467056726,-6.832765655738073,50.279305555,-107.71194444999998,SWIFT CURRENT,0.9176056556094505,0.3691432940882414,0.971959754334786
122,728,738,0.18100000000000002,3.2380598177335678,-1.6042959815747406,50.71194472,-99.53000083,MCCREARY,1.036635288960637,0.16970743462822294,0.971959754334786
123,729,576,0.293,3.2944606413386714,-8.780880812800653,50.01888889,-110.72083329999998,MEDICINE HAT,0.8408329696293901,0.33869296079768996,0.971959754334786
124,731,521,0.157,3.3928706225609435,-11.240659239068288,49.627525,-114.48195,CROWSNEST,0.6989170280953293,0.21833447361615538,0.971959754334786
125,733,556,0.28800000000000003,3.4919882042729453,-9.668493619430778,50.05,-112.13333329999999,VAUXHALL CDA CS,0.8524686423117556,0.32836915676957823,0.971959754334786
126,734,1183,0.187,3.5026613441783248,18.07159315492528,47.80583333,-69.54861111,RIVIERE-DU-LOUP,1.5984416804474215,0.11370854269123495,0.971959754334786
127,735,474,0.171,3.565095085022112,-13.311513059059466,49.29611111,-117.6325,CASTLEGAR A,1.852585371314582,0.08971522746793062,0.971959754334786
128,735,502,0.141,3.5715724287243624,-12.065345530500947,49.61222222,-115.78194440000001,CRANBROOK A,1.059785670549178,0.12931513339880107,0.971959754334786
129,735,515,0.18600000000000005,3.5656954494166606,-11.468142510374218,49.745,-114.8839,SPARWOOD CS,1.218623574694975,0.1483514007609127,0.971959754334786
130,735,767,0.138,3.5846062509781897,-0.3490103538669817,51.08336111,-97.5545,FISHER BRANCH (AUT),0.5761692083983136,0.23279697030507446,0.971959754334786
131,735,1139,0.22699999999999998,3.589204874556557,16.1218655276776,48.52,-72.26583333,ROBERVAL A,2.0785561793146745,0.10614813610991376,0.971959754334786
132,736,446,0.1,3.628022144320439,-14.524791441949997,49.02829167,-119.44099170000001,OSOYOOS CS,0.7815343163602931,0.12436558881525879,0.971959754334786
133,736,820,0.16899999999999998,3.60887478161026,2.018637748676641,51.06722222,-93.79305556,RED LAKE A,1.7944854460190693,0.09153665684331956,0.971959754334786
134,737,534,0.47,3.6421127241754636,-10.626784979767747,50.00363056,-113.6386361,CLARESHOLM,1.6052225226783303,0.28458427294873656,0.971959754334786
135,737,731,0.28800000000000003,3.6385454019366055,-1.9201452319280081,51.10083333,-100.0525,DAUPHIN,1.3981421418242315,0.20021169584602172,0.971959754334786
136,737,1158,0.243,3.6779852770256394,16.979456792711613,48.33333333,-71.0,BAGOTVILLE A,2.2612390600343573,0.10444991176641198,0.971959754334786
137,738,1276,0.359,3.684848285505142,22.19274231102992,46.44111111,-63.83805556,SUMMERSIDE,0.6326489755019823,0.5515436921862127,0.971959754334786
138,739,383,0.544,3.7601333555044705,-17.325740433821284,48.29798417,-123.5314406,RACE ROCKS,1.8729724220025226,0.282303198993611,0.971959754334786
139,739,713,0.223,3.760227530037952,-2.739029127447539,51.18333833,-101.3627967,ROBLIN,0.9088331967313805,0.23848933555264945,0.971959754334786
140,739,1155,0.168,3.7341636155797224,16.86001938032433,48.42500333,-71.14250028,JONQUIERE,1.472210364226501,0.11091433853207262,0.971959754334786
141,739,1248,0.253,3.765983515622409,20.941037953738697,47.00944444,-65.465,MIRAMICHI RCS,1.798229509010428,0.13674885025217037,0.971959754334786
142,739,1288,0.311,3.7485350227656515,22.70872628876536,46.28916667,-63.11916667,CHARLOTTETOWN A,0.5231634106948623,0.5777917136762925,0.971959754334786
143,740,1052,0.159,3.7789790210924012,12.297713586348909,49.75778333,-77.79307222,MATAGAMI,0.9126710134548621,0.16932892429027946,0.971959754334786
144,740,1171,0.414,3.8028294572212555,17.56106413236668,48.26027778,-70.11444444,POINTE CLAVEAU,4.590662726455832,0.0876543022809395,0.971959754334786
145,741,387,0.3865,3.8237917476644463,-17.15786695651581,48.413188469999994,-123.32489015000002,VICTORIA GONZALES HTS,1.109885048387976,0.3384696871049989,0.971959754334786
146,741,532,0.523,3.851137098460191,-10.742119354071132,50.18333333,-113.88333329999999,STAVELY AAFC,2.055348438952915,0.2473230046463856,0.971959754334786
147,741,1133,0.23600000000000002,3.838216713691122,15.845765888702402,48.84166667,-72.54694444,NORMANDIN,1.5609926853017828,0.14694655790694083,0.971959754334786
148,742,385,0.2,3.866471761135751,-17.223584352495884,48.43197222,-123.43933329999999,ESQUIMALT HARBOUR,0.5270618734103745,0.36882187969533153,0.971959754334786
149,742,387,0.057,3.8607786888483604,-17.130742360455955,48.457,-123.3046111,VICTORIA UNIVERSITY CS,0.15071371595665092,0.36759564745266937,0.971959754334786
150,742,630,0.32799999999999996,3.8673502491107055,-6.388839086316044,50.95,-107.15,LUCKY LAKE,0.8527342353525887,0.37385950534751444,0.971959754334786
151,742,697,0.249,3.884990310819582,-3.4222113413113346,51.26472222,-102.4616667,YORKTON,0.7733499136100613,0.3129475733689576,0.971959754334786
152,743,378,0.493,3.9204327866692434,-17.544331235963643,48.37669444,-123.92102779999999,SHERINGHAM POINT,1.1830073492974784,0.40504918179215477,0.971959754334786
153,744,562,0.237,3.9532495945256017,-9.393013264990834,50.55529722,-111.84889720000001,BROOKS,0.6799134253019693,0.33879969596869947,0.971959754334786
154,745,639,0.273,4.004087085054908,-6.011307272124186,51.13333333,-106.58333329999999,ELBOW CS,0.6850431774359926,0.38734056724211263,0.971959754334786
155,746,387,0.188,4.066799462131285,-17.1441395448798,48.64722222,-123.4258333,VICTORIA INTL A,0.4542654677514681,0.402250328908804,0.971959754334786
156,746,447,0.22,4.074265803373255,-14.502793382081894,49.4625,-119.6022222,PENTICTON A,1.8558210695324628,0.1152218548782418,0.971959754334786
157,746,597,0.27399999999999997,4.04232783420433,-7.864501653195341,50.90946389,-109.50139170000001,LEADER AIRPORT,0.7327340517901423,0.3634565256481426,0.971959754334786
158,747,394,0.48700000000000004,4.113823072401467,-16.861117364424064,48.7839075,-123.04474499999999,SATURNA ISLAND CS,1.5983263205613847,0.2961500378688544,0.971959754334786
159,748,870,0.163,4.133851210697307,4.231720571439928,51.44916694,-90.21777972,PICKLE LAKE (AUT),1.6948946612321287,0.09347450527774835,0.971959754334786
160,749,405,0.23800000000000002,4.198153065137018,-16.35607410314257,49.02527778,-122.36,ABBOTSFORD A,1.616297828499617,0.1431211608731886,0.971959754334786
161,749,447,0.14800000000000002,4.178770978746291,-14.503269431170576,49.56255556,-119.64869440000001,SUMMERLAND CS,1.1971598511696737,0.12015942858508079,0.971959754334786
162,749,658,0.22899999999999998,4.189983408021939,-5.148035096424749,51.41666667,-105.25,LAST MOUNTAIN CS,0.5796916769081303,0.3839606339180549,0.971959754334786
163,749,1154,0.10300000000000001,4.201828370034858,16.777582007442813,48.89416667,-71.03166667,ONATCHIWAY,0.7896275274647973,0.12678364319175298,0.971959754334786
164,749,1268,0.457,4.204993378987614,21.84238071776973,47.05805556,-63.99861111,NORTH CAPE,0.8044229389395606,0.5521791911062977,0.971959754334786
165,750,434,0.158,4.247462226064249,-15.068282827752846,49.465,-120.51,PRINCETON CS,1.2802798260824344,0.11995005939819299,0.971959754334786
166,750,1302,0.442,4.229876092164572,23.347619828387366,46.46,-61.98833333,EAST POINT (AUT),0.7171280048474588,0.5990648928950384,0.971959754334786
167,751,399,0.1,4.280014154965024,-16.622549060683824,49.01805556,-122.7838889,WHITE ROCK CAMPBELL SCIENTIFIC,0.4558763433798065,0.21320688569378396,0.971959754334786
168,751,415,0.185,4.2821013480871,-15.91401292376641,49.24305556,-121.7602778,AGASSIZ RCS,1.4995850133251434,0.11990820990750195,0.971959754334786
169,753,419,0.248,4.348601221374459,-15.712183126678072,49.36833333,-121.49805559999999,HOPE A,1.9898867603115475,0.12113554594296987,0.971959754334786
170,753,1098,0.139,4.347111774083126,14.333709478181978,49.77194444,-74.52805556,CHIBOUGAMAU CHAPAIS A,0.8562424246435671,0.1577852275992691,0.971959754334786
171,754,633,0.223,4.388063674895859,-6.257252146675371,51.48333333,-107.05,OUTLOOK PFRA,0.571765080218188,0.37908405517515287,0.971959754334786
172,754,1193,0.304,4.416690511142627,18.502887617254068,48.51388889,-68.46833333,POINTE-AU-PERE (INRS),3.1861829038237373,0.09273659869405945,0.971959754334786
173,755,392,0.282,4.473602251907387,-16.916836294395274,49.10589583,-123.30336750000001,SANDHEADS CS,0.9272130694374289,0.29560913209378165,0.971959754334786
174,755,402,0.091,4.440478981070972,-16.50292136810328,49.20832333,-122.6900211,PITT MEADOWS CS,0.42638750828326494,0.20743651238888083,0.971959754334786
175,755,657,0.23800000000000002,4.44853377457857,-5.214215428951586,51.66666667,-105.4,WATROUS EAST,0.6064536862655294,0.3814411995022407,0.971959754334786
176,755,674,0.223,4.473410525238996,-4.462202619695296,51.76666667,-104.2,WYNYARD,0.580330385315766,0.3734890171203463,0.971959754334786
177,755,1227,0.231,4.448041820202402,20.021582577436224,47.99,-66.33416667,CHARLO AUTO,2.4897693916622314,0.09017811207866071,0.971959754334786
178,756,453,0.15,4.5077420619667485,-14.222879053496781,49.95722222,-119.37777779999999,KELOWNA,1.1592016236797793,0.12577101357692055,0.971959754334786
179,757,395,0.27699999999999997,4.531988130147841,-16.81361800373649,49.19472222,-123.1838889,VANCOUVER INTL A,1.0542809936455302,0.2553710572167035,0.971959754334786
180,757,477,0.079,4.535698860288343,-13.171617048682501,50.269425,-117.81709440000002,NAKUSP CS,0.6815083336316393,0.11266893859283443,0.971959754334786
181,757,621,0.265,4.5431919325944135,-6.78194231884097,51.56666667,-107.91666670000001,ROSETOWN EAST,0.6826251180576487,0.3773217950602371,0.971959754334786
182,757,1332,0.316,4.543164880667941,24.68839616601449,46.16138889,-60.04805556,SYDNEY A,0.8125430853455452,0.3779975338036101,0.971959754334786
183,758,603,0.32299999999999995,4.608767404503917,-7.569468433826363,51.51527778,-109.18055559999999,KINDERSLEY A,0.8779710621663985,0.3575778453056069,0.971959754334786
184,758,1195,0.311,4.566745837694851,18.630981416578855,48.60888889,-68.2075,MONT JOLI A,2.722559208442929,0.11102769874047896,0.971959754334786
185,758,1314,0.733,4.588363646646774,23.89393865227279,46.55,-61.05,GRAND ETANG,1.498319900359444,0.47549692142277733,0.971959754334786
186,759,1207,0.133,4.623521214546431,19.1592846264715,48.47194444,-67.43472222,AMQUI,1.4447638959103353,0.08947527529754198,0.971959754334786
187,760,386,0.379,4.680274358543418,-17.196777885610086,49.20866528,-123.8105558,ENTRANCE ISLAND,1.086546227961279,0.339030901229185,0.971959754334786
188,760,394,0.331,4.677418954367656,-16.81915663615698,49.33036111,-123.26472220000001,POINT ATKINSON,1.2834028108311293,0.25067630830297916,0.971959754334786
189,760,396,0.039,4.677969762216227,-16.76956278138926,49.34704167,-123.19330829999998,WEST VANCOUVER AUT,0.18098818761774876,0.20944146089310486,0.971959754334786
190,760,716,0.157,4.685965385398002,-2.6065900190944675,52.11497222,-101.2329167,SWAN RIVER RCS,1.0676133196712756,0.14293347471306103,0.971959754334786
191,760,1250,0.40299999999999997,4.662718972537827,21.02561753646174,47.80222222,-64.83333333,BAS CARAQUET,0.8670076204176902,0.4517835504239434,0.971959754334786
192,761,1241,0.2,4.7250855134720275,20.634842638445125,48.01194444,-65.33166667,NEW CARLISLE 1,1.5338406567768204,0.12673542718280023,0.971959754334786
193,762,531,0.32799999999999996,4.769292484492782,-10.758454639357664,51.07611667,-114.22224720000001,COP UPPER,1.334161611854986,0.23895365942852614,0.971959754334786
194,762,535,0.319,4.785993628558092,-10.619828647503724,51.1225,-114.01333329999999,CALGARY INTL A,1.3238354270143207,0.23420974790807036,0.971959754334786
195,764,395,0.52,4.833554553323542,-16.788834370638504,49.48778028,-123.2994528,HOWE SOUND - PAM ROCKS,2.61589399080511,0.19321083883010592,0.971959754334786
196,764,774,0.21,4.859738570519439,-0.013455308300481918,52.35973667,-97.02195333,BERENS RIVER CS,2.0001951843543013,0.10204581533186519,0.971959754334786
197,764,1005,0.196,4.867997166536083,10.202260909953266,51.29111111,-80.60777778,MOOSONEE,1.3696397266794111,0.13909067336377648,0.971959754334786
198,765,382,0.361,4.89026139347413,-17.3647279462562,49.35027778,-124.16027779999999,BALLENAS ISLAND,1.6058885914410732,0.21849427985536124,0.971959754334786
199,765,520,0.14400000000000002,4.895300185968008,-11.27565501371888,51.08333333,-115.06666670000001,BOW VALLEY,0.5693923203024365,0.24580978638747245,0.971959754334786
200,766,555,0.159,4.927599397797105,-9.731734597129488,51.44527778,-112.67666670000001,DRUMHELLER EAST,0.43641644171764127,0.3541149832279198,0.971959754334786
201,766,1252,0.354,4.9424908491171085,21.153074897500563,48.00888944,-64.49416889,MISCOU ISLAND (AUT),0.6487692788645302,0.5303484061956645,0.971959754334786
202,767,358,0.281,5.004338801292544,-18.44943354802297,49.08222222,-125.7725,TOFINO A,0.6930212073320815,0.39410149080358675,0.971959754334786
203,768,371,0.08,5.029547406576533,-17.84743393457936,49.31658333,-124.92683329999998,PORT ALBERNI (AUT),0.4830623108678503,0.1609663569221291,0.971959754334786
204,768,640,0.321,5.04256241367178,-5.954438330658734,52.17083333,-106.7,SASKATOON INTL A,0.8729349889047611,0.35741387973567185,0.971959754334786
205,768,900,0.139,5.020598546046365,5.562707450942914,52.19611111,-87.93611111,LANSDOWNE HOUSE (AUT),1.4684153189611946,0.09200558187319319,0.971959754334786
206,769,379,0.475,5.079146689740198,-17.48698992426041,49.48661111,-124.43494440000002,SISTERS ISLAND,2.5236734220351824,0.18294002673955612,0.971959754334786
207,769,399,0.3,5.083444099503577,-16.60690557305561,49.78320833,-123.16119440000001,SQUAMISH AIRPORT,1.3505871925349675,0.2158971504484235,0.971959754334786
208,769,514,0.099,5.073142772373729,-11.547420269197556,51.19335833,-115.5522361,BANFF CS,0.3954034518286452,0.24335653933755774,0.971959754334786
209,769,1191,0.305,5.058509723741355,18.448032282431036,49.13333333,-68.2,BAIE-COMEAU A,2.4862562876381116,0.1192345803391526,0.971959754334786
210,771,424,0.278,5.17993276318436,-15.499915037348574,50.22444444,-121.58194440000001,LYTTON A,1.4965900535546974,0.18054697815429194,0.971959754334786
211,771,1296,0.354,5.165444231688623,23.0678576687051,47.42527778,-61.77472222,ILES DE LA MADELEINE,0.5700542402893656,0.6035807274407059,0.971959754334786
212,772,459,0.125,5.207796525122266,-13.958871018330044,50.703,-119.2906778,SALMON ARM CS,1.1092216585900085,0.10953173186889179,0.971959754334786
213,773,476,0.221,5.269597433612625,-13.21091076569129,50.96666667,-118.18333329999999,REVELSTOKE A,1.3273571329868146,0.161827665192591,0.971959754334786
214,774,549,0.34299999999999997,5.30989534393918,-9.98887389338274,51.76752278,-113.20558190000001,THREE HILLS,1.0032636265605468,0.332297700136657,0.971959754334786
215,776,375,0.303,5.398795792297833,-17.691787034811796,49.71666667,-124.9,COMOX A,0.9789079762156754,0.30084932671807585,0.971959754334786
216,776,574,0.247,5.398588605657063,-8.8618198452816,52.07416667,-111.44944440000002,CORONATION CLIMATE,0.6606373048133346,0.3633976730825485,0.971959754334786
217,776,1213,0.364,5.405598077139555,19.402389265309935,49.10916667,-66.65444444,CAP-CHAT,1.6866251021853913,0.2097640727150601,0.971959754334786
218,776,1251,0.389,5.366081946486445,21.097426835756565,48.41944444,-64.31694444,CAP-D'ESPOIR,0.7546696614072523,0.5010037686306258,0.971959754334786
219,777,381,0.21899999999999997,5.420250279987988,-17.40771589134421,49.83416667,-124.50027779999999,POWELL RIVER A,0.7664308599934131,0.2777278386221915,0.971959754334786
220,777,443,0.23199999999999998,5.418355142112611,-14.664387962283548,50.7025,-120.44861110000001,KAMLOOPS A,1.8426457642298426,0.12237548170302756,0.971959754334786
221,777,611,0.183,5.410328566512973,-7.227467436188458,52.35974,-108.83472330000001,SCOTT CDA,0.46385334648508464,0.38345877288822205,0.971959754334786
222,777,702,0.16699999999999998,5.42698765633609,-3.2247601921992657,52.81666667,-102.3166667,HUDSON BAY(AUT),1.2091164752103247,0.1342445349987265,0.971959754334786
223,777,1201,0.387,5.422683544978833,18.88228840819151,49.31666667,-67.38111111,POINTE-DES-MONTS,3.2214625300593087,0.1167632469469192,0.971959754334786
224,779,529,0.24100000000000002,5.517421654690141,-10.882923913536082,51.77805556,-114.6825,SUNDRE A,0.9801258951306983,0.23899205393756848,0.971959754334786
225,780,670,0.19899999999999998,5.541946668719024,-4.606202104116121,52.81666667,-104.6,MELFORT,0.7335689187906478,0.2636698286392669,0.971959754334786
226,782,1246,0.22399999999999998,5.649388127428878,20.855594817345434,48.77527778,-64.47972222,GASPE A,0.6954822769237863,0.31304749552209016,0.971959754334786
227,785,541,0.223,5.804792691602261,-10.317703558344848,52.18222222,-113.89444440000001,RED DEER REGIONAL A,0.8310481477327628,0.260811633848146,0.971959754334786
228,785,621,0.24,5.761985990114917,-6.8094612132902,52.76916667,-108.24361110000001,NORTH BATTLEFORD,0.6600263893224023,0.353425779353806,0.971959754334786
229,787,1230,0.457,5.868297986258983,20.15536491863967,49.25083333,-65.32472222,CAP-MADELEINE,1.4573375408231568,0.30479253795939765,0.971959754334786
230,790,657,0.228,6.005225677793788,-5.20952598257508,53.21444444,-105.67305559999998,PRINCE ALBERT A,0.9288406730420824,0.23858432389974704,0.971959754334786
231,791,545,0.18600000000000005,6.047071002088248,-10.17697657634161,52.44889056,-113.75583470000001,LACOMBE CDA 2,0.6878181380112512,0.2628376664055245,0.971959754334786
232,792,582,0.217,6.101757326046463,-8.510033726362712,52.82944611,-111.0955575,WAINWRIGHT CFB AIRFIELD 21,0.5996141199666677,0.35175166772652594,0.971959754334786
233,792,1330,0.608,6.079406950452909,24.598249512028683,47.57388889,-59.15472222,PORT AUX BASQUES,1.1491250300762632,0.5142621691882655,0.971959754334786
234,794,430,0.09699999999999999,6.191028649156655,-15.238699301897416,51.26638889,-121.68472220000001,CLINTON A,0.645538844087665,0.14604868015916153,0.971959754334786
235,794,529,0.129,6.175998763409877,-10.874592927333422,52.42139056,-114.91222309999999,ROCKY MTN HOUSE (AUT),0.7240937514973528,0.17315825202179747,0.971959754334786
236,796,343,0.71,6.248778810188268,-19.10974178384189,50.0,-127.41666670000001,SPRING ISLAND,1.885092911215418,0.3660782030805898,0.971959754334786
237,797,632,0.172,6.295173195560265,-6.3103094044424735,53.36666667,-107.55,SPIRITWOOD WEST,0.9281692027828857,0.18011487263781656,0.971959754334786
238,798,806,0.172,6.378241100142728,1.3922661287442633,53.85722222,-94.65361111,ISLAND LAKE A,1.9861953656634812,0.08416950348171731,0.971959754334786
239,800,598,0.26,6.46704523008424,-7.8170025244777985,53.30916667,-110.0725,LLOYDMINSTER,0.7499588010457151,0.3369645582859691,0.971959754334786
240,800,763,0.11800000000000001,6.4610481802002715,-0.49984831390568507,53.95833333,-97.84416667,NORWAY HOUSE,1.1032961802432355,0.1039532748008061,0.971959754334786
241,800,1207,0.136,6.435424390605278,19.137592167078992,50.1625,-66.43388889,POINTE NOIRE CS,0.40558912906306344,0.325912400302469,0.971959754334786
242,801,870,0.198,6.510376338939495,4.213537302925556,53.81777778,-89.89694444,BIG TROUT LAKE A,1.8241487670370549,0.10550018443445208,0.971959754334786
243,802,560,0.198,6.516775361034116,-9.491789932268404,53.05,-112.81666670000001,CAMROSE,0.6772214421194156,0.28417297413975406,0.971959754334786
244,802,720,0.25,6.535111983149067,-2.420747743804285,53.97138889,-101.09111109999999,THE PAS A,1.3728820844185452,0.17699257739721302,0.971959754334786
245,802,1209,0.36,6.5325037176877245,19.21483378047518,50.22333333,-66.26555556,SEPT-ILES A,0.9460878171580662,0.3698446436099314,0.971959754334786
246,803,468,0.191,6.576147475295561,-13.555366981630291,52.129,-119.2899167,BLUE RIVER CS,1.0911087891954194,0.1701428078632175,0.971959754334786
247,803,588,0.213,6.585709845611426,-8.260379560551643,53.35,-110.83333329999999,VERMILION A,0.6174343734680506,0.3353027245802053,0.971959754334786
248,803,1351,0.596,6.5974818848218275,25.503337381900696,47.61666667,-57.61666667,BURGEO NL,0.9857212430891227,0.5876793440791829,0.971959754334786
249,806,653,0.147,6.729576085341241,-5.362373900028919,53.91666667,-106.06666670000001,WASKESIU LAKE,1.3482498677632597,0.10597300048265357,0.971959754334786
250,806,1389,0.544,6.71476506251557,27.179790829505052,46.91666667,-55.38333333,ST LAWRENCE,0.8527944854825379,0.6200158600450406,0.971959754334786
251,809,349,0.278,6.867564660433124,-18.82276917077382,50.68055556,-127.36666670000001,PORT HARDY A,1.029426212002864,0.26248099043384254,0.971959754334786
252,809,551,0.253,6.865799578478264,-9.887871635043584,53.31,-113.57944440000001,EDMONTON INTL A,0.9211912833102832,0.266943274759443,0.971959754334786
253,810,572,0.23600000000000002,6.878005261863822,-8.976850466754485,53.50527861,-112.09777890000001,VEGREVILLE,0.7855197680285383,0.2920136594381364,0.971959754334786
254,813,1236,0.433,7.044912937593031,20.436535753538802,50.22083333,-64.20722222,ILE AUX PERROQUETS,1.3903449452934395,0.302700833380696,0.971959754334786
255,814,1236,0.251,7.086267298013481,20.40473616969875,50.27138889,-64.22638889,LONGUE-POINTE-DE-MINGAN,0.8535880869463488,0.2858075248106938,0.971959754334786
256,815,432,0.19699999999999998,7.133638888131437,-15.169553726359851,52.18333333,-122.05444440000001,WILLIAMS LAKE A,1.5658980196284085,0.1222787622206653,0.971959754334786
257,815,490,0.067,7.132850238554062,-12.592642888786552,52.92638889,-118.02972220000001,JASPER WARDEN,0.2613242648214402,0.2491973088872068,0.971959754334786
258,815,553,0.20199999999999999,7.114992147794185,-9.794982561591828,53.57305778,-113.51666940000001,EDMONTON BLATCHFORD,0.7134670712321983,0.2751856088278097,0.971959754334786
259,815,1328,0.41700000000000004,7.124532675029857,24.51333158526017,48.54138889,-58.55,STEPHENVILLE A,0.9862230883976384,0.41096910255480523,0.971959754334786
260,816,562,0.09300000000000001,7.142631637147242,-9.392843562890613,53.68277778,-112.86805559999999,ELK ISLAND NAT PARK,0.32386689631489485,0.27910310742363426,0.971959754334786
261,816,622,0.231,7.135256531694517,-6.770335532255225,54.13333333,-108.51666670000002,MEADOW LAKE,1.3406945827600416,0.16746745018475306,0.971959754334786
262,817,554,0.245,7.200238602850177,-9.745862754574896,53.66666667,-113.46666670000002,EDMONTON NAMAO A,0.8650219203923416,0.27528798311147495,0.971959754334786
263,818,713,0.146,7.265521132500885,-2.727317658915374,54.68333333,-101.6833333,FLIN FLON,1.6114966671582542,0.08805858989650836,0.971959754334786
264,818,1244,0.298,7.255328756806281,20.762506711128115,50.28194444,-63.61138889,HAVRE ST. PIERRE,0.868643855267114,0.33344391379214755,0.971959754334786
265,823,404,0.12300000000000001,7.486040828213594,-16.408921290076986,52.11444444,-124.13555559999999,PUNTZI MOUNTAIN (AUT),0.49539311191427765,0.2413256198117379,0.971959754334786
266,824,514,0.218,7.522540248620198,-11.511341693922931,53.57888889,-116.465,EDSON,1.4690054818082168,0.1442385539529565,0.971959754334786
267,824,1403,0.48200000000000004,7.51460038982457,27.81527856645345,47.29388889,-53.99333333,ARGENTIA (AUT),0.8355821507037543,0.5606685125990233,0.971959754334786
268,825,1032,0.242,7.542721410153253,11.401670218484146,53.62527778,-77.70416667,LA GRANDE RIVIERE A,1.3962739704023912,0.1684585300127252,0.971959754334786
269,826,599,0.215,7.579602205498168,-7.751482276333977,54.41666667,-110.28333329999998,COLD LAKE A,1.151155038214925,0.18153188775165077,0.971959754334786
270,827,1268,0.307,7.6542643015069505,21.85600961365729,50.19000111,-61.81083361,NATASHQUAN A,0.7007145181780303,0.4258391068543081,0.971959754334786
271,827,1333,0.166,7.665857832939482,24.70211563681722,48.93333333,-57.91666667,CORNER BROOK,0.6313065261785068,0.2555736595917161,0.971959754334786
272,833,667,0.159,7.904538324729805,-4.758065253311719,55.15138889,-105.26694440000001,LA RONGE A,1.750863060580085,0.08826595547000073,0.971959754334786
273,834,526,0.16399999999999998,7.972963239537783,-10.980790802047476,54.14388889,-115.78666670000001,WHITECOURT A,1.096374086955638,0.1453896089003011,0.971959754334786
274,835,432,0.149,8.020698385001833,-15.164287207634962,53.02611111,-122.5102778,QUESNEL,1.5259400004730204,0.09490674820175779,0.971959754334786
275,835,925,0.145,7.980106995273844,6.671660120088416,54.98333333,-85.43333333,PEAWANUCK (AUT),1.0542618109053725,0.13368042256743928,0.971959754334786
276,837,1337,0.282,8.070483437802531,24.875225889222307,49.20916667,-57.39444444,DEER LAKE A,0.7856067886977793,0.3488929253994167,0.971959754334786
277,838,578,0.204,8.109405078695744,-8.687576342126368,54.76888889,-112.0236111,LAC LA BICHE CLIMATE,1.4301425298149284,0.13864337697163323,0.971959754334786
278,840,1416,0.45899999999999996,8.22406999626322,28.3736987013005,47.61861111,-52.7525,ST. JOHN'S INTL A,0.7767161540536973,0.5743791022129612,0.971959754334786
279,841,374,0.265,8.274004435315417,-17.733708226324985,52.3875,-126.59583329999998,BELLA COOLA A,0.6511080938752338,0.3955861358837202,0.971959754334786
280,841,1357,0.115,8.27658893315548,25.76313143670091,48.96666667,-56.06666667,BADGER (AUT),0.3687941052641685,0.3030834011526169,0.971959754334786
281,842,763,0.145,8.307440636147337,-0.48986586202626836,55.80472222,-97.8625,THOMPSON A,1.550904289117062,0.09087225134877829,0.971959754334786
282,842,1084,0.17,8.312570242602417,13.684976510224804,53.75472222,-73.67527778,LA GRANDE 4 A,1.038075286601125,0.15917261529067075,0.971959754334786
283,842,1124,0.307,8.299960359573916,15.44560701182247,53.2,-70.9,NITCHEQUON,2.296944604275211,0.12990807180347094,0.971959754334786
284,852,1377,0.424,8.7386436080759,26.64221291337854,48.93694444,-54.56805556,GANDER INTL A,1.3236360015426334,0.31134763285197287,0.971959754334786
285,853,629,0.21600000000000005,8.815509382302768,-6.460069106635214,55.84055778,-108.4205581,BUFFALO NARROWS (AUT),1.870400480646599,0.11224510959478382,0.971959754334786
286,855,436,0.21100000000000002,8.865117140250923,-14.980275179418216,53.88416667,-122.6775,PRINCE GEORGE,2.1572167968365674,0.09506856634223453,0.971959754334786
287,855,803,0.251,8.876679921987252,1.2833498653285929,56.35777778,-94.71083333,GILLAM A,1.678655610485876,0.1453317147448833,0.971959754334786
288,855,1178,0.20199999999999999,8.892514396232245,17.839988896406474,52.92277778,-66.86472222,WABUSH A,1.7111804604641196,0.11473709226575379,0.971959754334786
289,856,313,1.111,8.924111877737522,-20.434382001474788,51.93583333,-131.0158333,CAPE ST JAMES,1.725682901863076,0.6257507018816296,0.971959754334786
290,856,1323,0.591,8.917579732475861,24.275195660682837,50.23638889,-57.58111111,DANIELS HARBOUR,1.0405234448524472,0.5520569648416871,0.971959754334786
291,857,545,0.317,8.953923212545519,-10.136018786567163,55.29305556,-114.77722220000001,SLAVE LAKE,2.048991704829225,0.15037212761669375,0.971959754334786
292,857,695,0.083,8.975723983482212,-3.5215659822540544,56.33333333,-103.2833333,SOUTHEND,0.7382492889775508,0.10927563468637541,0.971959754334786
293,858,1398,0.7,8.995479641524717,27.61497888610964,48.66722222,-53.11416667,BONAVISTA,1.129973380539971,0.6021131468683152,0.971959754334786
294,861,1022,0.313,9.13979917784757,10.955175450483926,55.28194444,-77.76527778,KUUJJUARAPIK A,0.7905077696731433,0.3848455572202375,0.971959754334786
295,863,1351,0.353,9.231967574559613,25.520743079933737,49.91666667,-55.66666667,LA SCIE,0.6533284100387138,0.525159763463904,0.971959754334786
296,865,1365,0.609,9.307926075626447,26.1300268126886,49.68333333,-54.8,TWILLINGATE (AUT),1.0219557140199345,0.5792065960094417,0.971959754334786
297,867,493,0.284,9.437886557981983,-12.45984198960441,55.18,-118.88472220000001,GRANDE PRAIRIE A,1.2797185172667318,0.21570100495275157,0.971959754334786
298,867,723,0.168,9.42309185147768,-2.2572800940771485,56.86388889,-101.07611109999999,LYNN LAKE,1.367450345750867,0.11941145741462511,0.971959754334786
299,877,596,0.16,9.875099027183095,-7.879752848600816,56.65333333,-111.2233333,FORT MCMURRAY A,1.4359519711620004,0.10829997368764441,0.971959754334786
300,880,399,0.055,9.993046102170732,-16.637215800815376,54.38316667,-125.95866670000001,BURNS LAKE DECKER LAKE,0.5497448397637138,0.09724108826813173,0.971959754334786
301,881,668,0.139,10.018220835115724,-4.7207232354742645,57.25638889,-105.6175,KEY LAKE,0.7397686638614097,0.18262791120042052,0.971959754334786
302,882,1315,0.5579999999999999,10.09625351648879,23.91485136457841,51.44194444,-57.18611111,LOURDES DE BLANC SABLON A,1.3043796671987766,0.415794232735583,0.971959754334786
303,883,1207,0.212,10.125734161991552,19.12731413330217,53.56194444,-64.10638889,CHURCHILL FALLS A,1.7881287588734367,0.11523525187794331,0.971959754334786
304,885,517,0.2,10.227451806042815,-11.38184000759265,56.22722222,-117.44833329999999,PEACE RIVER A,1.0352128350856202,0.1877796954197148,0.971959754334786
305,887,315,0.531,10.323772689221395,-20.314826540757643,53.25416667,-131.8138889,SANDSPIT,0.8603150068645384,0.5999089001513093,0.971959754334786
306,887,441,0.109,10.289016576701737,-14.764541630471195,55.29944444,-123.13333329999999,MACKENZIE,1.0162283715794744,0.10425177665314407,0.971959754334786
307,887,594,0.631,10.290254007494347,-7.9895762516515,57.04111111,-111.5588889,MILDRED LAKE,4.821485339274175,0.1272028351905301,0.971959754334786
308,889,462,0.209,10.38206263167452,-13.816321842588273,55.68722222,-121.62666670000002,CHETWYND A,1.7797159219888166,0.1141415807692295,0.971959754334786
309,895,367,0.275,10.64777819559991,-18.038647503883904,54.46861111,-128.5783333,TERRACE A,0.803442529710363,0.3326795913310968,0.971959754334786
310,895,387,0.165,10.666020246224942,-17.140618041173113,54.82527778,-127.1827778,SMITHERS,1.2651480783696378,0.12676252069394794,0.971959754334786
311,895,1162,0.315,10.64635467799349,17.15967429927932,54.8,-66.8,SCHEFFERVILLE,1.3616968742152817,0.22484249498765693,0.971959754334786
312,897,477,0.264,10.754075326788575,-13.16379533089506,56.23833333,-120.74027779999999,FORT ST. JOHN A,1.3139089545316367,0.19529311696931972,0.971959754334786
313,898,342,0.516,10.795326265833655,-19.128600423923935,54.17223389,-130.36085,HOLLAND ROCK,0.886510527027455,0.56573635388,0.971959754334786
314,899,1255,0.302,10.842919556161506,21.254575182211557,53.31666667,-60.41666667,GOOSE A,2.0636431092627614,0.1422396365396582,0.971959754334786
315,900,694,0.18100000000000002,10.882796058295737,-3.5747623694192856,58.22916667,-103.6780556,COLLINS BAY SK,1.5771643894786964,0.11154494528800835,0.971959754334786
316,901,342,0.335,10.919285178335954,-19.126136662526037,54.28611111,-130.4447222,PRINCE RUPERT,0.5748409968828595,0.566428837657355,0.971959754334786
317,902,340,0.631,10.967979467992702,-19.21085652689934,54.295919999999995,-130.609,LUCY ISLAND LIGHTSTATION,1.011110534471946,0.6065673178902742,0.971959754334786
318,909,810,0.3720000000000001,11.268457599121216,1.5517889441548407,58.73916667,-94.06638889,CHURCHILL A,0.9033621208634774,0.40024816212897574,0.971959754334786
319,909,1325,0.7090000000000001,11.27986689754487,24.383441139208454,52.25,-55.6,BATTLE HARBOUR LOR,1.333423926442387,0.5168044851737089,0.971959754334786
320,924,607,0.17,11.94254780828768,-7.427261310792818,58.76722222,-111.1172222,FORT CHIPEWYAN,0.8555837522567445,0.19312330067171526,0.971959754334786
321,926,670,0.125,12.012536269432509,-4.60835687106438,59.25027778,-105.8413889,STONY RAPIDS,0.8762357631471113,0.13865557011218504,0.971959754334786
322,928,1292,0.517,12.101795426508016,22.892900269297673,53.6825,-57.04194444,CARTWRIGHT A,1.3980217565602782,0.35943875024338223,0.971959754334786
323,930,1000,0.331,12.19060493760752,9.99096232096503,58.47194444,-78.07694444,INUKJUAK A,0.8481985232907644,0.37929643809875896,0.971959754334786
324,937,535,0.13699999999999998,12.49905047634905,-10.59401058291503,58.62166667,-117.1647222,HIGH LEVEL,0.8739538090295175,0.15236329994571635,0.971959754334786
325,937,641,0.11699999999999999,12.505028437108782,-5.9288253650099705,59.56666667,-108.48333329999998,URANIUM CITY (AUT),0.5993779058490138,0.18972886745981654,0.971959754334786
326,954,602,0.151,13.254405188803434,-7.616407162004414,60.02027778,-111.96194440000001,FORT SMITH A,0.9086242956976559,0.16152542211284754,0.971959754334786
327,956,1115,0.39799999999999996,13.37070616294306,15.064053083611483,58.08944444,-68.42222222,KUUJJUAQ A,1.1849167906729383,0.3264701667410338,0.971959754334786
328,960,474,0.139,13.533499339002505,-13.294575311602362,58.83638889,-122.59694440000001,FORT NELSON A,1.2778910595533735,0.10572294472406274,0.971959754334786
329,963,731,0.6829999999999999,13.680146074231128,-1.9287538391095849,61.13194444,-100.8838889,ENNADAI LAKE (AUT),1.9051781009615676,0.34844433277687054,0.971959754334786
330,981,564,0.18100000000000002,14.46895520151025,-9.32449190230265,60.83972222,-115.78277779999999,HAY RIVER A,1.050623362203581,0.16744793792288343,0.971959754334786
331,984,387,0.092,14.589709320165424,-17.15233558751925,58.42416097,-130.02819445,DEASE LAKE A,0.479350171746969,0.18654483229433771,0.971959754334786
332,993,475,0.114,14.997475584227825,-13.24218056297659,60.23333333,-123.46666670000002,FORT LIARD,1.4229941231139172,0.07786638763601927,0.971959754334786
333,1002,827,0.441,15.383269314540911,2.3130205801707153,62.81055556,-92.11472222,RANKIN INLET A,1.2022646461175674,0.3565223788670945,0.971959754334786
334,1008,644,0.31,15.66280786056841,-5.760239646527088,62.71138889,-109.16833329999999,FORT RELIANCE (AUT),1.2052766736814244,0.2499903386692643,0.971959754334786
335,1013,416,0.16699999999999998,15.88092228038039,-15.851304381969424,60.11638889,-128.8225,WATSON LAKE A,1.958562723520967,0.0828757113696653,0.971959754334786
336,1013,587,0.171,15.89441465403033,-8.283480216051686,62.46305556,-114.44027779999999,YELLOWKNIFE A,0.7927827520051409,0.20964774721810628,0.971959754334786
337,1018,511,0.17600000000000002,16.08575343958177,-11.66274810335931,61.76027778,-121.23666670000001,FORT SIMPSON A,1.602103563086572,0.1067751927555501,0.971959754334786
338,1033,375,0.128,16.75783181903663,-17.66313094916276,60.16666667,-132.7333333,TESLIN (AUT),1.0904278502190783,0.11409360878838264,0.971959754334786
339,1034,784,0.45899999999999996,16.80136773505555,0.41776576870344745,64.29888889,-96.07777778,BAKER LAKE A,1.2100426542853826,0.36868909179332887,0.971959754334786
340,1043,914,0.424,17.2356309048905,6.170777032640615,64.19333333,-83.35944444,CORAL HARBOUR A,1.0648466932020046,0.38701433593105083,0.971959754334786
341,1056,357,0.20600000000000002,17.77245824907277,-18.46801649232351,60.70944444,-135.06722219999997,WHITEHORSE A,0.8723240447682916,0.22952905012053146,0.971959754334786
342,1060,982,0.38299999999999995,17.945757407728394,9.19841703659083,64.23027778,-76.525,CAPE DORSET A,0.9987856693669633,0.3727131829456104,0.971959754334786
343,1070,333,0.159,18.431071766210742,-19.56070522252211,60.77250222,-137.58027890000002,HAINES JUNCTION,0.33494529391381656,0.46139355813428884,0.971959754334786
344,1075,1065,0.467,18.620333990762582,12.840917173356567,63.75666667,-68.55611111,IQALUIT A,0.8969450832668905,0.5060568520216564,0.971959754334786
345,1077,391,0.08800000000000001,18.715569773111653,-16.976191200472176,62.2075,-133.37583329999998,FARO (AUT),0.4313624076919252,0.19828445144099718,0.971959754334786
346,1090,325,0.342,19.30709299608938,-19.875540277862292,61.37055556,-139.04,BURWASH A,0.5598124913455512,0.5937885294119177,0.971959754334786
347,1112,485,0.235,20.252036644210936,-12.797166285422927,65.28138889,-126.7986111,NORMAN WELLS A,1.0797046852194472,0.21154908874203027,0.971959754334786
348,1117,383,0.135,20.495273245882135,-17.319926783450793,63.61638889,-135.86833330000002,MAYO A,1.4677552598962513,0.0893981240744939,0.971959754334786
349,1132,611,0.33799999999999997,21.164691654628026,-7.243250377041287,67.81666667,-115.1438889,KUGLUKTUK A,1.034006047117173,0.31771806159266075,0.971959754334786
350,1142,359,0.111,21.61366280297779,-18.396830830256068,64.06085444,-139.1266667,DAWSON,0.8277542494393137,0.13033763680976543,0.971959754334786
351,1146,704,0.379,21.77127851845728,-3.1157058225385725,69.10805556,-105.13722220000001,CAMBRIDGE BAY A,1.1189408623794976,0.3292155638230212,0.971959754334786
352,1149,912,0.38,21.89388077907544,6.08211439629,68.77583333,-81.2425,HALL BEACH A,1.031118436118741,0.35819814068835626,0.971959754334786
353,1188,547,0.527,23.628385617874805,-10.089408995697315,69.35777889,-124.0825014,PAULATUK,1.5598204687553778,0.32838573463723575,0.971959754334786
354,1199,460,0.16,24.115860491842394,-13.935388265218222,68.30388889,-133.4830556,INUVIK A,1.229482182014894,0.12648703898962388,0.971959754334786
355,1207,549,0.408,24.46086288995579,-9.98332818240151,70.16666667,-124.71666670000002,CAPE PARRY A,1.2807715028087583,0.30962554905299605,0.971959754334786
356,1215,1003,0.39899999999999997,24.854394417513742,10.11149326530005,70.48583333,-68.51694444,CLYDE RIVER A,1.1649759991184332,0.33289264523307494,0.971959754334786
357,1240,914,0.3,25.95106807844152,6.194630635701443,72.68944444,-77.96888889,POND INLET A,0.8628585509342457,0.3379324757049969,0.971959754334786
358,1269,788,0.451,27.224807001792556,0.6017953027667291,74.71694444,-94.96944444,RESOLUTE BAY A,1.3744583196903002,0.3189284410630659,0.971959754334786
359,1392,826,0.36,32.659968222895984,2.294890389132624,79.99444444,-85.81194444,EUREKA A,0.9797706306993578,0.35713002676020333,0.971959754334786
360,1472,894,0.542,36.222646686411366,5.274983007715006,82.51777778,-62.28055556,ALERT,1.669425137512535,0.31555903586931494,0.971959754334786
