,ilocy,ilocx,RL50 (kPa),rlat,rlon,lat,lon,station_name,ratio,model_vals,best_tol
0,558,1009,0.402,-4.286848910227873,10.373390404111557,42.2756,-82.9556,WINDSOR A,1.2797630873442443,0.282395783696469,0.8990042288467428
1,559,1009,0.484,-4.227125340313413,10.379271031382924,42.3333,-82.9333,WINDSOR RIVERSIDE,1.5440026024023203,0.28181173146005156,0.8990042288467428
2,576,1017,0.389,-3.4945859613826147,10.7134921602455,42.9922,-82.3047,SARNIA AIRPORT,1.2220364050433468,0.28617203511950884,0.8990042288467428
3,577,1048,0.47,-3.434479081735439,12.106219211616422,42.774390000000004,-80.42905999999999,HAGERSVILLE 2 composite,1.316365116494127,0.3209838837748131,0.8990042288467428
4,579,1046,0.5870000000000001,-3.3628448895127754,11.999925006386508,42.8667,-80.55,DELHI CDA,1.6642630737770219,0.31708657762585285,0.8990042288467428
5,579,1050,0.446,-3.335374154899144,12.206799132067156,42.85,-80.2667,SIMCOE,1.2482718582887886,0.3212087842910305,0.8990042288467428
6,580,1035,0.45799999999999996,-3.290371679059054,11.534368202439223,43.0331,-81.1511,LONDON INT'L AIRPORT,1.2867604377826143,0.3199849208305924,0.8990042288467428
7,580,1037,0.491,-3.3033197995587598,11.625518178228763,43.001999999999995,-81.0328,DORCHESTER,1.374582562525943,0.3211237275937871,0.8990042288467428
8,580,1051,0.34,-3.2976268496041468,12.223659162002475,42.8833,-80.2333,WATERFORD,0.9408273973502905,0.32488577465829066,0.8990042288467428
9,587,1054,0.423,-2.9689855230488806,12.37546741076384,43.1717,-79.9342,HAMILTON A,1.180102006439381,0.32224230340015625,0.8990042288467428
10,590,1054,0.397,-2.851997203751697,12.387474338992014,43.2833,-79.8833,HAMILTON RBG,1.1077111708334746,0.3222001260343085,0.8990042288467428
11,591,1066,0.309,-2.817509219258394,12.915619247015943,43.2,-79.1667,ST CATHARINES A,0.8979917650770116,0.30934838994856495,0.8990042288467428
12,592,1046,0.467,-2.767016061611644,11.996249233882299,43.45,-80.3833,WATERLOO WELLINGTON A,1.2804358347467608,0.32788443081527946,0.8990042288467428
13,594,1044,0.41700000000000004,-2.666314502571736,11.94129167027309,43.56001071,-80.42801786,GUELPH OAC composite,1.1394572860246877,0.3290029104443056,0.8990042288467428
14,598,1059,0.406,-2.4868552600065392,12.60189887608841,43.59246944,-79.48505417,TORONTO NEW INT'L A composite,1.1355959250558045,0.32141337324175523,0.8990042288467428
15,599,1061,0.396,-2.4371144169958994,12.657472533066505,43.6286,-79.395,TORONTO ISLAND A,1.1082395540489658,0.32123530812687506,0.8990042288467428
16,600,1057,0.373,-2.4275243009702034,12.480315141272046,43.6772,-79.6306,TORONTO LESTER B. PEARSON INT'L A,1.0356473671011857,0.32378644315818794,0.8990042288467428
17,600,1060,0.436,-2.4007826199030635,12.645432657636889,43.6667,-79.4,TORONTO,1.2173912467314285,0.3219719583408934,0.8990042288467428
18,602,1053,0.494,-2.327916851748337,12.32637283896129,43.8081,-79.8081,SANDHILL,1.3636418354196633,0.3256779584747896,0.8990042288467428
19,603,1037,0.401,-2.300804570575231,11.625346633334846,43.9833,-80.75,MOUNT FOREST,1.110632206767639,0.32459052922365506,0.8990042288467428
20,603,1059,0.376,-2.3012399580428746,12.57237144415825,43.78,-79.4678,TORONTO NORTH YORK,1.0437298364041259,0.32386310926105766,0.8990042288467428
21,605,1058,0.415,-2.2032653790882666,12.564815949223863,43.8772,-79.4478,RICHMOND HILL,1.147415204472837,0.32515409724137956,0.8990042288467428
22,605,1060,0.41200000000000003,-2.2053809803339703,12.62287891217746,43.8622,-79.37,TORONTO BUTTONVILLE A,1.1415436056767627,0.3244639455233714,0.8990042288467428
23,608,1038,0.258,-2.068590235243496,11.658569176059126,44.2036,-80.6378,PRICEVILLE,0.7250928253191908,0.3198805490046832,0.8990042288467428
24,609,1050,0.365,-2.0028898354841,12.2065379573681,44.1514,-79.8722,ALLISTON NELSON,1.0267583818271135,0.3195849669570197,0.8990042288467428
25,611,1027,0.36,-1.9374790458624405,11.156459894997607,44.43423333,-81.2871,WALKERTON composite,1.079461031981089,0.29981769864435204,0.8990042288467428
26,611,1053,0.35700000000000004,-1.9211289341184725,12.318754222071837,44.2067,-79.6947,COOKSTOWN,0.9921621792323584,0.32347988707511893,0.8990042288467428
27,616,1053,0.442,-1.7233069520001558,12.319592020167152,44.3995,-79.6328,SHANTY BAY,1.221787153008585,0.3252283903720734,0.8990042288467428
28,616,1086,0.493,-1.7037724583668714,13.763648867181702,44.0833,-77.6667,SMITHFIELD CDA,1.1491747759018778,0.38567595992838566,0.8990042288467428
29,617,1071,0.49,-1.6437599584267275,13.111996013499192,44.29722,-78.52882667,HALIBURTON A composite,1.189806770350261,0.3702383303847093,0.8990042288467428
30,617,1074,0.37799999999999995,-1.6786484471005159,13.239909508912735,44.2333,-78.3667,PETERBOROUGH A,0.9053387665839675,0.3753551831059817,0.8990042288467428
31,617,1087,0.444,-1.647919910661428,13.848380542642577,44.1167,-77.5333,TRENTON A,1.0218334775192066,0.39062908623528747,0.8990042288467428
32,618,1028,0.348,-1.6065279350677362,11.219407227076683,44.7458,-81.1072,WIARTON A,0.9779389711456218,0.31991103828510836,0.8990042288467428
33,619,1089,0.441,-1.5905322191931184,13.936456970299941,44.1506,-77.3947,BELLEVILLE,0.9898274296111161,0.4005353388490914,0.8990042288467428
34,623,1084,0.499,-1.39563263390509,13.715114449914411,44.39395238,-77.62724286,STIRLING composite,1.113275431524825,0.4029578822017875,0.8990042288467428
35,623,1102,0.516,-1.3803565049833204,14.473210899310928,44.2186,-76.5967,KINGSTON A,1.1323892698743427,0.40965257657059495,0.8990042288467428
36,627,1099,0.48,-1.1950455367128394,14.354715693013972,44.4281,-76.6903,HARTINGTON IHD,1.0424130398701745,0.41396453549754103,0.8990042288467428
37,629,1055,0.46799999999999997,-1.1177117079756498,12.424309244301325,44.9667,-79.3,MUSKOKA A,1.1707278482212795,0.35937812510354894,0.8990042288467428
38,633,1067,0.502,-0.929498972966488,12.938661086656456,45.0322,-78.5311,HALIBURTON 3,1.2105915934149993,0.37279304212577336,0.8990042288467428
39,637,1052,0.48,-0.7779930357615851,12.262381226920443,45.33400909,-79.41611818,BURKS FALLS composite,1.1751515778635762,0.36720542096445374,0.8990042288467428
40,637,1111,0.0,-0.7598144491788071,14.912663873584123,44.7023375,-75.7747875,SOUTH MOUNTAIN composite,0.0,0.3819761711522813,0.8990042288467428
41,639,1000,0.371,-0.6883970505338951,9.992710779507949,45.8833,-82.5667,GORE BAY A,0.9171557690323944,0.3636574943578217,0.8990042288467428
42,640,1059,0.469,-0.6480473584073168,12.604555155685231,45.3833,-78.9,DWIGHT,1.1856433907970654,0.3556153448851713,0.8990042288467428
43,642,1043,0.59,-0.5742533922365206,11.880619147076752,45.6167,-79.8833,DUNCHURCH,1.392223378406711,0.38098232169222235,0.8990042288467428
44,647,968,0.355,-0.3282026503152139,8.56463998274487,46.4833,-84.5094,SAULT STE MARIE A,1.0247641579295743,0.31143409805178474,0.8990042288467428
45,651,1109,0.46,-0.14229068458931268,14.818651720335906,45.3225,-75.6692,OTTAWA MACDONALD-CARTIER INT'L A,1.1063286201672249,0.3737966619782408,0.8990042288467428
46,652,1108,0.491,-0.0926557441963778,14.770203286375427,45.3833,-75.7167,OTTAWA CDA,1.1890568777024169,0.3712278904745731,0.8990042288467428
47,652,1134,0.41200000000000003,-0.11059958944123897,15.91164378309388,45.05,-74.1667,HUNTINGDON,0.9805940217741834,0.3777197637965546,0.8990042288467428
48,653,1111,0.506,-0.08342891017602053,14.878650645037006,45.36306667,-75.56446667,OTTAWA ROCKCLIFFE A composite,1.2117578309018082,0.37540185686929817,0.8990042288467428
49,653,1131,0.42700000000000005,-0.06763698819223248,15.76386408140092,45.1333,-74.35,ST ANICET,1.0262445778689662,0.37405781623196405,0.8990042288467428
50,654,1102,0.425,-0.010141822987990141,14.504972791199682,45.5333,-76.05,LUSKVILLE,1.0663241462956234,0.3583120560358578,0.8990042288467428
51,654,1135,0.348,-0.02306995179155099,15.971452536902286,45.1167,-74.05,ORMSTOWN,0.8307625579756827,0.37658590729100244,0.8990042288467428
52,654,1141,0.33799999999999997,-0.002819591108613995,16.211153361252567,45.0667,-73.7167,HEMMINGFORD FOUR WINDS,0.7992908992523969,0.3801662569089833,0.8990042288467428
53,655,1050,0.327,0.0108004267438218,12.200271604969695,46.1167,-79.25,POWASSAN,0.9199263457280796,0.31956295653237066,0.8990042288467428
54,656,1096,0.0,0.06457777123853113,14.206951891737853,45.6833,-76.4333,CHARTERIS,0.0,0.33832255341111617,0.8990042288467428
55,656,1146,0.436,0.08212766041682308,16.43136179542141,45.0833,-73.3833,ST BERNARD DE LACOLLE,1.0102922244975137,0.3879727412255705,0.8990042288467428
56,657,1110,0.493,0.09932157620079315,14.83803900373631,45.55,-75.55,ANGERS,1.1847813444945146,0.3740851313037334,0.8990042288467428
57,657,1134,0.46399999999999997,0.12639370122986404,15.889859305178064,45.2833,-74.1,VALLEYFIELD,1.0982283852292638,0.3798280647224464,0.8990042288467428
58,657,1141,0.41,0.09970703767826301,16.204535378802806,45.1667,-73.6833,STE CLOTHILDE CDA,0.9664125112987857,0.38140207159756756,0.8990042288467428
59,658,1081,0.315,0.16636607784747412,13.543748046258958,45.95,-77.3167,PETAWAWA A,0.9129352059012139,0.3101932429116626,0.8990042288467428
60,659,1081,0.318,0.19407473605052883,13.584505642712083,45.9667,-77.25,SHEENBORO,0.9127893424817677,0.31319750512859934,0.8990042288467428
61,659,1157,0.385,0.2143332821945056,16.907970562019244,45.0667,-72.6833,SUTTON,0.8398883564024532,0.41209837648963155,0.8990042288467428
62,660,1046,0.36,0.2247059616752298,12.02855117692835,46.3636,-79.4228,NORTH BAY A,1.004056903713976,0.32233384501185863,0.8990042288467428
63,660,1148,0.384,0.2478536721012904,16.515278173256952,45.2167,-73.2,SABREVOIS,0.875433659216255,0.39433898873183654,0.8990042288467428
64,661,1024,0.386,0.27785930544065024,11.04782465123829,46.6256,-80.7978,SUDBURY A,0.9966967962509901,0.3481656945623979,0.8990042288467428
65,661,1128,0.39399999999999996,0.2806495088143387,15.648523738310713,45.5,-74.3667,RIGAUD,0.877061023604855,0.4038574929595764,0.8990042288467428
66,662,1146,0.413,0.34872560816845866,16.447024680651992,45.3333,-73.25,IBERVILLE,0.946419380402272,0.3923089004748507,0.8990042288467428
67,662,1158,0.46799999999999997,0.35043721364910185,16.950859185149188,45.1833,-72.5667,BROME,1.0119113408239522,0.41578146436988395,0.8990042288467428
68,663,1118,0.526,0.361483120581601,15.211915468380836,45.7,-74.9333,MONTEBELLO (SEDBERGH),1.159978080771744,0.4076596206531574,0.8990042288467428
69,663,1136,0.413,0.3845159255402604,15.995474941061378,45.5,-73.85,STE GENEVIEVE,0.9361343686911531,0.3966190740682007,0.8990042288467428
70,663,1138,0.47600000000000003,0.3730154780297401,16.072237754624673,45.4667,-73.75,MONTREAL/PIERRE ELLIOTT TRUDEAU INTL A,1.0906079388829775,0.39237382901259643,0.8990042288467428
71,663,1139,0.5670000000000001,0.378677196996154,16.15032437560446,45.44933929,-73.64116429,LAVALTRIE CDA composite,1.3061725096190429,0.3902512064847944,0.8990042288467428
72,663,1163,0.431,0.3750065977850023,17.189960041690064,45.1333,-72.2333,GEORGEVILLE,0.9012365369052125,0.42993243922788094,0.8990042288467428
73,664,1128,0.474,0.43111426674639375,15.628350571746576,45.65,-74.3333,LACHUTE,1.0283616693196262,0.41437562016025586,0.8990042288467428
74,664,1140,0.47,0.43899501354061177,16.174297228821235,45.5,-73.5833,MONTREAL MCGILL,1.078893333534222,0.39163462635721863,0.8990042288467428
75,665,1169,0.395,0.4860499102898444,17.47520195436037,45.15,-71.8,COATICOOK,0.8137056524373653,0.43640678829104934,0.8990042288467428
76,666,1099,0.0,0.5043901353927333,14.364356559816647,46.0667,-76.05,WRIGHT,0.0,0.35453278483061185,0.8990042288467428
77,666,1132,0.444,0.5070676872066261,15.82450983689447,45.6667,-74.0333,MONTREAL/MIRABEL INT'L A,0.9527296701439094,0.4189623668880399,0.8990042288467428
78,666,1134,0.433,0.521333283639665,15.929713258832273,45.65,-73.8833,STE THERESE OUEST,0.9485338210789607,0.4103900382253581,0.8990042288467428
79,666,1142,0.446,0.4892824791896059,16.280985270212184,45.5167,-73.4167,MONTREAL/ST-HUBERT A,1.01937099302535,0.39333656618545376,0.8990042288467428
80,666,1154,0.408,0.5088716677241474,16.78949405383804,45.3833,-72.7167,GRANBY,0.8982902643842487,0.4083242799262633,0.8990042288467428
81,666,1164,0.43700000000000006,0.5272872692490097,17.226791433609083,45.2667,-72.1167,MAGOG,0.9178090060097323,0.4280464077314369,0.8990042288467428
82,668,1049,0.0,0.6116695306403618,12.166449577432108,46.7097,-79.1011,BARRAGE TEMISCAMINGUE,0.0,0.3104367159871553,0.8990042288467428
83,668,1155,0.537,0.6005135224791582,16.855793371577782,45.45045263,-72.58703684,ST HYACINTHE composite,1.1709636676609216,0.41228031596834847,0.8990042288467428
84,668,1161,0.40299999999999997,0.6214263288690471,17.08527176163669,45.4,-72.2667,BONSECOURS,0.8574813045974589,0.422514989286346,0.8990042288467428
85,668,1174,0.474,0.6002534616609015,17.66009565819819,45.2,-71.5,ST MALO D AUCKLAND,0.9700025356696438,0.43930607271987954,0.8990042288467428
86,669,1146,0.494,0.6436379439510136,16.440798499950514,45.6167,-73.1333,STE MADELEINE,1.0923541872286588,0.40656052244099405,0.8990042288467428
87,669,1150,0.39,0.6413453724906322,16.600395614683634,45.5667,-72.9167,ST HYACINTHE 2,0.8598508102457018,0.4077587007797814,0.8990042288467428
88,669,1266,0.596,0.6616967255468574,21.753266688790557,43.8308,-66.0886,YARMOUTH A,1.2435317121415423,0.43087483428140483,0.8990042288467428
89,670,1167,0.294,0.6886805319462729,17.390734475406397,45.3689,-71.8236,LENNOXVILLE,0.618906676192461,0.4270550851171476,0.8990042288467428
90,671,1098,0.336,0.7391769186864998,14.331629182838835,46.3018,-76.0061,MANIWAKI UA,0.8779159249299446,0.3440710121719339,0.8990042288467428
91,671,1141,0.387,0.738457158552364,16.240560473908765,45.7667,-73.3667,VERCHERES,0.8492595184878385,0.40966822153865756,0.8990042288467428
92,671,1267,0.542,0.7390764935272756,21.803607253579266,43.8833,-65.9833,TUSKET,1.124874422061521,0.43316861196110085,0.8990042288467428
93,672,1140,0.467,0.7652575197208127,16.182646599358296,45.8094,-73.4347,L'ASSOMPTION,1.0123208633925953,0.41472520230832166,0.8990042288467428
94,672,1165,0.37200000000000005,0.7695743040876517,17.270669708561627,45.4833,-71.95,BROMPTONVILLE,0.7927752177714212,0.421846654176586,0.8990042288467428
95,672,1169,0.38799999999999996,0.7807929838028224,17.463999638422727,45.4333,-71.6833,SHERBROOKE A,0.8278567879501719,0.4213453895283286,0.8990042288467428
96,673,1126,0.535,0.8244980392844867,15.547958374592634,46.05,-74.2833,STE AGATHE DES MONTS,1.0774930837149084,0.44637619461533873,0.8990042288467428
97,673,1131,0.563,0.816943782864911,15.7555788147033,45.9833,-74.0,ST HIPPOLYTE,1.09955268421548,0.4603138968296382,0.8990042288467428
98,674,1147,0.45,0.8463890909946689,16.47479579678509,45.8,-73.0,FLEURY,0.9789134034950512,0.4132662823255331,0.8990042288467428
99,674,1178,0.32299999999999995,0.8834959655618496,17.87385061537259,45.4,-71.0833,NOTRE DAME DES BOIS,0.673874470817254,0.4309086907021957,0.8990042288467428
100,677,881,0.17,0.9978671020460085,4.707577833482668,48.2833,-89.9167,WHITEFISH LAKE,0.5759320421651245,0.2653624172904213,0.8990042288467428
101,678,1117,0.42,1.0340555599277181,15.137667577989024,46.3667,-74.7667,LA MACAZA,0.962654152319294,0.39222993554428187,0.8990042288467428
102,678,1143,0.40299999999999997,1.0447050148731867,16.327496188013978,46.0333,-73.1167,SOREL,0.8536872795870402,0.4243927640581625,0.8990042288467428
103,678,1154,0.405,1.0348232563982545,16.79264234742965,45.8833,-72.4833,DRUMMONDVILLE,0.8874586413859368,0.41026893615495597,0.8990042288467428
104,678,1172,0.326,1.0408049695193322,17.61091405605013,45.6333,-71.3667,LINGWICK,0.7121076699356367,0.41156048583289034,0.8990042288467428
105,678,1177,0.318,1.0494863716117762,17.79263385317223,45.5833,-71.1167,MILAN,0.6745090791736357,0.42383913515813565,0.8990042288467428
106,679,959,0.39399999999999996,1.1072814606393633,8.146944438375767,47.9667,-84.7833,WAWA A,1.0018604183814646,0.3535499154042333,0.8990042288467428
107,679,1135,0.542,1.1048802078623199,15.95810005194841,46.2,-73.6,STE BEATRIX,1.0797852055300803,0.4512566846993725,0.8990042288467428
108,680,890,0.248,1.1206948848156557,5.08967868562008,48.3694,-89.3272,THUNDER BAY A,0.7505772911786136,0.29704209196616427,0.8990042288467428
109,680,981,0.319,1.1215982693691606,9.121374066660865,47.82,-83.3467,CHAPLEAU A,1.0726748538466324,0.2673525420808589,0.8990042288467428
110,680,1147,0.45299999999999996,1.1514404604556916,16.500102870276372,46.0833,-72.8333,PIERREVILLE,0.9781624665272739,0.41634077119459706,0.8990042288467428
111,680,1254,0.0,1.117162822865409,21.200383894095932,44.46076667,-66.56365,METEGHAN RIVER composite,0.0,0.4747558317369157,0.8990042288467428
112,681,1132,0.595,1.1542596729610621,15.834532095958147,46.2833,-73.75,ST COME,1.1612345428658917,0.46063693114370885,0.8990042288467428
113,683,1178,0.312,1.2606717705989359,17.84366708527203,45.7667,-70.95,ST SEBASTIEN,0.6790437049154735,0.41306519355053695,0.8990042288467428
114,684,1138,0.5489999999999999,1.29909797368146,16.07911852243818,46.35,-73.35,ST CHARLES DE MANDEVILLE,1.0936780477152601,0.4512784385385768,0.8990042288467428
115,684,1150,0.406,1.3081477460879134,16.607760775956216,46.2,-72.6167,NICOLET,0.8745734086607189,0.41734142988718936,0.8990042288467428
116,684,1182,0.294,1.3054290288877226,18.025092727207987,45.75,-70.6833,ST LUDGER,0.6407977644390346,0.41246592598886717,0.8990042288467428
117,685,855,0.0,1.3728805146422267,3.547520198421301,48.75,-91.6167,ATIKOKAN,0.0,0.19875008883604192,0.8990042288467428
118,686,1105,0.40700000000000003,1.3913321643034506,14.630169131697288,46.85,-75.3333,STE ANNE DU LAC,1.0919302279799576,0.33508983611299054,0.8990042288467428
119,687,1166,0.457,1.4353865918581943,17.319534723993772,46.1,-71.5833,ST FERDINAND,1.0149649620387353,0.4047873059161642,0.8990042288467428
120,688,1033,0.275,1.464268420428553,11.450362801068342,47.7,-79.85,EARLTON A,0.9026268989110449,0.27389629450564246,0.8990042288467428
121,688,1149,0.40299999999999997,1.4827451771107225,16.55193535398155,46.3833,-72.6167,TROIS RIVIERES AQUEDUC,0.8568216265703881,0.4228402890289026,0.8990042288467428
122,688,1169,0.345,1.4868129159530434,17.472963414579834,46.1,-71.35,THETFORD MINES,0.7709100810120991,0.4023250786199778,0.8990042288467428
123,689,1140,0.634,1.5150610464679561,16.15629574000493,46.5333,-73.15,ST ALEXIS DES MONTS,1.2698577850312986,0.44884449881510685,0.8990042288467428
124,690,1149,0.441,1.5858719669451118,16.564190208663554,46.47778333,-72.55415833,RIVIERE A PIERRE composite,0.9270669676866142,0.4276507293866102,0.8990042288467428
125,691,1182,0.304,1.6268592987363577,18.036246116246513,46.05,-70.5167,ST COME DE LINIERE,0.6695885612779336,0.4081570405680351,0.8990042288467428
126,691,1284,1.014,1.6142468085780268,22.551400289984592,44.4,-64.55,BRIDGEWATER,1.8219269130705673,0.5003440486612369,0.8990042288467428
127,692,949,0.0,1.6822521533276675,7.721167762872969,48.6,-85.2833,WHITE RIVER,0.0,0.31388978236951065,0.8990042288467428
128,692,1150,0.375,1.664176253985097,16.626426689197242,46.5333,-72.4333,ST NARCISSE,0.7815523805194853,0.43135507513065974,0.8990042288467428
129,692,1179,0.377,1.6796607608428853,17.883321299254668,46.15,-70.7,ST GEORGES,0.8400861270489295,0.4034402942300723,0.8990042288467428
130,692,1246,0.6940000000000001,1.6654751578683622,20.850317762178534,45.1,-66.7333,PENNFIELD,0.98082621696443,0.6361054833450337,0.8990042288467428
131,693,746,0.0,1.7062631912498636,-1.2453482523306831,49.191,-98.9049,PILOT MOUND (AUT),0.0,0.1046305371934653,0.8990042288467428
132,693,758,0.295,1.6882373082187547,-0.7083728658870007,49.1833,-98.0833,MORDEN CDA,2.3404016006385886,0.11331655534564088,0.8990042288467428
133,693,1156,0.38,1.6981108675439935,16.892890608074847,46.4833,-72.05,FORTIERVILLE,0.8000697034416395,0.42698980537847797,0.8990042288467428
134,694,1153,0.415,1.7540822281724946,16.741931706325044,46.5833,-72.2333,STE ANNE DE LA PERADE,0.8620966079750009,0.43276675899206996,0.8990042288467428
135,695,1172,0.345,1.7744012915046719,17.594713197903786,46.3333,-71.05,ST SEVERIN,0.7864495449322837,0.39437553362540495,0.8990042288467428
136,695,1181,0.353,1.788085543520356,17.992307149959434,46.2167,-70.5,ST PROSPER,0.7836348266237022,0.4049698686187788,0.8990042288467428
137,696,1236,0.0,1.8336806041740799,20.412222624117724,45.4179375,-67.2232875,MAGAGUADAVIC LAKE composite,0.0,0.6078380358260361,0.8990042288467428
138,697,686,0.071,1.8662740844535828,-3.895667948011195,49.2167,-102.96700000000001,ESTEVAN A,0.6482766060979954,0.09845997780532298,0.8990042288467428
139,697,1157,0.40299999999999997,1.9009426839342536,16.922755381469877,46.6667,-71.9167,DESCHAMBAULT,0.836323867830281,0.4332038318661978,0.8990042288467428
140,698,1154,0.508,1.912824438817077,16.798519081378075,46.7167,-72.0833,ST ALBAN,1.0284092075830533,0.44407823742404906,0.8990042288467428
141,699,756,0.19399999999999998,1.956539149126066,-0.8130760493526549,49.45,-98.25,MIAMI THIESSEN,1.5924831157255572,0.10951878778118532,0.8990042288467428
142,699,780,0.0,1.9687963517466125,0.2366741605794048,49.46824211,-96.63602632,SPRUCE TCPL 43 composite,0.0,0.13070026654634967,0.8990042288467428
143,699,1148,0.473,1.9884978888085978,16.545808996887292,46.8667,-72.4,LAC AUX SABLES,0.9275264784472019,0.4584548367356554,0.8990042288467428
144,699,1180,0.37,1.9845023376234565,17.948131049345225,46.4167,-70.4667,STE GERMAINE,0.8257274987176224,0.4028345491580223,0.8990042288467428
145,701,1163,0.467,2.054217978278324,17.173129500136174,46.7333,-71.5,ST AUGUSTIN,0.9707203023120435,0.43249839719172845,0.8990042288467428
146,701,1168,0.43200000000000005,2.0641528045347988,17.411163562539105,46.6667,-71.1667,BEAUSEJOUR,0.9327422236194605,0.4163742318373268,0.8990042288467428
147,701,1273,0.618,2.0477520185861904,22.08183244528817,44.9833,-64.9167,GREENWOOD A,1.2647800935822733,0.43927368579441245,0.8990042288467428
148,702,1007,0.24600000000000002,2.1028662985791216,10.272256140147682,48.5697,-81.3767,TIMMINS VICTOR POWER A,0.9179871096890148,0.24091301278862093,0.8990042288467428
149,702,1183,0.48200000000000004,2.1043623241683953,18.088712820603085,46.4833,-70.2167,ST CAMILLE,1.0602542896987663,0.4086944448272335,0.8990042288467428
150,702,1256,0.643,2.0923818993230565,21.32172942210499,45.3181,-65.8856,SAINT JOHN A,1.0757278941718305,0.5373661148700489,0.8990042288467428
151,703,1062,0.28300000000000003,2.1295758090215102,12.715646487269279,48.0564,-77.7867,VAL-D'OR A,0.9146144822316559,0.27816987562109097,0.8990042288467428
152,703,1164,0.47600000000000003,2.142892402870948,17.22771444423007,46.8,-71.3833,QUEBEC/JEAN LESAGE INTL A,0.9857932609143925,0.4340930597700761,0.8990042288467428
153,703,1297,0.6970000000000001,2.1285083347995943,23.143751611246888,44.6333,-63.5,SHEARWATER A,1.2096628404936964,0.5180004928071071,0.8990042288467428
154,704,1277,0.534,2.1832299349175868,22.229032603976535,45.05,-64.65,WATERVILLE CAMBRIDGE,1.1224644657205718,0.4276912747487097,0.8990042288467428
155,705,1168,0.45,2.220882571941183,17.406153681880436,46.8167,-71.1,LAUZON,0.9588354325981004,0.4219200597174883,0.8990042288467428
156,705,1279,0.565,2.245163530071908,22.330642996726787,45.0667,-64.4833,KENTVILLE CDA,1.1802482505897567,0.4303648736989011,0.8990042288467428
157,705,1287,0.612,2.249827933933791,22.675906214322463,44.9333,-64.0333,SALMON HOLE,1.2133928049382847,0.45343155638885646,0.8990042288467428
158,707,675,0.0,2.3444152303763364,-4.421666135144434,49.65,-103.833,WEYBURN,0.0,0.09252671061956026,0.8990042288467428
159,707,813,0.18,2.3191516259454263,1.7019727769211224,49.7903,-94.3653,KENORA A,0.9142916663435671,0.17699030533611543,0.8990042288467428
160,707,1046,0.306,2.3301463594803966,12.017196687285196,48.4167,-78.7333,MONT BRUN,1.0057764139524696,0.27351535610786715,0.8990042288467428
161,708,1168,0.48,2.377566928011995,17.400888965846388,46.9667,-71.0333,CHATEAU RICHER,1.0048167721929506,0.42945345040834293,0.8990042288467428
162,708,1184,0.51,2.38587791745667,18.134863525524572,46.7333,-70.0167,STE LUCIE,1.1441266486791561,0.40073549308649337,0.8990042288467428
163,708,1295,0.76,2.353824406162802,23.043207937173968,44.88,-63.5,HALIFAX STANFIELD INT'L A,1.3411218977399721,0.5094564596066251,0.8990042288467428
164,709,756,0.121,2.406655175540253,-0.816592826955396,49.9,-98.2667,PORTAGE SOUTHPORT A,1.0610132814379276,0.102524175327036,0.8990042288467428
165,709,771,0.16899999999999998,2.4169256900823712,-0.15035553299554535,49.9167,-97.2333,WINNIPEG RICHARDSON INT'L A,1.4057156920966951,0.108081396209276,0.8990042288467428
166,709,777,0.0,2.4333932656282005,0.0966389221322516,49.9333,-96.85,OAKBANK,0.0,0.11518685186833702,0.8990042288467428
167,709,836,0.16699999999999998,2.408289044403697,2.742262906325916,49.8333,-92.75,DRYDEN A,0.8028858217749504,0.18699259863065393,0.8990042288467428
168,709,1242,0.57,2.4355673986902304,20.695842322706284,45.8721,-66.5279,FREDERICTON A,0.9383308667980135,0.5461105763165205,0.8990042288467428
169,710,732,0.18899999999999997,2.4461289022730366,-1.9022360052764455,49.91,-99.9519,BRANDON A,1.7291127739946288,0.09826530797034189,0.8990042288467428
170,710,1225,0.552,2.4503054913706883,19.923144460296516,46.1703,-67.5536,WOODSTOCK,0.9724135595010938,0.5103284805880413,0.8990042288467428
171,710,1240,0.581,2.4538374466501836,20.62178160144984,45.9167,-66.6167,FREDERICTON CDA,0.961454507516236,0.5432617486076294,0.8990042288467428
172,710,1248,0.647,2.4523914808738034,20.97348209091824,45.7833,-66.15,GAGETOWN 2,1.0602860257790725,0.5485837990144744,0.8990042288467428
173,711,763,0.0,2.5160958184100637,-0.5191396988927048,50.0134,-97.8071,MARQUETTE,0.0,0.10237657463715863,0.8990042288467428
174,712,1054,0.233,2.5693781490772243,12.368776262825914,48.5667,-78.1333,AMOS,0.778943736644223,0.268912856560992,0.8990042288467428
175,712,1355,0.528,2.558199415687226,25.705259485464225,43.9322,-60.0094,SABLE ISLAND,1.0024254197799285,0.47352573414916965,0.8990042288467428
176,713,1244,0.61,2.5880834006331126,20.757678859211282,45.9903,-66.3633,ACADIA FOREST EXP ST,1.0414236515675677,0.526579724563643,0.8990042288467428
177,713,1278,0.619,2.5929897681063143,22.295057999272316,45.4,-64.3333,PARRSBORO,1.2134239619332694,0.4586060891442466,0.8990042288467428
178,714,728,0.0,2.649934333757479,-2.0403860544524055,50.1082,-100.179,RIVERS PETTAPIECE,0.0,0.09315392055762828,0.8990042288467428
179,715,921,0.243,2.703334463357099,6.489334819136607,49.7828,-86.9306,GERALDTON A,0.9370033095038081,0.23314541730428184,0.8990042288467428
180,715,1163,0.501,2.6832756820036425,17.21270812915398,47.3167,-71.15,FORET MONTMORENCY,0.9416190834894581,0.4783262431163977,0.8990042288467428
181,716,848,0.18100000000000002,2.724053173483273,3.2714077284853,50.1167,-91.9,SIOUX LOOKOUT A,0.8734685877005619,0.18629149085902014,0.8990042288467428
182,717,988,0.307,2.7844182733983796,9.431461031270734,49.4,-82.4333,KAPUSKASING CDA,1.1805597412691513,0.23378257669471653,0.8990042288467428
183,717,1051,0.261,2.7724424149031415,12.216949590249524,48.8,-78.2833,LAC BERRY,0.8918059917326159,0.2631066688317905,0.8990042288467428
184,718,987,0.266,2.7939506024780143,9.406987093709729,49.4139,-82.4675,KAPUSKASING A,1.0279128740264025,0.23264143383721378,0.8990042288467428
185,718,1299,0.573,2.8057614051937527,23.227533862191482,45.2167,-63.0,UPPER STEWIACKE,1.026460554947256,0.5018501886374515,0.8990042288467428
186,718,1313,0.648,2.8341066245898623,23.849578318579603,44.9833,-62.1833,ECUM SECUM,1.188315876199836,0.49023559472727496,0.8990042288467428
187,719,1294,0.539,2.865301707549471,22.994531657643748,45.3667,-63.2667,TRURO,1.053955582054204,0.4597568318808656,0.8990042288467428
188,720,1218,0.384,2.915060025357727,19.622613419942642,46.7122,-67.7156,AROOSTOOK,0.7412155581069725,0.46574524792601196,0.8990042288467428
189,720,1293,0.595,2.906569872397495,22.932472395768386,45.42973684,-63.32314737,DEBERT A composite,1.1749791117997157,0.45524853232879514,0.8990042288467428
190,721,699,0.0,2.9639579026062517,-3.362546462664063,50.35,-102.26700000000001,WHITEWOOD,0.0,0.08910656717649378,0.8990042288467428
191,721,1179,0.479,2.9632011627512,17.917497467271644,47.35,-70.0333,LA POCATIERE CDA,1.1106167917386747,0.3877332206939244,0.8990042288467428
192,721,1276,0.486,2.952510648604285,22.20214615660833,45.7667,-64.25,NAPPAN CDA,0.9361362843775122,0.46672270107556635,0.8990042288467428
193,721,1304,0.69,2.9636487927491326,23.41369120676652,45.2833,-62.6667,TRAFALGAR,1.192017054235803,0.5203892978711889,0.8990042288467428
194,722,694,0.09,2.995535908365118,-3.5550168868492085,50.3681,-102.571,BROADVIEW,0.901741829597824,0.08972676872746693,0.8990042288467428
195,722,769,0.0,3.001732624824235,-0.24221326005617003,50.50114,-97.38028,GIMLI A composite,0.0,0.1150663495508622,0.8990042288467428
196,722,1273,0.5589999999999999,2.99186183107382,22.08356301670653,45.85,-64.3833,SACKVILLE,1.0906433375071887,0.4607769988986127,0.8990042288467428
197,724,695,0.149,3.0926391667634663,-3.503230109800849,50.46864,-102.5009,BROADVIEW A composite,1.4834087074966797,0.09029988122707881,0.8990042288467428
198,724,891,0.243,3.0628319237385395,5.168523459661336,50.2936,-88.9053,ARMSTRONG (AUT),1.1055893822297405,0.1975941801911798,0.8990042288467428
199,725,651,0.10800000000000001,3.1345694278645513,-5.464582646908156,50.3333,-105.56700000000001,MOOSE JAW A,1.1519690967656055,0.08428390743124588,0.8990042288467428
200,725,666,0.0,3.1348148797529256,-4.82227641711188,50.4,-104.56700000000001,REGINA CDA,0.0,0.07440614701655246,0.8990042288467428
201,725,774,0.0,3.133301139837197,-0.010608356324525762,50.6333,-97.0167,GIMLI,0.0,0.11368933483099267,0.8990042288467428
202,725,1267,0.57,3.143485364303546,21.790230230835956,46.1053,-64.6838,MONCTON A,1.084291958079968,0.47259633959661884,0.8990042288467428
203,726,489,0.35,3.187961984628174,-12.656336194902284,49.0971,-116.51799999999999,CRESTON,1.2835829501754292,0.24513529106424797,0.8990042288467428
204,726,545,0.261,3.16518878430455,-10.173529005346774,49.6303,-112.8,LETHBRIDGE A,3.0628813813446296,0.07660763657324235,0.8990042288467428
205,726,664,0.068,3.1741915710209807,-4.882522538616095,50.4333,-104.667,REGINA INT'L A,0.8205200628323366,0.07450431784758219,0.8990042288467428
206,726,1242,0.45,3.1668816081319098,20.688150177613355,46.5525,-66.1403,DOAKTOWN,0.8207895518887066,0.492881399440485,0.8990042288467428
207,727,545,0.0,3.2242799425895714,-10.139555795803165,49.695,-112.76700000000001,LETHBRIDGE CDA,0.0,0.0762004764492607,0.8990042288467428
208,728,620,0.09300000000000001,3.2540343879709486,-6.82970579631831,50.28335,-107.708,SWIFT CURRENT (HYBRID),0.971054894391474,0.08609955396511432,0.8990042288467428
209,729,576,0.13,3.294490341736107,-8.78098449257167,50.0189,-110.721,MEDICINE HAT A,1.490756799340576,0.0783967913490472,0.8990042288467428
210,729,1142,0.233,3.321200862802388,16.278681835293746,48.2167,-72.1667,LAC BOUCHETTE,0.7087843246535086,0.29553134576401663,0.8990042288467428
211,729,1213,0.444,3.3020657185607187,19.387549788287743,47.1578,-67.8319,ST LEONARD A,0.9297330795531771,0.4293252400998641,0.8990042288467428
212,729,1301,0.44799999999999995,3.2939386094819403,23.293464625867358,45.63357273,-62.62608182,STELLARTON LOURDES composite,0.9110680267603753,0.4420678617769901,0.8990042288467428
213,730,1311,0.748,3.336863255409132,23.744543989867303,45.4833,-62.0167,COLLEGEVILLE,1.4024077566514475,0.4795004591125452,0.8990042288467428
214,730,1326,0.741,3.3478667584073754,24.392707899410343,45.2164,-61.1778,DEMING,1.3798493769270026,0.4827788776909946,0.8990042288467428
215,733,1198,0.327,3.491313994124788,18.733677276905336,47.5667,-68.6333,STE ROSE DU DEGELIS,0.7305493388518167,0.4024018190132318,0.8990042288467428
216,735,474,0.381,3.5652891404836695,-13.311122271809033,49.2964,-117.632,CASTLEGAR A,1.1701934344088003,0.2927042667639438,0.8990042288467428
217,735,502,0.132,3.5715594149337595,-12.06538588634602,49.6122,-115.78200000000001,CRANBROOK A,1.0151424014279486,0.11689843517603549,0.8990042288467428
218,735,515,0.282,3.565855703432369,-11.467506817735874,49.7453,-114.883,SPARWOOD,3.3128879706905745,0.07652513298900812,0.8990042288467428
219,735,1139,0.225,3.5858890255644726,16.122340479606144,48.5167,-72.2667,ROBERVAL A,0.699132888115409,0.28932403971979437,0.8990042288467428
220,735,1316,0.763,3.568214239959637,23.980406366594252,45.592375,-61.571925,COPPER LAKE composite,1.466301229887341,0.4678030766316461,0.8990042288467428
221,736,570,0.187,3.5910565071829694,-9.028653520187895,50.2667,-111.18299999999999,SUFFIELD A,2.3553571940700007,0.07137507262915155,0.8990042288467428
222,736,820,0.18100000000000002,3.6085516827729736,2.018623133323337,51.0669,-93.7931,RED LAKE A,0.9419239925065785,0.17275254342788599,0.8990042288467428
223,736,1147,0.32299999999999995,3.5978108026814204,16.479739155928193,48.4167,-71.75,LAC STE CROIX,1.0268296141634194,0.2827911874688923,0.8990042288467428
224,737,725,0.174,3.6486471044256565,-2.1807652710283705,51.1,-100.46700000000001,GILBERT PLAINS,1.688187939929969,0.0926595505864248,0.8990042288467428
225,737,731,0.131,3.637650982133446,-1.9186062210436028,51.1,-100.05,DAUPHIN A,1.2707583746864082,0.09267659086487307,0.8990042288467428
226,737,1136,0.255,3.6504271546022258,15.99683941147927,48.6167,-72.4167,ST PRIME,0.7671929565463254,0.29881150028790293,0.8990042288467428
227,737,1158,0.24,3.677953743438618,16.97946760951628,48.3333,-71.0,BAGOTVILLE A,0.7026027254409706,0.3070882123148631,0.8990042288467428
228,738,768,0.0,3.686974162525788,-0.29212404081842136,51.1861,-97.4651,HODGSON 2,0.0,0.12294571718492923,0.8990042288467428
229,738,1188,0.26,3.71007111167222,18.31675132549891,47.9167,-69.1,ST CLEMENT,0.6377512229772775,0.3665082732557631,0.8990042288467428
230,738,1276,0.35600000000000004,3.6845959413421965,22.197652168319504,46.4389,-63.8317,SUMMERSIDE A,0.6654537450616794,0.4809432779430464,0.8990042288467428
231,738,1281,0.615,3.7031269177923956,22.396835274342646,46.3752,-63.55731667,SUMMERSIDE CDA composite,1.1826948641383075,0.4674811885173543,0.8990042288467428
232,738,1288,0.461,3.7088202378029633,22.71596758927946,46.25,-63.1333,CHARLOTTETOWN CDA,0.9017332862763039,0.4596048031117683,0.8990042288467428
233,738,1297,0.495,3.695154703131543,23.128978936207325,46.0667,-62.6,ALLISTON,0.9906116287189327,0.44922458042878477,0.8990042288467428
234,739,478,0.42700000000000005,3.7345715322890913,-13.108365117454234,49.5123,-117.399,NELSON RIXEN CREEK,1.4748993143661908,0.26027187210573893,0.8990042288467428
235,739,628,0.062,3.7636991911369555,-6.505263198283556,50.832,-107.311,BEECHY,0.6527031160684893,0.08539604119593225,0.8990042288467428
236,739,1248,0.47,3.765296967036392,20.93925168325036,47.0095,-65.4678,MIRAMICHI A,0.9062034763238374,0.4662661296247055,0.8990042288467428
237,739,1287,0.527,3.745334014783396,22.703007279034583,46.2886,-63.1286,CHARLOTTETOWN A,1.0283142568235344,0.460730001026852,0.8990042288467428
238,740,688,0.0,3.7987314058440207,-3.8097930656591097,51.15,-103.06700000000001,FENWOOD,0.0,0.07612107555496864,0.8990042288467428
239,740,1052,0.0,3.7814550733955166,12.289198024598608,49.76225,-77.8049,MATAGAMI A composite,0.0,0.23426873383946042,0.8990042288467428
240,740,1268,0.496,3.805146627159658,21.821103653985478,46.7003,-64.2617,O'LEARY,0.9321828641911816,0.4783461642956499,0.8990042288467428
241,741,387,0.387,3.823732054743596,-17.157965052632917,48.4131,-123.325,VICTORIA GONZALES HTS,1.0525970492968466,0.3305297471583286,0.8990042288467428
242,741,712,0.0,3.8447714814497687,-2.7576263152830216,51.2667,-101.4,ROBLIN FRIESEN 3 NORTHWEST,0.0,0.08744173527316869,0.8990042288467428
243,741,1133,0.33899999999999997,3.8488977138356315,15.851778350050044,48.85,-72.5333,NORMANDIN CDA,1.022509022244417,0.2980535398211835,0.8990042288467428
244,741,1152,0.0,3.827749452984931,16.694413110517512,48.5667,-71.3333,ST AMBROISE,0.0,0.2945425928929667,0.8990042288467428
245,741,1164,0.36200000000000004,3.8422604402526868,17.25132301995396,48.4,-70.5333,STE ROSE DU NORD,0.9518107747655576,0.34191620800119704,0.8990042288467428
246,741,1280,0.46299999999999997,3.8191632149950627,22.350518174671695,46.5,-63.55,LONG RIVER,0.8704693591187874,0.4781776102692667,0.8990042288467428
247,742,697,0.11800000000000001,3.887198018830976,-3.42540834014595,51.2667,-102.46700000000001,YORKTON A,1.3687590571810304,0.07750268277485839,0.8990042288467428
248,742,1237,0.521,3.862139802217241,20.45703721604458,47.2833,-66.0667,LITTLE RIVER MINE,1.1218315766635434,0.4175147258933224,0.8990042288467428
249,743,1180,0.433,3.9275140340820363,17.940016482155016,48.25,-69.5167,GRANDES BERGERONNES,1.1071825585540422,0.3515850462809103,0.8990042288467428
250,743,1296,0.0,3.9083084776241583,23.091926372857266,46.2758,-62.51987778,MONTAGUE composite,0.0,0.45060321979109874,0.8990042288467428
251,745,752,0.0,3.998016328472749,-0.9807957159508047,51.4881,-98.57141429,GYPSUMVILLE composite,0.0,0.11025620048785964,0.8990042288467428
252,746,387,0.5680000000000001,4.05401331129362,-17.1462653539833,48.63445,-123.4225,SAANICHTON CDA,1.4638980643620563,0.3488182780045388,0.8990042288467428
253,746,439,0.205,4.062019040754055,-14.8297517816315,49.3572,-120.07700000000001,HEDLEY,1.2409507060876788,0.14851183532874426,0.8990042288467428
254,746,447,0.15,4.074800059239958,-14.502483686793461,49.4631,-119.602,PENTICTON A,0.980852124591857,0.13748314444761406,0.8990042288467428
255,747,384,0.818,4.110152086638713,-17.269400328837698,48.6469,-123.626,SHAWNIGAN LAKE,1.499303254844477,0.4904848014039143,0.8990042288467428
256,747,629,0.0,4.078796581815819,-6.432663915289442,51.1539,-107.26299999999999,ROCK POINT,0.0,0.08055242704450238,0.8990042288467428
257,747,1295,0.449,4.097032741271308,23.04520507377626,46.4667,-62.4667,MONTICELLO,0.9284259686239041,0.4347712282870269,0.8990042288467428
258,748,870,0.0,4.131289646967927,4.234191060809857,51.4464,-90.2142,PICKLE LAKE A,0.0,0.1751571338649585,0.8990042288467428
259,748,1300,0.589,4.153673757113379,23.247299074645955,46.4333,-62.1667,EAST BALTIC,1.2179129076157673,0.4347712282870269,0.8990042288467428
260,749,405,0.804,4.198174141908334,-16.35606704872496,49.0253,-122.36,ABBOTSFORD A,0.9617686037825927,0.751531498481073,0.8990042288467428
261,749,422,0.7290000000000001,4.1991101393692425,-15.578263258483593,49.2667,-121.23299999999999,HOPE SLIDE,1.4521698797272165,0.4513067596143673,0.8990042288467428
262,749,482,0.297,4.196953729114685,-12.965453311805444,49.9958,-117.37,NEW DENVER,1.3303956621937099,0.20069537473326932,0.8990042288467428
263,750,434,0.168,4.250712703917452,-15.069322822765542,49.4678,-120.51299999999999,PRINCETON A,0.858018102133888,0.17602508626640276,0.8990042288467428
264,750,1239,0.0,4.219665485702747,20.576101392758304,47.56835714,-65.70261429,BATHURST composite,0.0,0.4049359504449671,0.8990042288467428
265,751,415,0.795,4.282087444883862,-15.91382619343588,49.2431,-121.76,AGASSIZ CDA,1.1086458828131238,0.6446678538323076,0.8990042288467428
266,751,1323,0.722,4.273588051025234,24.277623200008552,46.1,-60.75,BADDECK,1.4280356733718873,0.45452719797589775,0.8990042288467428
267,752,614,0.0,4.317492293513623,-7.124496208245403,51.2944,-108.40700000000001,BICKLEIGH,0.0,0.06573311354270155,0.8990042288467428
268,752,706,0.17800000000000002,4.329181842759334,-3.0410843278094837,51.7333,-101.9,PELLY 2,1.8788489242413617,0.08517063329045146,0.8990042288467428
269,752,1313,0.662,4.307962092008874,23.836527778183594,46.321999999999996,-61.30098,MARGAREE FORKS composite,1.376923810102865,0.4322249314957252,0.8990042288467428
270,753,419,1.023,4.348558395632354,-15.712158813189633,49.3683,-121.49799999999999,HOPE A,1.7348505782736596,0.5301213474104426,0.8990042288467428
271,753,1098,0.308,4.371155389527281,14.306667475765332,49.802625,-74.5576,CACHE LAKE composite,1.028718814097477,0.2691632530583421,0.8990042288467428
272,753,1192,0.34700000000000003,4.345598033008107,18.495415831965524,48.45,-68.5167,RIMOUSKI,0.9113745322677018,0.3422900864188161,0.8990042288467428
273,753,1223,0.231,4.377253566453017,19.848600589722924,47.989175,-66.612725,CAMPBELLTON composite,0.5845318418434221,0.3552757300760117,0.8990042288467428
274,754,385,0.794,4.407282646003369,-17.245770999404836,48.935,-123.742,CHEMAINUS,1.5020975806430825,0.4752083798701784,0.8990042288467428
275,754,402,0.938,4.414650227614725,-16.48604181669755,49.18924706,-122.6529608,PITT MEADOWS A composite,1.277886164294531,0.6598913034822453,0.8990042288467428
276,754,533,0.0,4.394858083561403,-10.672781136320898,50.7292,-113.961,OKOTOKS,0.0,0.06829072313346535,0.8990042288467428
277,754,1207,0.35600000000000004,4.415906609261064,19.14630208065784,48.2833,-67.5667,LAC HUMQUI,0.9013438256658858,0.3550759392321797,0.8990042288467428
278,755,652,0.0,4.450940225574171,-5.406924430771394,51.647925,-105.70825,VISCOUNT composite,0.0,0.06969721006833135,0.8990042288467428
279,755,674,0.081,4.473443711760957,-4.46219952097385,51.7667,-104.2,WYNYARD,1.0218699743220117,0.07126086915793783,0.8990042288467428
280,755,1227,0.379,4.442055448008857,20.024656104182274,47.9833,-66.3333,CHARLO A,0.9494686016945937,0.358856103429645,0.8990042288467428
281,756,453,0.132,4.506705494696642,-14.223333606531087,49.9561,-119.37799999999999,KELOWNA A,0.7959377777125074,0.14909275766356841,0.8990042288467428
282,757,384,0.621,4.547856150701866,-17.285246670498605,49.0544,-123.87,NANAIMO A,1.057862269536289,0.5277450970612162,0.8990042288467428
283,757,395,0.583,4.531847882450481,-16.812356613135417,49.195,-123.182,VANCOUVER INT'L A,0.9036295180689284,0.5800158747997777,0.8990042288467428
284,757,603,0.0,4.559467704196255,-7.568705942337367,51.4667,-109.167,KINDERSLEY KY,0.0,0.06800716255481691,0.8990042288467428
285,757,1195,0.29,4.5562730774171545,18.628454874362962,48.6,-68.2167,MONT-JOLI A,0.7729332553675698,0.3373010859023962,0.8990042288467428
286,757,1226,0.0,4.558528198692667,20.001159833155274,48.1,-66.3,NOUVELLE,0.0,0.3617842351604188,0.8990042288467428
287,757,1247,0.424,4.553130535964961,20.90147083831138,47.75,-65.0667,BERTRAND,0.8332979955415774,0.45743274923310445,0.8990042288467428
288,757,1332,0.7070000000000001,4.547908489350023,24.68599969266512,46.1667,-60.0481,SYDNEY A,1.3134700639264143,0.48390595815684745,0.8990042288467428
289,758,453,0.136,4.590826836110048,-14.224088312309972,50.0366,-119.416,WINFIELD,0.8197315658766814,0.14915196658603513,0.8990042288467428
290,759,603,0.046,4.610409614867476,-7.570753106418941,51.5167,-109.18299999999999,KINDERSLEY A,0.622486763907528,0.06643385357683435,0.8990042288467428
291,759,1249,0.507,4.651853828796736,21.005823736238465,47.8,-64.8667,BAS CARAQUET,0.9925646252020406,0.45920953905900047,0.8990042288467428
292,759,1251,0.534,4.632375784571248,21.087559840485376,47.75,-64.7667,HAUT SHIPPAGAN,1.0454230963666464,0.45920953905900047,0.8990042288467428
293,761,668,0.0,4.731195483550668,-4.7067675930473545,52.0,-104.633,LEROY,0.0,0.06964992435733364,0.8990042288467428
294,761,1235,0.337,4.715470111362363,20.38318679106956,48.1,-65.6833,CAPLAN,0.7668944016925178,0.3950536403091704,0.8990042288467428
295,761,1315,0.5489999999999999,4.70829070687878,23.912394653903753,46.65,-60.95,CHETICAMP,1.2192111052932642,0.40481366967055665,0.8990042288467428
296,762,534,0.217,4.778503714622416,-10.625797002736029,51.1139,-114.02,CALGARY INT'L A,2.477762997526689,0.07873388934069828,0.8990042288467428
297,763,391,0.665,4.788781407389454,-16.97143584939462,49.3856,-123.541,GIBSONS GOWER POINT,0.7318958790156606,0.816834510650786,0.8990042288467428
298,764,457,0.166,4.859998740791233,-14.047864832441528,50.3443,-119.271,VERNON NORTH,0.9191176821624418,0.1623673495622991,0.8990042288467428
299,764,520,0.46799999999999997,4.8363904848695105,-11.26905824222256,51.0275,-115.035,KANANASKIS,5.089762248956146,0.08266279612305338,0.8990042288467428
300,764,1005,0.23399999999999999,4.838614639714897,10.181446848171866,51.2667,-80.65,MOOSONEE UA,1.1138526194774938,0.1888642948551134,0.8990042288467428
301,764,1323,1.178,4.873758057634859,24.25294202573579,46.65,-60.4,INGONISH BEACH,2.5496071993016485,0.4153686818391226,0.8990042288467428
302,765,529,0.0,4.916387552544458,-10.861806565950413,51.1969,-114.434,COCHRANE,0.0,0.07583396963072157,0.8990042288467428
303,766,386,0.34600000000000003,4.946532338915584,-17.173074384200916,49.4675,-123.913,MERRY ISLAND LIGHTSTATION,0.36716153544894553,0.8471896785174706,0.8990042288467428
304,767,358,0.6990000000000001,5.0044347021713405,-18.449748667971477,49.0822,-125.773,TOFINO A,1.1232177622379276,0.559467609123119,0.8990042288467428
305,768,376,0.695,5.032427849855934,-17.630534663570668,49.3938,-124.617,QUALICUM R FISH RESEARCH,1.0303679964098704,0.6063929986427332,0.8990042288467428
306,768,622,0.0,5.044025402318534,-6.752163373239996,52.0667,-107.98299999999999,BIGGAR,0.0,0.06758289781091686,0.8990042288467428
307,768,640,0.087,5.039762809078846,-5.965341609252919,52.1667,-106.71700000000001,SASKATOON DIEFENBAKER INT'L A,1.2113551419223467,0.06456683527635568,0.8990042288467428
308,768,641,0.0,5.014279146457886,-5.895926545544545,52.15,-106.6,SASKATOON SRC,0.0,0.06427903344984146,0.8990042288467428
309,769,457,0.183,5.066941291229419,-14.03967533064155,50.5452,-119.35,SILVER CREEK,0.8982295546625393,0.1831578275564118,0.8990042288467428
310,769,513,0.168,5.0655475865321336,-11.558827532360517,51.1833,-115.56700000000001,BANFF,1.1408224797941418,0.1323893183394372,0.8990042288467428
311,769,901,0.158,5.061316046013959,5.590602250568889,52.2333,-87.8833,LANSDOWNE HOUSE,0.8457228568411506,0.16795415544085832,0.8990042288467428
312,769,1191,0.622,5.058478584630331,18.448044213540186,49.1333,-68.2,BAIE-COMEAU A,1.5322428372568961,0.3649425644199775,0.8990042288467428
313,769,1208,0.252,5.083231709000099,19.203872504046767,48.8833,-67.1167,ST JEAN DE CHERBOURG,0.7135944282167657,0.31747594531464207,0.8990042288467428
314,770,1295,0.455,5.100925893032472,23.02929875054479,47.3833,-61.8667,GRINDSTONE ISLAND,0.9832080924856426,0.41603291027757805,0.8990042288467428
315,771,377,0.855,5.152302859502165,-17.588380624383266,49.52080435,-124.6196087,CAPE LAZO composite,1.2302609989117277,0.6247849979345044,0.8990042288467428
316,771,1296,0.0,5.155209648688747,23.06626518785116,47.4167,-61.7833,ILES DE LA MADELEINE A,0.0,0.41603291027757805,0.8990042288467428
317,772,398,1.1540000000000001,5.2151149274009825,-16.64324273203796,49.8958,-123.281,SQUAMISH UPPER,1.1672445013700583,0.8888033988349732,0.8990042288467428
318,772,424,0.408,5.1885658794574345,-15.497821704493647,50.2333,-121.583,LYTTON,1.8471387614828283,0.19857399618154292,0.8990042288467428
319,773,476,0.331,5.253797842772089,-13.203936242889501,50.9533,-118.166,REVELSTOKE AIRPORT RD,1.0682070913673756,0.27856995347911623,0.8990042288467428
320,776,375,0.67,5.398827057118161,-17.69177543345937,49.7167,-124.9,COMOX A,0.9402788168231568,0.6405896023079307,0.8990042288467428
321,776,405,0.778,5.367198301998756,-16.368037148016132,50.1289,-122.955,WHISTLER,1.3565525433039647,0.5155902685046566,0.8990042288467428
322,776,494,0.151,5.394415140675882,-12.39295400636217,51.2992,-116.98200000000001,GOLDEN A,1.152638660880997,0.11777293540726853,0.8990042288467428
323,776,574,0.122,5.391313639347458,-8.863542897471344,52.0667,-111.45,CORONATION A,1.5931432316052083,0.06884410249089373,0.8990042288467428
324,777,443,0.138,5.416834683190573,-14.660457567490104,50.7022,-120.44200000000001,KAMLOOPS A,0.928892616254246,0.1335596616981758,0.8990042288467428
325,778,349,0.55,5.466629246781768,-18.811593513119927,49.3833,-126.54299999999999,ESTEVAN POINT,0.9851152544386733,0.5019233268775759,0.8990042288467428
326,778,484,0.0,5.45128229469057,-12.84537403334695,51.2382,-117.70100000000001,GLACIER NP MT FIDELITY,0.0,0.17944995704888816,0.8990042288467428
327,778,487,0.48200000000000004,5.482574779413113,-12.71709709241998,51.3017,-117.51700000000001,GLACIER NP ROGERS PASS,2.8054734997724573,0.15445522416778318,0.8990042288467428
328,778,701,0.0,5.480382492219133,-3.271726726194787,52.8667,-102.4,HUDSON BAY,0.0,0.09169698266957677,0.8990042288467428
329,782,1246,0.542,5.651301920249028,20.85593090429929,48.7769,-64.4781,GASPE A,1.1604171169684614,0.41990098638658546,0.8990042288467428
330,783,371,0.701,5.703163327113734,-17.835905794927697,49.9519,-125.273,CAMPBELL RIVER A,1.0361944445146938,0.6081889048505027,0.8990042288467428
331,785,442,0.0,5.783119687623349,-14.73613903296527,51.0297,-120.728,CRISS CREEK,0.0,0.14737089422043703,0.8990042288467428
332,785,538,0.0,5.772569187380431,-10.47561217851205,52.1167,-114.133,MARKERVILLE,0.0,0.0691283505620201,0.8990042288467428
333,785,541,0.063,5.801064729915265,-10.317618290854872,52.1786,-113.89299999999999,RED DEER A,0.8129618133136323,0.0696678066420996,0.8990042288467428
334,785,620,0.083,5.765774172302074,-6.816518407766225,52.7719,-108.256,NORTH BATTLEFORD A,1.2822778989250783,0.058191247822980255,0.8990042288467428
335,785,1249,0.611,5.79153324323768,20.99524749910319,48.85,-64.2,CAP DES ROSIERS,1.3008025537311467,0.422271298783819,0.8990042288467428
336,788,451,0.138,5.932724915674236,-14.330120957742263,51.2918,-120.18299999999999,DARFIELD,0.5788830881989517,0.21431371223305185,0.8990042288467428
337,790,657,0.158,6.007061876745139,-5.205649220236125,53.2167,-105.667,PRINCE ALBERT A,2.0098750000881,0.07067238915433006,0.8990042288467428
338,790,680,0.111,6.022339598671445,-4.196613718484254,53.3333,-104.0,NIPAWIN A,1.2754234977390868,0.07824026260993537,0.8990042288467428
339,791,545,0.0,6.063709187450945,-10.169656485245808,52.4667,-113.75,LACOMBE CDA,0.0,0.07064895065499678,0.8990042288467428
340,792,372,0.696,6.099084371860609,-17.80527022983485,50.3332,-125.446,CHATHAM POINT,0.9006099971074006,0.6947590469648266,0.8990042288467428
341,792,442,0.0,6.087149700909907,-14.713699399972128,51.3265,-120.839,VIDETTE LAKE SHARPE LAKE,0.0,0.16337785556047793,0.8990042288467428
342,792,1330,0.6829999999999999,6.07942366355763,24.598257854640586,47.5739,-59.1547,PORT AUX BASQUES,1.2333862670854852,0.49783259688245574,0.8990042288467428
343,793,529,0.0,6.139577167823878,-10.886185966541683,52.3833,-114.917,ROCKY MTN HOUSE,0.0,0.06771027899906376,0.8990042288467428
344,793,645,0.0,6.135210259560193,-5.725413134004645,53.2833,-106.55,CAMEO,0.0,0.06698850969600822,0.8990042288467428
345,794,1327,1.117,6.194931185731555,24.47214019417098,47.733779999999996,-59.242580000000004,ST ANDREWS composite,1.9953015799618894,0.5032761632158843,0.8990042288467428
346,796,536,0.0,6.264631474439351,-10.568320690412506,52.57634167,-114.45775,ROCKY MTN HOUSE A composite,0.0,0.06620792749384728,0.8990042288467428
347,797,593,0.0,6.305541257003819,-8.01463445560685,53.1167,-110.35,PARADISE VALLEY,0.0,0.06322684588452056,0.8990042288467428
348,798,806,0.111,6.37108696084185,1.3946292957132782,53.85,-94.65,ISLAND LAKE A,0.6857711518547779,0.1455142420792882,0.8990042288467428
349,800,598,0.14300000000000002,6.467027949933973,-7.816700497910845,53.3092,-110.072,LLOYDMINSTER A,2.191388212187859,0.05866491569594311,0.8990042288467428
350,800,763,0.107,6.452753004204012,-0.5033945328851623,53.95,-97.85,NORWAY HOUSE A,0.7491267494755814,0.12840744580799007,0.8990042288467428
351,801,439,0.099,6.4965383453506425,-14.83152150856505,51.6814,-121.21700000000001,100 MILE HOUSE 6NE,0.5461756703777394,0.1629538324075722,0.8990042288467428
352,802,610,0.0,6.521524327565458,-7.277127875163325,53.45,-109.2,BUTTE ST PIERRE,0.0,0.05976992293232336,0.8990042288467428
353,802,720,0.17,6.530706804739108,-2.4262533068727663,53.9667,-101.1,THE PAS A,1.5941926004228817,0.09586716113436095,0.8990042288467428
354,802,870,0.14400000000000002,6.527474346337769,4.229992367547862,53.8333,-89.8667,BIG TROUT LAKE,0.911519400606516,0.1420228783586963,0.8990042288467428
355,802,1209,0.6,6.526088218670024,19.216683889338345,50.2167,-66.2667,SEPT-ILES A,1.2323287905652403,0.4377099207920269,0.8990042288467428
356,803,468,0.303,6.576161870116752,-13.555416375438215,52.129,-119.29,BLUE RIVER A,1.3451557786133947,0.20250314920503482,0.8990042288467428
357,803,548,0.0,6.564121184996623,-10.039006639652118,52.9833,-113.71700000000001,BRIGHTVIEW,0.0,0.07069183263465147,0.8990042288467428
358,803,588,0.0,6.5856745408813815,-8.260182462283357,53.35,-110.833,VERMILION A,0.0,0.06016139726182717,0.8990042288467428
359,803,1351,0.8220000000000001,6.597500707225498,25.503301629128412,47.6167,-57.6167,BURGEO,1.6742084321235582,0.4413915626829701,0.8990042288467428
360,805,354,0.5870000000000001,6.6747472272446595,-18.602265614133806,50.5833,-126.93299999999999,ALERT BAY,0.9295959987784739,0.5676826094631187,0.8990042288467428
361,805,1238,0.0,6.651074614591509,20.49928337364058,49.8351,-64.36443333,PORT MENIER composite,0.0,0.4717756631706525,0.8990042288467428
362,806,1389,0.606,6.714805284597526,27.17979422671576,46.9167,-55.3833,ST LAWRENCE,4.946786637239977,0.11013140501751889,0.8990042288467428
363,809,349,0.618,6.867169200978581,-18.822471420345344,50.6803,-127.366,PORT HARDY A,1.0015903562026731,0.5547024389628445,0.8990042288467428
364,809,572,0.076,6.849001617251035,-8.94303792876865,53.4833,-112.03299999999999,VEGREVILLE CDA,1.1320689568203348,0.06035349788607963,0.8990042288467428
365,810,551,0.096,6.872797573742963,-9.888532509729613,53.3167,-113.583,EDMONTON INT'L A,1.28866337467195,0.06697203293393629,0.8990042288467428
366,811,1228,0.0,6.955154706028982,20.071145631038487,50.2833,-64.7833,RIVIERE AU TONNERRE,0.0,0.48662907938169503,0.8990042288467428
367,812,559,0.124,6.98369096721194,-9.527016403047012,53.5,-113.03299999999999,UNCAS,1.7611230982785502,0.06329854198491938,0.8990042288467428
368,814,437,0.083,7.063303973997932,-14.953217742857733,52.1836,-121.686,SPOKIN LAKE 4E,0.3828021404013468,0.19492406943191987,0.8990042288467428
369,815,432,0.159,7.133331673139345,-15.169367061339733,52.1831,-122.054,WILLIAMS LAKE A,0.8867010997710039,0.16120615213350667,0.8990042288467428
370,815,489,0.175,7.097323706908893,-12.626067082342265,52.8833,-118.06700000000001,JASPER,1.7923133522725259,0.08777803270209539,0.8990042288467428
371,815,553,0.078,7.1153958025878365,-9.795709266970313,53.5733,-113.51799999999999,EDMONTON CITY CENTRE A,1.08976104824629,0.06434651886566424,0.8990042288467428
372,815,554,0.0,7.123156419061693,-9.770329174268298,53.5862,-113.47929409999999,OLIVER TREE NURSERY composite,0.0,0.0640769530804545,0.8990042288467428
373,815,1328,0.49200000000000005,7.117358910371174,24.517097913492673,48.5333,-58.55,STEPHENVILLE A,0.9264266447987144,0.4774367005481569,0.8990042288467428
374,816,545,0.07400000000000001,7.165517526809998,-10.146227458310676,53.5475,-114.10799999999999,EDMONTON STONY PLAIN,1.0070962722703523,0.06605755057029958,0.8990042288467428
375,816,622,0.065,7.135252540529704,-6.770535142688353,54.1333,-108.51700000000001,MEADOW LAKE A,0.8591301926202587,0.06801678648589535,0.8990042288467428
376,817,336,0.48700000000000004,7.217536626163485,-19.408809155479275,50.7822,-128.42700000000002,CAPE SCOTT,0.8914929707908565,0.4911032097762606,0.8990042288467428
377,817,554,0.10300000000000001,7.20031278290669,-9.74605025536421,53.6667,-113.46700000000001,EDMONTON NAMAO A,1.44917328306317,0.06389673109035515,0.8990042288467428
378,818,343,0.599,7.225774117220209,-19.07644773785695,50.9167,-127.95,BULL HARBOUR,0.8771871657040362,0.6138980985283711,0.8990042288467428
379,818,713,0.0,7.265476171623048,-2.7271258170741155,54.6833,-101.68299999999999,FLIN FLON A,0.0,0.09446612306823189,0.8990042288467428
380,818,1417,0.583,7.251016002521476,28.45011299373771,46.74611667,-53.39608333,CAPE RACE (AUT) composite,1.0657122070075684,0.49180206623449974,0.8990042288467428
381,820,1390,0.6759999999999999,7.3432719055429,27.244436784751777,47.4306,-54.8428,BOAT HARBOUR,1.571552487509158,0.38670477984710433,0.8990042288467428
382,821,1331,0.7170000000000001,7.362144133067964,24.62615250390588,48.7,-58.2333,GALLANTS,1.4110814476381077,0.4568028536992204,0.8990042288467428
383,824,514,0.08900000000000001,7.52710801321648,-11.51139931173636,53.5833,-116.46700000000001,EDSON A,1.3337304002383197,0.059990667044151624,0.8990042288467428
384,825,1032,0.141,7.55110484508539,11.40209725081259,53.6333,-77.7,LA GRANDE RIVIERE A,0.5833454136565097,0.21729766498520955,0.8990042288467428
385,825,1399,0.57,7.574171644166242,27.635093055999413,47.43571429,-54.1762,ARGENTIA A composite,2.7855200255711585,0.18396292460240754,0.8990042288467428
386,826,599,0.11,7.579601901793152,-7.751283756222322,54.4167,-110.28299999999999,COLD LAKE A,1.5821733928719623,0.06250292516525996,0.8990042288467428
387,826,1410,0.703,7.601455119667214,28.116150540572814,47.2167,-53.55,COLINET,1.4046658246883157,0.44992905911944997,0.8990042288467428
388,827,532,0.0,7.645226302241052,-10.733684917502696,53.8833,-115.25,RONAN,0.0,0.06401143426249886,0.8990042288467428
389,827,1268,0.456,7.646599951001509,21.855483859627054,50.1833,-61.8167,NATASHQUAN A,0.7930960725255285,0.5168931514799794,0.8990042288467428
390,828,1332,0.431,7.670314249600299,24.67471781601549,48.95,-57.95,CORNER BROOK,0.9092256660764981,0.42615473483603367,0.8990042288467428
391,829,522,0.0,7.7132460076581975,-11.156081337022442,53.85,-115.96700000000001,SHINING BANK,0.0,0.06362650304861373,0.8990042288467428
392,829,1419,0.645,7.717138353829867,28.539548624607665,47.1,-52.9333,CAPE BROYLE,1.7905119508368266,0.32385024145476526,0.8990042288467428
393,830,1407,0.648,7.758143300668337,27.987996394216502,47.4163,-53.59278125,HARBOUR GRACE composite,1.8766826590542194,0.31041728737786495,0.8990042288467428
394,833,667,0.086,7.903160812653753,-4.758247218746956,55.15,-105.26700000000001,LA RONGE A,0.8991241424175852,0.08598853043021987,0.8990042288467428
395,833,1348,0.618,7.890790861218801,25.37151188867836,48.8167,-56.8667,BUCHANS,1.54089497783352,0.3605596886352582,0.8990042288467428
396,834,526,0.067,7.97302083337573,-10.980979499107141,54.1439,-115.787,WHITECOURT A,0.9235354867809847,0.0652203236311763,0.8990042288467428
397,834,528,0.10300000000000001,7.945925692469452,-10.914612003503843,54.1333,-115.667,WHITECOURT,1.4474850082527662,0.06397125707228378,0.8990042288467428
398,835,432,0.228,8.020634284705773,-15.164130981795742,53.0261,-122.51,QUESNEL A,1.0780920760057031,0.1901256569257755,0.8990042288467428
399,837,1336,0.317,8.075391192008935,24.868387906174352,49.2167,-57.4,DEER LAKE A,0.749430917884773,0.380267658757354,0.8990042288467428
400,837,1418,0.639,8.106864939483001,28.474338160291843,47.4667,-52.7167,PETTY HARBOUR,3.1438578413241127,0.1827257246438087,0.8990042288467428
401,838,1416,0.7020000000000001,8.126197355843289,28.409254978313303,47.5167,-52.7833,ST JOHN'S WEST CDA,2.5091194672229014,0.251522885575838,0.8990042288467428
402,839,1327,0.461,8.166239327159682,24.433605951924587,49.5,-57.9167,WOODY POINT,1.0401322209281385,0.3984502558035664,0.8990042288467428
403,839,1335,0.544,8.163405045656338,24.820435529383964,49.3167,-57.4,CORMACK,1.286499717501524,0.38014644996768043,0.8990042288467428
404,840,1416,0.784,8.230534649080468,28.377457088340115,47.6222,-52.7428,ST JOHN'S A,3.605959767404517,0.19545956163652883,0.8990042288467428
405,842,763,0.08199999999999999,8.306018505604065,-0.4898819825218631,55.8033,-97.8625,THOMPSON A,0.6397408908050002,0.1152315692571589,0.8990042288467428
406,842,1124,0.165,8.299960359573916,15.44560701182247,53.2,-70.9,NITCHEQUON,0.6554326363361395,0.22631722855442069,0.8990042288467428
407,845,1392,0.521,8.455403278865548,27.32675373010038,48.35,-53.9017,LETHBRIDGE,1.524197499838637,0.3072969239739203,0.8990042288467428
408,848,1324,0.446,8.568414912870594,24.31154833282076,49.9117,-57.7889,COW HEAD,1.086673117048497,0.3689756190478697,0.8990042288467428
409,849,1366,0.42700000000000005,8.611102176608682,26.155877500630655,49.0667,-55.3,RATTLING BRK NORRIS ARM,1.2249662328938908,0.3133758265406906,0.8990042288467428
410,850,345,0.774,8.650836671452103,-18.9954872190085,52.2617,-128.719,MCINNES ISLAND,0.8993540665121911,0.7736989235239609,0.8990042288467428
411,850,1378,0.262,8.683901913262767,26.702849450200837,48.85947143,-54.5312,GLENWOOD composite,0.7070660251198917,0.33312180134508385,0.8990042288467428
412,851,1337,0.457,8.71890176481015,24.90090147023769,49.7667,-56.8833,SOPS ARM WHITE BAY,1.2444702758560462,0.33013639662895883,0.8990042288467428
413,852,1350,0.41,8.736699349311783,25.49020065588056,49.5,-56.0833,SPRINGDALE,1.2571693284100793,0.29319179644106985,0.8990042288467428
414,852,1376,0.35,8.743890975982405,26.6323194328237,48.9464,-54.5769,GANDER INT'L A,0.981899668189089,0.3204517633422461,0.8990042288467428
415,853,628,0.0,8.809364042689996,-6.468147253388817,55.8333,-108.43299999999999,BUFFALO NARROWS A,0.0,0.08246656286195983,0.8990042288467428
416,855,436,0.184,8.871679997996239,-14.978951097074027,53.8908,-122.679,PRINCE GEORGE A,0.8585572645317033,0.1926683110625435,0.8990042288467428
417,855,804,0.109,8.876406118523924,1.2834890209619778,56.3575,-94.7106,GILLAM A,0.789242686899338,0.12415884565148091,0.8990042288467428
418,855,1177,0.184,8.894474268549919,17.832949980002578,52.9272,-66.8742,WABUSH LAKE A,0.6807048254874501,0.2430080879613955,0.8990042288467428
419,855,1348,0.0,8.896623657666789,25.39955778468893,49.6833,-56.0833,MIDDLE ARM,0.0,0.2729564402509754,0.8990042288467428
420,856,313,0.478,8.9221102400567,-20.436114299632873,51.9333,-131.017,CAPE ST JAMES,0.6699421820259166,0.6414344893006293,0.8990042288467428
421,856,1323,0.34,8.917592883317909,24.275196665536356,50.2364,-57.5811,DANIELS HARBOUR,0.9041074093291074,0.33808089022819593,0.8990042288467428
422,856,1369,0.447,8.920267481638986,26.294066602940795,49.2667,-54.8833,COMFORT COVE,1.5131924649648065,0.26556759936274216,0.8990042288467428
423,857,545,0.0,8.961434607356354,-10.137658918282566,55.3,-114.78299999999999,SLAVE LAKE A,0.0,0.06999098293426215,0.8990042288467428
424,858,548,0.0,9.005041929741875,-10.025082300525899,55.3677,-114.61,WAGNER composite,0.0,0.069811682459581,0.8990042288467428
425,858,1398,0.529,8.995449237262823,27.614971456792322,48.6672,-53.1142,BONAVISTA,4.861916879120108,0.09781599498385388,0.8990042288467428
426,861,1022,0.158,9.143254450485722,10.963379553343792,55.2833,-77.75,KUUJJUARAPIK A,0.7347911757806765,0.19331025308908015,0.8990042288467428
427,863,1370,0.39799999999999996,9.227860750135529,26.33760073397983,49.51111667,-54.5889,TWILLINGATE composite,1.977948550599395,0.18089635494946277,0.8990042288467428
428,867,493,0.09699999999999999,9.437642625030247,-12.46008114715757,55.1797,-118.885,GRANDE PRAIRIE A,1.2836596010825403,0.06793343821414444,0.8990042288467428
429,867,723,0.0,9.423099719603844,-2.2572180214763757,56.8639,-101.07600000000001,LYNN LAKE A,0.0,0.09953464481346636,0.8990042288467428
430,870,487,0.055,9.539950230363896,-12.7402776438216,55.2,-119.4,BEAVERLODGE CDA,0.8040489628957812,0.06149530049574832,0.8990042288467428
431,871,340,0.9940000000000001,9.606712845887811,-19.221120663833677,53.05,-129.683,ETHELDA BAY,1.3096616971324868,0.6823214005801865,0.8990042288467428
432,877,597,0.08,9.871182472145804,-7.876901137946268,56.65,-111.21700000000001,FORT MCMURRAY A,0.9188365260023112,0.07827326871805107,0.8990042288467428
433,877,1323,0.358,9.858365396681622,24.266777866488194,51.0667,-56.8833,PLUM POINT,1.2487879873738823,0.25772470361758465,0.8990042288467428
434,880,668,0.0,10.011841930809885,-4.721178101861767,57.25,-105.617,KEY LAKE,0.0,0.09122228620359635,0.8990042288467428
435,883,1207,0.23,10.11636629865344,19.13577139970266,53.55,-64.1,CHURCHILL FALLS A,0.9738543147397702,0.2123222842525511,0.8990042288467428
436,883,1315,0.242,10.104162651119204,23.912489411212096,51.45,-57.1833,LOURDES DE BLANC SABLON A,0.6871288588069538,0.3166204134675038,0.8990042288467428
437,885,505,0.11800000000000001,10.212029191845676,-11.935249413927469,56.0667,-118.383,FAIRVIEW,1.4948919340303577,0.0709633228924502,0.8990042288467428
438,885,517,0.07,10.226946829363605,-11.381198804475845,56.2269,-117.447,PEACE RIVER A,0.8704344579442788,0.07229756984563278,0.8990042288467428
439,885,649,0.0,10.211000872120755,-5.534482218850916,57.35,-107.133,CREE LAKE,0.0,0.08731960951788012,0.8990042288467428
440,887,315,0.498,10.323304131822256,-20.314453931732185,53.2539,-131.813,SANDSPIT A,1.3870206052163343,0.32278114995692464,0.8990042288467428
441,889,462,0.0,10.382100207627825,-13.816510353920053,55.6872,-121.62700000000001,CHETWYND A,0.0,0.08045432162234092,0.8990042288467428
442,892,1336,0.498,10.513143541501316,24.830079614182484,51.3667,-55.6,ST ANTHONY,2.0921688026187635,0.21399043203650087,0.8990042288467428
443,895,367,0.986,10.64544044520589,-18.038806278710556,54.4664,-128.577,TERRACE A,2.5799145320490604,0.3435843159264905,0.8990042288467428
444,895,387,0.24100000000000002,10.665533425795687,-17.140960439352252,54.8247,-127.18299999999999,SMITHERS A,1.103942618246081,0.19626021821341544,0.8990042288467428
445,895,1162,0.22399999999999998,10.642722973708436,17.15060312140212,54.8,-66.8167,SCHEFFERVILLE A,0.8970145938326248,0.2244968461452318,0.8990042288467428
446,897,477,0.09,10.753806257076697,-13.163717285063106,56.2381,-120.74,FORT ST JOHN A,1.3068895484887222,0.06191064936571804,0.8990042288467428
447,898,684,0.0,10.776852701726542,-4.019039624140345,58.0833,-104.48299999999999,CIGAR LAKE,0.0,0.09481465378299586,0.8990042288467428
448,899,1255,0.16899999999999998,10.842940456164209,21.25454186850438,53.3167,-60.4167,GOOSE A,0.650262842824965,0.23364661898111233,0.8990042288467428
449,901,342,0.8270000000000001,10.925168419012316,-19.12359427311639,54.2925,-130.445,PRINCE RUPERT A,1.250060369862965,0.5947524737047366,0.8990042288467428
450,904,425,0.122,11.047399217578207,-15.445471313000713,55.7855,-124.70100000000001,GERMANSEN LANDING,0.8577962951081218,0.12786079462546301,0.8990042288467428
451,908,342,0.772,11.239871559683275,-19.14849221056054,54.5686,-130.708,GREEN ISLAND,1.1847165802839763,0.5858205044309638,0.8990042288467428
452,909,810,0.163,11.268490682622877,1.5517817622508403,58.7392,-94.0664,CHURCHILL A,1.1570710932390889,0.12664536358937417,0.8990042288467428
453,909,1325,0.46,11.27986689754487,24.383441139208454,52.25,-55.6,BATTLE HARBOUR LOR,2.1772639924429598,0.18993651973525472,0.8990042288467428
454,913,368,0.89,11.456778063183705,-17.971764008077084,55.2375,-129.03,NASS CAMP,2.215804142783227,0.3610940823806721,0.8990042288467428
455,915,310,0.556,11.545163694436308,-20.54536787529786,54.2552,-133.058,LANGARA,1.7705093920221833,0.2823178196574776,0.8990042288467428
456,926,670,0.0,12.01176366560062,-4.604034071073405,59.25,-105.833,STONY RAPIDS A,0.0,0.08944312000660044,0.8990042288467428
457,928,547,0.0,12.11878653105197,-10.070287881930062,58.3833,-116.03299999999999,FORT VERMILION CDA,0.0,0.06589347185458312,0.8990042288467428
458,928,1292,0.335,12.126358983270919,22.883799444538962,53.7083,-57.035,CARTWRIGHT,1.9272488755059904,0.15626752750580228,0.8990042288467428
459,929,1000,0.142,12.184706889709847,9.988977488368288,58.4667,-78.0833,INUKJUAK UA,0.7253180873692847,0.17600360823656397,0.8990042288467428
460,932,364,0.642,12.314069788778712,-18.18701005126701,55.9361,-129.985,STEWART A,1.309128060375394,0.4408741454629789,0.8990042288467428
461,937,535,0.084,12.498830656358052,-10.594224739549533,58.6214,-117.165,HIGH LEVEL A,1.2208635771229994,0.06185486784779254,0.8990042288467428
462,937,641,0.0,12.505036006001426,-5.928649267233507,59.5667,-108.48299999999999,URANIUM CITY A,0.0,0.08639347494902103,0.8990042288467428
463,943,1235,0.191,12.800428563828865,20.37992732710111,55.45,-60.2167,HOPEDALE (AUT),1.0992748934859038,0.15620279215621852,0.8990042288467428
464,954,602,0.079,13.254432412961972,-7.616430689969889,60.0203,-111.962,FORT SMITH A,0.6238243725205191,0.11384828359933406,0.8990042288467428
465,957,1115,0.063,13.3816017084914,15.062915391847254,58.1,-68.4167,KUUJJUAQ A,0.3625286506880173,0.15622838721810528,0.8990042288467428
466,957,1207,0.35,13.419876797675242,19.12294867359371,56.55,-61.6833,NAIN A,2.417223994058709,0.13017059274181514,0.8990042288467428
467,960,474,0.04,13.53351926237463,-13.294599528109782,58.8364,-122.59700000000001,FORT NELSON A,0.8081348427496463,0.04449773385777636,0.8990042288467428
468,963,731,0.0,13.681900442512509,-1.9366766682370051,61.1333,-100.9,ENNADAI LAKE,0.0,0.08906360841513403,0.8990042288467428
469,981,564,0.111,14.468960203336742,-9.324605930233329,60.8397,-115.78299999999999,HAY RIVER A,1.5177671753733508,0.06574754746388659,0.8990042288467428
470,983,589,0.0,14.565388662023608,-8.223670798368683,61.1808,-113.69,FORT RESOLUTION A,0.0,0.09104162634747003,0.8990042288467428
471,984,387,0.0,14.58973720034851,-17.142096595521583,58.4283,-130.011,DEASE LAKE,0.0,0.0605526072399861,0.8990042288467428
472,1002,827,0.13699999999999998,15.389341884371548,2.3116704332428544,62.8167,-92.1167,RANKIN INLET A,1.2296466229696186,0.10016176765855014,0.8990042288467428
473,1008,644,0.0,15.66795069496372,-5.7587229165762075,62.7167,-109.167,FORT RELIANCE,0.0,0.07255868636973578,0.8990042288467428
474,1013,416,0.0,15.880923220563833,-15.851020784876589,60.1165,-128.822,WATSON LAKE A,0.0,0.05785800453379157,0.8990042288467428
475,1013,587,0.073,15.8941364226464,-8.283411299371597,62.4628,-114.44,YELLOWKNIFE A,0.5341078245492787,0.12287277154419818,0.8990042288467428
476,1014,1077,0.0,15.939086686787777,13.391751917053249,61.06665,-69.59165,CAPE HOPES ADVANCE composite,0.0,0.060908882444676994,0.8990042288467428
477,1015,480,0.0,15.991103468858041,-13.014781168462859,61.2419,-123.742,YOHIN,0.0,0.051246533349881586,0.8990042288467428
478,1015,841,0.307,15.951712281201985,2.928277120662789,63.3333,-90.7167,CHESTERFIELD,2.8582435854257593,0.09656080386683992,0.8990042288467428
479,1018,511,0.05,16.085824204153216,-11.662896594650553,61.7603,-121.23700000000001,FORT SIMPSON A,0.7955987521311596,0.056498594702329055,0.8990042288467428
480,1019,511,0.0,16.132951979124126,-11.670039491267158,61.802859999999995,-121.2822,FORT SIMPSON composite,0.0,0.05652633374010187,0.8990042288467428
481,1033,375,0.0,16.76506763477859,-17.660877209858345,60.1741,-132.736,TESLIN A,0.0,0.05902814057025336,0.8990042288467428
482,1034,784,0.18100000000000002,16.80137872475479,0.41775555963923183,64.2989,-96.0778,BAKER LAKE A,1.6579189577536158,0.0981469960641118,0.8990042288467428
483,1043,914,0.145,17.235601653792568,6.170803303022934,64.1933,-83.3594,CORAL HARBOUR A,1.6427639123771862,0.07935139809234344,0.8990042288467428
484,1056,357,0.0,17.7729222850007,-18.468791200743226,60.7095,-135.069,WHITEHORSE A,0.0,0.03528580547803449,0.8990042288467428
485,1070,333,0.0,18.431001006079605,-19.56058255517341,60.7725,-137.58,HAINES JUNCTION,0.0,0.028569106275998703,0.8990042288467428
486,1072,643,0.27399999999999997,18.483281173616597,-5.8054537397209645,65.4833,-110.367,CONTWOYTO LAKE,3.3980129669172605,0.07249152993300081,0.8990042288467428
487,1075,1065,0.0,18.615143558311996,12.846172943570908,63.75,-68.55,IQALUIT A,0.0,0.06313130731331697,0.8990042288467428
488,1077,391,0.0,18.714427641818464,-16.97524634774574,62.2069,-133.373,FARO A,0.0,0.0369111696442183,0.8990042288467428
489,1090,325,0.0,19.306314193603082,-19.882004589804254,61.3667,-139.05,BURWASH A,0.0,0.02936072281403885,0.8990042288467428
490,1112,485,0.039,20.25328633221057,-12.797273633836445,65.2825,-126.8,NORMAN WELLS A,1.0528026992802149,0.03330269284928102,0.8990042288467428
491,1117,383,0.0,20.495251114049235,-17.3192127506522,63.6167,-135.86700000000002,MAYO A,0.0,0.0537289810956757,0.8990042288467428
492,1130,839,0.0,21.067501083406018,2.8624662073599754,68.4333,-89.7167,PELLY BAY,0.0,0.09442158450946547,0.8990042288467428
493,1131,875,0.0,21.12615228933823,4.467676573336247,68.3,-85.6667,MACKAR INLET,0.0,0.07605020687224014,0.8990042288467428
494,1132,611,0.0,21.171525512136107,-7.235799033114204,67.82499999999999,-115.1305,COPPERMINE,0.0,0.050997369638709725,0.8990042288467428
495,1132,767,0.0,21.168306359986623,-0.31208441667822434,68.6667,-97.8,GLADMAN POINT A,0.0,0.08006877353366462,0.8990042288467428
496,1142,359,0.0,21.598938834154087,-18.407519961095826,64.0431,-139.128,DAWSON A,0.0,0.05060674333592209,0.8990042288467428
497,1142,669,0.0,21.61343274960767,-4.674782885449549,68.75,-109.06700000000001,BYRON BAY A,0.0,0.07324137217948366,0.8990042288467428
498,1144,356,0.0,21.676001032265592,-18.5250048011659,64.05,-139.433,DAWSON,0.0,0.049026495332712625,0.8990042288467428
499,1146,704,0.1,21.771353847100382,-3.1159972251081784,69.1081,-105.13799999999999,CAMBRIDGE BAY A,1.43381397034532,0.06270020012639621,0.8990042288467428
500,1149,912,0.081,21.893848234284437,6.082122147370087,68.7758,-81.2425,HALL BEACH A,1.2496283681300633,0.058272798852632174,0.8990042288467428
501,1160,1100,0.0,22.39945260697579,14.412454916130438,66.5833,-61.6167,CAPE DYER A,0.0,0.06319340480770141,0.8990042288467428
502,1164,963,0.0,22.577846279580037,8.34718788299684,68.8986,-75.1408,LONGSTAFF BLUFF,0.0,0.06771367866747416,0.8990042288467428
503,1169,998,0.0,22.807411148594248,9.909844813640515,68.65,-71.1667,DEWAR LAKES,0.0,0.06467005214648919,0.8990042288467428
504,1171,1071,0.0,22.868701178463567,13.129046420759014,67.5356,-63.7889,FOX FIVE,0.0,0.04126552315904556,0.8990042288467428
505,1179,1036,0.0,23.241209751869288,11.583229823915062,68.4725,-66.8153,CAPE HOOPER,0.0,0.0507966681275512,0.8990042288467428
506,1184,575,0.0,23.44235374761187,-8.826311309401945,69.5833,-120.8,CLINTON POINT,0.0,0.039392394661252994,0.8990042288467428
507,1199,460,0.0,24.11612349673207,-13.935204799901314,68.3042,-133.483,INUVIK A,0.0,0.03140785781217156,0.8990042288467428
508,1207,549,0.0,24.460936365558343,-9.983429469768042,70.1667,-124.71700000000001,CAPE PARRY A,0.0,0.04087057677610433,0.8990042288467428
509,1215,1003,0.064,24.854671892755793,10.111462339176834,70.4861,-68.5167,CLYDE A,1.5037065689384412,0.038262964221011504,0.8990042288467428
510,1219,477,0.0,25.028017177100875,-13.181003907270492,69.4333,-133.026,TUKTOYAKTUK A,0.0,0.044527590683337274,0.8990042288467428
511,1220,477,0.0,25.03831355202299,-13.16333698797708,69.45,-133.0,TUKTOYAKTUK,0.0,0.04580451017588333,0.8990042288467428
512,1246,562,0.0,26.222748150746305,-9.3888415938028,72.0,-125.26700000000001,SACHS HARBOUR A,0.0,0.0382333246500701,0.8990042288467428
513,1269,788,0.081,27.224762925109236,0.6018099385145664,74.7169,-94.9694,RESOLUTE CARS,1.0714521660187482,0.067963223040712,0.8990042288467428
514,1322,640,0.0,29.59681105435813,-5.969241673105273,76.2333,-119.333,MOULD BAY A,0.0,0.04138208746367442,0.8990042288467428
515,1362,741,0.0,31.345755932126362,-1.4849252212430886,78.7833,-103.53299999999999,ISACHSEN,0.0,0.08483506032862657,0.8990042288467428
516,1391,826,0.0,32.64541886648805,2.272431308433523,79.9833,-85.9333,EUREKA A,0.0,0.04704765748363025,0.8990042288467428
517,1472,894,0.0,36.222662646628834,5.2749625457498235,82.5178,-62.2806,ALERT,0.0,0.03644012310390428,0.8990042288467428
