,ilocy,ilocx,SL50 (kPa),rlat,rlon,lat,lon,station_name,ratio,model_vals,best_tol
0,558,1009,1.0,-4.286848910227873,10.373390404111557,42.2756,-82.9556,WINDSOR A,1.1580262332436724,0.614798761286248,0.7119530937351894
1,559,1009,1.2,-4.227125340313413,10.379271031382924,42.3333,-82.9333,WINDSOR RIVERSIDE,1.372226011524486,0.6225969376087594,0.7119530937351894
2,576,1017,1.5,-3.4945859613826147,10.7134921602455,42.9922,-82.3047,SARNIA AIRPORT,1.4448814215507058,0.739112306847048,0.7119530937351894
3,577,1048,1.4,-3.434479081735439,12.106219211616422,42.774390000000004,-80.42905999999999,HAGERSVILLE 2 composite,1.1899812084666783,0.8376051017760047,0.7119530937351894
4,579,1046,1.5,-3.3628448895127754,11.999925006386508,42.8667,-80.55,DELHI CDA,1.3391778486797852,0.7974516914654701,0.7119530937351894
5,579,1050,1.6,-3.335374154899144,12.206799132067156,42.85,-80.2667,SIMCOE,1.370867798064601,0.8309517165583189,0.7119530937351894
6,580,1035,1.7,-3.290371679059054,11.534368202439223,43.0331,-81.1511,LONDON INT'L AIRPORT,1.4453341878789465,0.8373982083174746,0.7119530937351894
7,580,1037,1.5,-3.3033197995587598,11.625518178228763,43.001999999999995,-81.0328,DORCHESTER,1.2817349767927542,0.8331906828937692,0.7119530937351894
8,580,1051,1.3,-3.2976268496041468,12.223659162002475,42.8833,-80.2333,WATERFORD,1.0791066009994854,0.8576900752886671,0.7119530937351894
9,587,1054,1.8,-2.9689855230488806,12.37546741076384,43.1717,-79.9342,HAMILTON A,1.517869932240994,0.8442854960775871,0.7119530937351894
10,590,1054,1.4,-2.851997203751697,12.387474338992014,43.2833,-79.8833,HAMILTON RBG,1.142556910733327,0.8723717145866559,0.7119530937351894
11,591,1066,1.0,-2.817509219258394,12.915619247015943,43.2,-79.1667,ST CATHARINES A,0.8668449038250569,0.8213154286235187,0.7119530937351894
12,592,1046,1.7,-2.767016061611644,11.996249233882299,43.45,-80.3833,WATERLOO WELLINGTON A,1.2059085094812172,1.003658444926724,0.7119530937351894
13,594,1044,2.2,-2.666314502571736,11.94129167027309,43.56001071,-80.42801786,GUELPH OAC composite,1.4862808676404695,1.053836351068675,0.7119530937351894
14,598,1059,1.8,-2.4868552600065392,12.60189887608841,43.59246944,-79.48505417,TORONTO NEW INT'L A composite,1.4461305547036338,0.8861686550741412,0.7119530937351894
15,599,1061,1.1,-2.4371144169958994,12.657472533066505,43.6286,-79.395,TORONTO ISLAND A,0.9010490982548335,0.8691517528018429,0.7119530937351894
16,600,1057,1.4,-2.4275243009702034,12.480315141272046,43.6772,-79.6306,TORONTO LESTER B. PEARSON INT'L A,1.106893346055819,0.9004791064838521,0.7119530937351894
17,600,1060,1.3,-2.4007826199030635,12.645432657636889,43.6667,-79.4,TORONTO,1.0609500474543092,0.8723681421915441,0.7119530937351894
18,602,1053,1.5,-2.327916851748337,12.32637283896129,43.8081,-79.8081,SANDHILL,1.0547639253923877,1.0124821440072467,0.7119530937351894
19,603,1037,2.3,-2.300804570575231,11.625346633334846,43.9833,-80.75,MOUNT FOREST,1.318281599494269,1.2421413726923936,0.7119530937351894
20,603,1059,1.6,-2.3012399580428746,12.57237144415825,43.78,-79.4678,TORONTO NORTH YORK,1.2706194178895474,0.8965115233862458,0.7119530937351894
21,605,1058,1.8,-2.2032653790882666,12.564815949223863,43.8772,-79.4478,RICHMOND HILL,1.3516816112995724,0.9480898149463095,0.7119530937351894
22,605,1060,1.5,-2.2053809803339703,12.62287891217746,43.8622,-79.37,TORONTO BUTTONVILLE A,1.1799065736197212,0.9050967801006364,0.7119530937351894
23,608,1038,2.6,-2.068590235243496,11.658569176059126,44.2036,-80.6378,PRICEVILLE,1.4262094567539478,1.2979005537689714,0.7119530937351894
24,609,1050,1.7,-2.0028898354841,12.2065379573681,44.1514,-79.8722,ALLISTON NELSON,1.0613152179028569,1.1403965937107705,0.7119530937351894
25,611,1027,3.1,-1.9374790458624405,11.156459894997607,44.43423333,-81.2871,WALKERTON composite,1.7949488779724216,1.2295918940444595,0.7119530937351894
26,611,1053,1.5,-1.9211289341184725,12.318754222071837,44.2067,-79.6947,COOKSTOWN,0.9723201439449112,1.0983312926851077,0.7119530937351894
27,616,1053,3.0,-1.7233069520001558,12.319592020167152,44.3995,-79.6328,SHANTY BAY,1.8004994929455027,1.1862593072500334,0.7119530937351894
28,616,1086,1.2,-1.7037724583668714,13.763648867181702,44.0833,-77.6667,SMITHFIELD CDA,0.7520342880365409,1.1360435635359158,0.7119530937351894
29,617,1071,2.8,-1.6437599584267275,13.111996013499192,44.29722,-78.52882667,HALIBURTON A composite,1.6233811650761236,1.2279732605897598,0.7119530937351894
30,617,1074,2.3,-1.6786484471005159,13.239909508912735,44.2333,-78.3667,PETERBOROUGH A,1.3521393306563745,1.21103800360281,0.7119530937351894
31,617,1087,1.4,-1.647919910661428,13.848380542642577,44.1167,-77.5333,TRENTON A,0.8534987726691784,1.1678216338989462,0.7119530937351894
32,618,1028,3.3,-1.6065279350677362,11.219407227076683,44.7458,-81.1072,WIARTON A,1.535712759979769,1.529872819027092,0.7119530937351894
33,619,1089,1.8,-1.5905322191931184,13.936456970299941,44.1506,-77.3947,BELLEVILLE,1.0407168256009829,1.2313777746250083,0.7119530937351894
34,623,1084,2.9,-1.39563263390509,13.715114449914411,44.39395238,-77.62724286,STIRLING composite,1.5207600138248982,1.357652721706672,0.7119530937351894
35,623,1102,2.0,-1.3803565049833204,14.473210899310928,44.2186,-76.5967,KINGSTON A,1.1199288442161877,1.2714255863879798,0.7119530937351894
36,627,1099,2.3,-1.1950455367128394,14.354715693013972,44.4281,-76.6903,HARTINGTON IHD,1.1786371438636907,1.3893097838602577,0.7119530937351894
37,629,1055,3.4,-1.1177117079756498,12.424309244301325,44.9667,-79.3,MUSKOKA A,1.3867299696822717,1.745574532620985,0.7119530937351894
38,633,1067,2.4,-0.929498972966488,12.938661086656456,45.0322,-78.5311,HALIBURTON 3,0.9439967701618283,1.8100564313070016,0.7119530937351894
39,637,1052,3.3,-0.7779930357615851,12.262381226920443,45.33400909,-79.41611818,BURKS FALLS composite,1.1771194584789944,1.995927594606194,0.7119530937351894
40,637,1111,2.0,-0.7598144491788071,14.912663873584123,44.7023375,-75.7747875,SOUTH MOUNTAIN composite,1.0349841055812112,1.3757758981919461,0.7119530937351894
41,639,1000,3.3,-0.6883970505338951,9.992710779507949,45.8833,-82.5667,GORE BAY A,1.4401980962794574,1.631334755542016,0.7119530937351894
42,640,1059,3.5,-0.6480473584073168,12.604555155685231,45.3833,-78.9,DWIGHT,1.2641655734338726,1.9711309028172241,0.7119530937351894
43,642,1043,3.0,-0.5742533922365206,11.880619147076752,45.6167,-79.8833,DUNCHURCH,1.0558215796935597,2.022935808742872,0.7119530937351894
44,647,968,3.7,-0.3282026503152139,8.56463998274487,46.4833,-84.5094,SAULT STE MARIE A,1.489942222956807,1.7680057697757898,0.7119530937351894
45,651,1109,3.1,-0.14229068458931268,14.818651720335906,45.3225,-75.6692,OTTAWA MACDONALD-CARTIER INT'L A,1.5108629898384918,1.460790690766088,0.7119530937351894
46,652,1108,2.1,-0.0926557441963778,14.770203286375427,45.3833,-75.7167,OTTAWA CDA,1.0083310358386348,1.4827486645795975,0.7119530937351894
47,652,1134,1.9,-0.11059958944123897,15.91164378309388,45.05,-74.1667,HUNTINGDON,0.8716780784018365,1.5518468476079663,0.7119530937351894
48,653,1111,3.2,-0.08342891017602053,14.878650645037006,45.36306667,-75.56446667,OTTAWA ROCKCLIFFE A composite,1.5629502739842784,1.4576598743252935,0.7119530937351894
49,653,1131,3.4,-0.06763698819223248,15.76386408140092,45.1333,-74.35,ST ANICET,1.588127474022828,1.5242104669142256,0.7119530937351894
50,654,1102,1.4,-0.010141822987990141,14.504972791199682,45.5333,-76.05,LUSKVILLE,0.6340060087887747,1.5721212692186597,0.7119530937351894
51,654,1135,1.6,-0.02306995179155099,15.971452536902286,45.1167,-74.05,ORMSTOWN,0.753289373128447,1.5122010088174516,0.7119530937351894
52,654,1141,3.1,-0.002819591108613995,16.211153361252567,45.0667,-73.7167,HEMMINGFORD FOUR WINDS,1.4323042406147748,1.5409118593629056,0.7119530937351894
53,655,1050,2.8,0.0108004267438218,12.200271604969695,46.1167,-79.25,POWASSAN,0.9945499810850091,2.0043926402610213,0.7119530937351894
54,656,1096,2.6,0.06457777123853113,14.206951891737853,45.6833,-76.4333,CHARTERIS,1.1292314355723285,1.6392370823198972,0.7119530937351894
55,656,1146,2.2,0.08212766041682308,16.43136179542141,45.0833,-73.3833,ST BERNARD DE LACOLLE,1.0383936237505889,1.5083844607597716,0.7119530937351894
56,657,1110,2.8,0.09932157620079315,14.83803900373631,45.55,-75.55,ANGERS,1.2476313803332535,1.5978025992950395,0.7119530937351894
57,657,1134,2.1,0.12639370122986404,15.889859305178064,45.2833,-74.1,VALLEYFIELD,1.0148140530484366,1.4732763035284233,0.7119530937351894
58,657,1141,1.7,0.09970703767826301,16.204535378802806,45.1667,-73.6833,STE CLOTHILDE CDA,0.8150684353270147,1.4849308437079003,0.7119530937351894
59,658,1081,2.9,0.16636607784747412,13.543748046258958,45.95,-77.3167,PETAWAWA A,1.1492271239233531,1.7965673876400348,0.7119530937351894
60,659,1081,2.1,0.19407473605052883,13.584505642712083,45.9667,-77.25,SHEENBORO,0.8138758892356214,1.8370141155650552,0.7119530937351894
61,659,1157,2.6,0.2143332821945056,16.907970562019244,45.0667,-72.6833,SUTTON,1.069118551322436,1.7314057841591275,0.7119530937351894
62,660,1046,3.3,0.2247059616752298,12.02855117692835,46.3636,-79.4228,NORTH BAY A,1.1470345543017586,2.048277622077669,0.7119530937351894
63,660,1148,2.3,0.2478536721012904,16.515278173256952,45.2167,-73.2,SABREVOIS,1.113912411792703,1.4700366907265145,0.7119530937351894
64,661,1024,3.3,0.27785930544065024,11.04782465123829,46.6256,-80.7978,SUDBURY A,1.1857743044633406,1.9813595221979785,0.7119530937351894
65,661,1128,2.3,0.2806495088143387,15.648523738310713,45.5,-74.3667,RIGAUD,1.0691077481667732,1.5316436705269285,0.7119530937351894
66,662,1146,1.9,0.34872560816845866,16.447024680651992,45.3333,-73.25,IBERVILLE,0.9435818794342098,1.433591411174589,0.7119530937351894
67,662,1158,2.5,0.35043721364910185,16.950859185149188,45.1833,-72.5667,BROME,0.9753362387082188,1.8248914207220825,0.7119530937351894
68,663,1118,2.8,0.361483120581601,15.211915468380836,45.7,-74.9333,MONTEBELLO (SEDBERGH),1.1027317329644095,1.8077548717126373,0.7119530937351894
69,663,1136,2.3,0.3845159255402604,15.995474941061378,45.5,-73.85,STE GENEVIEVE,1.1202415913345458,1.461731226779563,0.7119530937351894
70,663,1138,2.3,0.3730154780297401,16.072237754624673,45.4667,-73.75,MONTREAL/PIERRE ELLIOTT TRUDEAU INTL A,1.1485794341671767,1.4256672781001558,0.7119530937351894
71,663,1139,4.1,0.378677196996154,16.15032437560446,45.44933929,-73.64116429,LAVALTRIE CDA composite,2.0736959896616978,1.4076353037604525,0.7119530937351894
72,663,1163,3.0,0.3750065977850023,17.189960041690064,45.1333,-72.2333,GEORGEVILLE,1.049563944610368,2.0349968119364736,0.7119530937351894
73,664,1128,2.3,0.43111426674639375,15.628350571746576,45.65,-74.3333,LACHUTE,0.9922205315318666,1.650330812105701,0.7119530937351894
74,664,1140,3.3,0.43899501354061177,16.174297228821235,45.5,-73.5833,MONTREAL MCGILL,1.685773402167461,1.3936898080758402,0.7119530937351894
75,665,1169,2.5,0.4860499102898444,17.47520195436037,45.15,-71.8,COATICOOK,0.7885845648145435,2.257060071619028,0.7119530937351894
76,666,1099,2.9,0.5043901353927333,14.364356559816647,46.0667,-76.05,WRIGHT,1.0347719326560172,1.9952840878980362,0.7119530937351894
77,666,1132,3.0,0.5070676872066261,15.82450983689447,45.6667,-74.0333,MONTREAL/MIRABEL INT'L A,1.3057983462410143,1.635673140002084,0.7119530937351894
78,666,1134,2.2,0.521333283639665,15.929713258832273,45.65,-73.8833,STE THERESE OUEST,0.9819253459858306,1.5951281964769843,0.7119530937351894
79,666,1142,2.7,0.4892824791896059,16.280985270212184,45.5167,-73.4167,MONTREAL/ST-HUBERT A,1.363419693280767,1.4098911454472889,0.7119530937351894
80,666,1154,2.3,0.5088716677241474,16.78949405383804,45.3833,-72.7167,GRANBY,0.9521083169379468,1.7198590606342306,0.7119530937351894
81,666,1164,2.1,0.5272872692490097,17.226791433609083,45.2667,-72.1167,MAGOG,0.7128769986478548,2.097278351917263,0.7119530937351894
82,668,1049,2.5,0.6116695306403618,12.166449577432108,46.7097,-79.1011,BARRAGE TEMISCAMINGUE,0.8380791422817702,2.1237645044977866,0.7119530937351894
83,668,1155,4.2,0.6005135224791582,16.855793371577782,45.45045263,-72.58703684,ST HYACINTHE composite,1.6920378854410576,1.767219882850525,0.7119530937351894
84,668,1161,3.3,0.6214263288690471,17.08527176163669,45.4,-72.2667,BONSECOURS,1.1767468804195576,1.9965595392005235,0.7119530937351894
85,668,1174,3.4,0.6002534616609015,17.66009565819819,45.2,-71.5,ST MALO D AUCKLAND,1.0212452197620963,2.3702833284874942,0.7119530937351894
86,669,1146,2.2,0.6436379439510136,16.440798499950514,45.6167,-73.1333,STE MADELEINE,0.9958215598150361,1.5728689450229827,0.7119530937351894
87,669,1150,2.5,0.6413453724906322,16.600395614683634,45.5667,-72.9167,ST HYACINTHE 2,1.0764338950179864,1.6534993394166886,0.7119530937351894
88,669,1266,2.1,0.6616967255468574,21.753266688790557,43.8308,-66.0886,YARMOUTH A,2.2691615241676844,0.6588783922697141,0.7119530937351894
89,670,1167,2.6,0.6886805319462729,17.390734475406397,45.3689,-71.8236,LENNOXVILLE,0.8416800781664561,2.199265601894657,0.7119530937351894
90,671,1098,3.2,0.7391769186864998,14.331629182838835,46.3018,-76.0061,MANIWAKI UA,1.097802460970839,2.0752821941552595,0.7119530937351894
91,671,1141,2.7,0.738457158552364,16.240560473908765,45.7667,-73.3667,VERCHERES,1.2154312053171716,1.581556689243787,0.7119530937351894
92,671,1267,2.6,0.7390764935272756,21.803607253579266,43.8833,-65.9833,TUSKET,2.792525552852905,0.6628687933832479,0.7119530937351894
93,672,1140,2.6,0.7652575197208127,16.182646599358296,45.8094,-73.4347,L'ASSOMPTION,1.117326992543203,1.6567021615562716,0.7119530937351894
94,672,1165,2.1,0.7695743040876517,17.270669708561627,45.4833,-71.95,BROMPTONVILLE,0.6988191965892996,2.13946826896139,0.7119530937351894
95,672,1169,3.1,0.7807929838028224,17.463999638422727,45.4333,-71.6833,SHERBROOKE A,0.9739303493940499,2.2661318562998374,0.7119530937351894
96,673,1126,4.0,0.8244980392844867,15.547958374592634,46.05,-74.2833,STE AGATHE DES MONTS,1.289799287230713,2.2079500300044397,0.7119530937351894
97,673,1131,3.9,0.816943782864911,15.7555788147033,45.9833,-74.0,ST HIPPOLYTE,1.3449758972317838,2.064436300518132,0.7119530937351894
98,674,1147,2.4,0.8463890909946689,16.47479579678509,45.8,-73.0,FLEURY,1.0356016960099221,1.6499465301648981,0.7119530937351894
99,674,1178,3.0,0.8834959655618496,17.87385061537259,45.4,-71.0833,NOTRE DAME DES BOIS,0.8926320850346537,2.392765526821333,0.7119530937351894
100,677,881,3.8,0.9978671020460085,4.707577833482668,48.2833,-89.9167,WHITEFISH LAKE,1.3554356854155578,1.9959794369470762,0.7119530937351894
101,678,1117,3.0,1.0340555599277181,15.137667577989024,46.3667,-74.7667,LA MACAZA,0.8739515067148608,2.443910519971703,0.7119530937351894
102,678,1143,2.5,1.0447050148731867,16.327496188013978,46.0333,-73.1167,SOREL,1.0387726256906689,1.7134478617537199,0.7119530937351894
103,678,1154,2.5,1.0348232563982545,16.79264234742965,45.8833,-72.4833,DRUMMONDVILLE,0.993610535599231,1.7913283631443724,0.7119530937351894
104,678,1172,3.2,1.0408049695193322,17.61091405605013,45.6333,-71.3667,LINGWICK,0.9337448441384528,2.4399062701703063,0.7119530937351894
105,678,1177,3.7,1.0494863716117762,17.79263385317223,45.5833,-71.1167,MILAN,1.067918933909662,2.46669139686125,0.7119530937351894
106,679,959,4.4,1.1072814606393633,8.146944438375767,47.9667,-84.7833,WAWA A,1.1875931374093476,2.6377666843615906,0.7119530937351894
107,679,1135,3.6,1.1048802078623199,15.95810005194841,46.2,-73.6,STE BEATRIX,1.2010496449443007,2.133992669025387,0.7119530937351894
108,680,890,3.5,1.1206948848156557,5.08967868562008,48.3694,-89.3272,THUNDER BAY A,1.1942748050080476,2.0864844654044026,0.7119530937351894
109,680,981,3.1,1.1215982693691606,9.121374066660865,47.82,-83.3467,CHAPLEAU A,1.0144055749182697,2.1757122054035527,0.7119530937351894
110,680,1147,2.1,1.1514404604556916,16.500102870276372,46.0833,-72.8333,PIERREVILLE,0.8759068347398314,1.7069184044990178,0.7119530937351894
111,680,1254,1.5,1.117162822865409,21.200383894095932,44.46076667,-66.56365,METEGHAN RIVER composite,1.2173790399776507,0.8772367566164025,0.7119530937351894
112,681,1132,3.6,1.1542596729610621,15.834532095958147,46.2833,-73.75,ST COME,1.0912332178895037,2.348747357969642,0.7119530937351894
113,683,1178,3.4,1.2606717705989359,17.84366708527203,45.7667,-70.95,ST SEBASTIEN,0.9548544467181491,2.535088491255842,0.7119530937351894
114,684,1138,3.5,1.29909797368146,16.07911852243818,46.35,-73.35,ST CHARLES DE MANDEVILLE,1.1518451351443793,2.1633427550664797,0.7119530937351894
115,684,1150,2.9,1.3081477460879134,16.607760775956216,46.2,-72.6167,NICOLET,1.1514619813801243,1.7930804535616327,0.7119530937351894
116,684,1182,2.7,1.3054290288877226,18.025092727207987,45.75,-70.6833,ST LUDGER,0.7608193191843498,2.5265832565159094,0.7119530937351894
117,685,855,2.9,1.3728805146422267,3.547520198421301,48.75,-91.6167,ATIKOKAN,1.1210712466260448,1.8416884547220558,0.7119530937351894
118,686,1105,3.4,1.3913321643034506,14.630169131697288,46.85,-75.3333,STE ANNE DU LAC,1.0789161221578065,2.243585454871525,0.7119530937351894
119,687,1166,2.9,1.4353865918581943,17.319534723993772,46.1,-71.5833,ST FERDINAND,0.8951711347141385,2.3064460992605325,0.7119530937351894
120,688,1033,5.2,1.464268420428553,11.450362801068342,47.7,-79.85,EARLTON A,1.7580571430387522,2.1058223858548266,0.7119530937351894
121,688,1149,2.9,1.4827451771107225,16.55193535398155,46.3833,-72.6167,TROIS RIVIERES AQUEDUC,1.0590928614430337,1.9494645342230956,0.7119530937351894
122,688,1169,4.7,1.4868129159530434,17.472963414579834,46.1,-71.35,THETFORD MINES,1.3739847161235492,2.435383378933089,0.7119530937351894
123,689,1140,3.1,1.5150610464679561,16.15629574000493,46.5333,-73.15,ST ALEXIS DES MONTS,0.987427500882839,2.235156088528833,0.7119530937351894
124,690,1149,4.1,1.5858719669451118,16.564190208663554,46.47778333,-72.55415833,RIVIERE A PIERRE composite,1.4504558461004,2.012476072375542,0.7119530937351894
125,691,1182,2.7,1.6268592987363577,18.036246116246513,46.05,-70.5167,ST COME DE LINIERE,0.7409914841209436,2.5941908838067844,0.7119530937351894
126,691,1284,2.5,1.6142468085780268,22.551400289984592,44.4,-64.55,BRIDGEWATER,1.880699453372945,0.9463940297030653,0.7119530937351894
127,692,949,3.1,1.6822521533276675,7.721167762872969,48.6,-85.2833,WHITE RIVER,0.8887788768084643,2.4832437495639503,0.7119530937351894
128,692,1150,3.8,1.664176253985097,16.626426689197242,46.5333,-72.4333,ST NARCISSE,1.3178879378551465,2.0528465876975663,0.7119530937351894
129,692,1179,2.4,1.6796607608428853,17.883321299254668,46.15,-70.7,ST GEORGES,0.6585407499823213,2.5946570884342766,0.7119530937351894
130,692,1246,4.7,1.6654751578683622,20.850317762178534,45.1,-66.7333,PENNFIELD,2.1122018016186996,1.5842139411068694,0.7119530937351894
131,693,746,2.1,1.7062631912498636,-1.2453482523306831,49.191,-98.9049,PILOT MOUND (AUT),1.2182145668386852,1.2272891307840335,0.7119530937351894
132,693,758,2.2,1.6882373082187547,-0.7083728658870007,49.1833,-98.0833,MORDEN CDA,1.2650162693626235,1.2381633692399807,0.7119530937351894
133,693,1156,3.5,1.6981108675439935,16.892890608074847,46.4833,-72.05,FORTIERVILLE,1.2068449758707822,2.0647522075279086,0.7119530937351894
134,694,1153,3.1,1.7540822281724946,16.741931706325044,46.5833,-72.2333,STE ANNE DE LA PERADE,1.0663064782697007,2.0698126059971824,0.7119530937351894
135,695,1172,4.5,1.7744012915046719,17.594713197903786,46.3333,-71.05,ST SEVERIN,1.3252445842143163,2.417507651018056,0.7119530937351894
136,695,1181,2.9,1.788085543520356,17.992307149959434,46.2167,-70.5,ST PROSPER,0.7896213189207616,2.614752061980786,0.7119530937351894
137,696,1236,4.7,1.8336806041740799,20.412222624117724,45.4179375,-67.2232875,MAGAGUADAVIC LAKE composite,1.824731337175526,1.8337929931838024,0.7119530937351894
138,697,686,1.5,1.8662740844535828,-3.895667948011195,49.2167,-102.96700000000001,ESTEVAN A,1.1523279778604238,0.9267584065655113,0.7119530937351894
139,697,1157,3.6,1.9009426839342536,16.922755381469877,46.6667,-71.9167,DESCHAMBAULT,1.110455534935811,2.3080898395403433,0.7119530937351894
140,698,1154,4.1,1.912824438817077,16.798519081378075,46.7167,-72.0833,ST ALBAN,1.2411974280578981,2.3517674290395916,0.7119530937351894
141,699,756,1.6,1.956539149126066,-0.8130760493526549,49.45,-98.25,MIAMI THIESSEN,0.9199028810377562,1.2383100145215757,0.7119530937351894
142,699,780,2.2,1.9687963517466125,0.2366741605794048,49.46824211,-96.63602632,SPRUCE TCPL 43 composite,1.1729567172792652,1.3353406678556092,0.7119530937351894
143,699,1148,3.9,1.9884978888085978,16.545808996887292,46.8667,-72.4,LAC AUX SABLES,1.1086942687735608,2.5044028311238016,0.7119530937351894
144,699,1180,4.6,1.9845023376234565,17.948131049345225,46.4167,-70.4667,STE GERMAINE,1.2287076771859649,2.6653892475730028,0.7119530937351894
145,701,1163,5.2,2.054217978278324,17.173129500136174,46.7333,-71.5,ST AUGUSTIN,1.5342505375771645,2.4130062181821375,0.7119530937351894
146,701,1168,3.8,2.0641528045347988,17.411163562539105,46.6667,-71.1667,BEAUSEJOUR,1.1021869225501177,2.454594316846198,0.7119530937351894
147,701,1273,2.8,2.0477520185861904,22.08183244528817,44.9833,-64.9167,GREENWOOD A,2.0028323877056233,0.9953247584248327,0.7119530937351894
148,702,1007,4.3,2.1028662985791216,10.272256140147682,48.5697,-81.3767,TIMMINS VICTOR POWER A,1.3644105973772522,2.2437514843010664,0.7119530937351894
149,702,1183,4.0,2.1043623241683953,18.088712820603085,46.4833,-70.2167,ST CAMILLE,1.0349693981615369,2.751590897276244,0.7119530937351894
150,702,1256,2.9,2.0923818993230565,21.32172942210499,45.3181,-65.8856,SAINT JOHN A,1.6635281281310395,1.2411355942334938,0.7119530937351894
151,703,1062,4.2,2.1295758090215102,12.715646487269279,48.0564,-77.7867,VAL-D'OR A,1.290244020173644,2.317548422573094,0.7119530937351894
152,703,1164,4.6,2.142892402870948,17.22771444423007,46.8,-71.3833,QUEBEC/JEAN LESAGE INTL A,1.3167454852608578,2.487180907655112,0.7119530937351894
153,703,1297,2.1,2.1285083347995943,23.143751611246888,44.6333,-63.5,SHEARWATER A,1.3938462061206078,1.0726445215251592,0.7119530937351894
154,704,1277,3.1,2.1832299349175868,22.229032603976535,45.05,-64.65,WATERVILLE CAMBRIDGE,2.3050290586468263,0.9574953436269236,0.7119530937351894
155,705,1168,5.7,2.220882571941183,17.406153681880436,46.8167,-71.1,LAUZON,1.6171478785291726,2.5094381832176844,0.7119530937351894
156,705,1279,3.4,2.245163530071908,22.330642996726787,45.0667,-64.4833,KENTVILLE CDA,2.462301537312164,0.983080456239329,0.7119530937351894
157,705,1287,4.5,2.249827933933791,22.675906214322463,44.9333,-64.0333,SALMON HOLE,3.462393342042102,0.9253105021045281,0.7119530937351894
158,707,675,2.0,2.3444152303763364,-4.421666135144434,49.65,-103.833,WEYBURN,1.6134647493145498,0.882514593563509,0.7119530937351894
159,707,813,3.9,2.3191516259454263,1.7019727769211224,49.7903,-94.3653,KENORA A,1.6857714811050377,1.6470898319783784,0.7119530937351894
160,707,1046,4.2,2.3301463594803966,12.017196687285196,48.4167,-78.7333,MONT BRUN,1.2741059265020755,2.346902978386644,0.7119530937351894
161,708,1168,4.8,2.377566928011995,17.400888965846388,46.9667,-71.0333,CHATEAU RICHER,1.272885275400467,2.6847469414348883,0.7119530937351894
162,708,1184,4.7,2.38587791745667,18.134863525524572,46.7333,-70.0167,STE LUCIE,1.2038761952553239,2.779504698027289,0.7119530937351894
163,708,1295,2.3,2.353824406162802,23.043207937173968,44.88,-63.5,HALIFAX STANFIELD INT'L A,1.615140954689663,1.0138385203077012,0.7119530937351894
164,709,756,2.1,2.406655175540253,-0.816592826955396,49.9,-98.2667,PORTAGE SOUTHPORT A,1.2450529233043506,1.2008336905678856,0.7119530937351894
165,709,771,2.6,2.4169256900823712,-0.15035553299554535,49.9167,-97.2333,WINNIPEG RICHARDSON INT'L A,1.4684445789061678,1.2605705862527992,0.7119530937351894
166,709,777,2.4,2.4333932656282005,0.0966389221322516,49.9333,-96.85,OAKBANK,1.3075805287453786,1.306755023802578,0.7119530937351894
167,709,836,1.9,2.408289044403697,2.742262906325916,49.8333,-92.75,DRYDEN A,0.7335161587516295,1.8441459836400025,0.7119530937351894
168,709,1242,3.3,2.4355673986902304,20.695842322706284,45.8721,-66.5279,FREDERICTON A,1.2271395308448878,1.9145705523059204,0.7119530937351894
169,710,732,2.2,2.4461289022730366,-1.9022360052764455,49.91,-99.9519,BRANDON A,1.3347762095276363,1.1734527443905474,0.7119530937351894
170,710,1225,4.2,2.4503054913706883,19.923144460296516,46.1703,-67.5536,WOODSTOCK,1.3299919240063334,2.24828657957592,0.7119530937351894
171,710,1240,2.8,2.4538374466501836,20.62178160144984,45.9167,-66.6167,FREDERICTON CDA,1.0007696920715126,1.9919354855083702,0.7119530937351894
172,710,1248,4.0,2.4523914808738034,20.97348209091824,45.7833,-66.15,GAGETOWN 2,1.354940241297231,2.1017992440863953,0.7119530937351894
173,711,763,2.3,2.5160958184100637,-0.5191396988927048,50.0134,-97.8071,MARQUETTE,1.3418868295424553,1.2202907723218903,0.7119530937351894
174,712,1054,4.2,2.5693781490772243,12.368776262825914,48.5667,-78.1333,AMOS,1.2713593682372117,2.3519730678775947,0.7119530937351894
175,712,1355,1.0,2.558199415687226,25.705259485464225,43.9322,-60.0094,SABLE ISLAND,0.7015482981196428,1.0148311893043354,0.7119530937351894
176,713,1244,3.5,2.5880834006331126,20.757678859211282,45.9903,-66.3633,ACADIA FOREST EXP ST,1.2216913752604495,2.039660652873099,0.7119530937351894
177,713,1278,3.0,2.5929897681063143,22.295057999272316,45.4,-64.3333,PARRSBORO,1.712089846907583,1.2475158853744783,0.7119530937351894
178,714,728,3.4,2.649934333757479,-2.0403860544524055,50.1082,-100.179,RIVERS PETTAPIECE,2.015033349663191,1.2012905489153562,0.7119530937351894
179,715,921,2.9,2.703334463357099,6.489334819136607,49.7828,-86.9306,GERALDTON A,0.9134544366240954,2.2602812894122484,0.7119530937351894
180,715,1163,4.4,2.6832756820036425,17.21270812915398,47.3167,-71.15,FORET MONTMORENCY,0.9064315814812669,3.4559625640091127,0.7119530937351894
181,716,848,3.4,2.724053173483273,3.2714077284853,50.1167,-91.9,SIOUX LOOKOUT A,1.2604609301317409,1.9204407378550348,0.7119530937351894
182,717,988,3.0,2.7844182733983796,9.431461031270734,49.4,-82.4333,KAPUSKASING CDA,0.9129735497836858,2.3394536256955365,0.7119530937351894
183,717,1051,2.9,2.7724424149031415,12.216949590249524,48.8,-78.2833,LAC BERRY,0.8673765522630261,2.3803548371756698,0.7119530937351894
184,718,987,3.8,2.7939506024780143,9.406987093709729,49.4139,-82.4675,KAPUSKASING A,1.160584032412763,2.3310864880411635,0.7119530937351894
185,718,1299,2.0,2.8057614051937527,23.227533862191482,45.2167,-63.0,UPPER STEWIACKE,1.162950898712167,1.2243906333854588,0.7119530937351894
186,718,1313,2.0,2.8341066245898623,23.849578318579603,44.9833,-62.1833,ECUM SECUM,1.443459995494669,0.9864535157986217,0.7119530937351894
187,719,1294,2.1,2.865301707549471,22.994531657643748,45.3667,-63.2667,TRURO,1.2589675618636038,1.1875615719842325,0.7119530937351894
188,720,1218,4.2,2.915060025357727,19.622613419942642,46.7122,-67.7156,AROOSTOOK,1.1867330264226752,2.519693079328513,0.7119530937351894
189,720,1293,2.7,2.906569872397495,22.932472395768386,45.42973684,-63.32314737,DEBERT A composite,1.5745749031766132,1.220820520641436,0.7119530937351894
190,721,699,2.7,2.9639579026062517,-3.362546462664063,50.35,-102.26700000000001,WHITEWOOD,1.6520546986499345,1.1635651983290267,0.7119530937351894
191,721,1179,4.3,2.9632011627512,17.917497467271644,47.35,-70.0333,LA POCATIERE CDA,1.092439965738282,2.8023492357242628,0.7119530937351894
192,721,1276,3.0,2.952510648604285,22.20214615660833,45.7667,-64.25,NAPPAN CDA,1.4462461381162695,1.4768297213830544,0.7119530937351894
193,721,1304,4.0,2.9636487927491326,23.41369120676652,45.2833,-62.6667,TRAFALGAR,2.183671617924011,1.304139483045595,0.7119530937351894
194,722,694,1.2,2.995535908365118,-3.5550168868492085,50.3681,-102.571,BROADVIEW,0.7362050379503056,1.1604697990940618,0.7119530937351894
195,722,769,2.0,3.001732624824235,-0.24221326005617003,50.50114,-97.38028,GIMLI A composite,1.0983566125150643,1.296396972755376,0.7119530937351894
196,722,1273,2.8,2.99186183107382,22.08356301670653,45.85,-64.3833,SACKVILLE,1.3009298171457013,1.5323414347072852,0.7119530937351894
197,724,695,1.8,3.0926391667634663,-3.503230109800849,50.46864,-102.5009,BROADVIEW A composite,1.1039968826030027,1.1607963653862725,0.7119530937351894
198,724,891,4.8,3.0628319237385395,5.168523459661336,50.2936,-88.9053,ARMSTRONG (AUT),1.6265130437664048,2.101043617833847,0.7119530937351894
199,725,651,1.0,3.1345694278645513,-5.464582646908156,50.3333,-105.56700000000001,MOOSE JAW A,0.8585234219300487,0.8292762614846847,0.7119530937351894
200,725,666,1.2,3.1348148797529256,-4.82227641711188,50.4,-104.56700000000001,REGINA CDA,0.890854578747476,0.9590159077179777,0.7119530937351894
201,725,774,1.5,3.133301139837197,-0.010608356324525762,50.6333,-97.0167,GIMLI,0.8026810712754544,1.3304532507610423,0.7119530937351894
202,725,1267,3.8,3.143485364303546,21.790230230835956,46.1053,-64.6838,MONCTON A,1.5299455996885587,1.7683123875413904,0.7119530937351894
203,726,489,1.9,3.187961984628174,-12.656336194902284,49.0971,-116.51799999999999,CRESTON,0.24397143399953453,5.544546162316038,0.7119530937351894
204,726,545,0.9,3.16518878430455,-10.173529005346774,49.6303,-112.8,LETHBRIDGE A,0.8319981024532025,0.7701433242123426,0.7119530937351894
205,726,664,1.5,3.1741915710209807,-4.882522538616095,50.4333,-104.667,REGINA INT'L A,1.1367802312023418,0.9394336840932427,0.7119530937351894
206,726,1242,7.8,3.1668816081319098,20.688150177613355,46.5525,-66.1403,DOAKTOWN,2.1732562723783015,2.555259681849347,0.7119530937351894
207,727,545,1.0,3.2242799425895714,-10.139555795803165,49.695,-112.76700000000001,LETHBRIDGE CDA,0.929784053894525,0.7657187609887248,0.7119530937351894
208,728,620,1.1,3.2540343879709486,-6.82970579631831,50.28335,-107.708,SWIFT CURRENT (HYBRID),1.033404464446932,0.7578333847510924,0.7119530937351894
209,729,576,1.1,3.294490341736107,-8.78098449257167,50.0189,-110.721,MEDICINE HAT A,0.9713763039279342,0.8062255584595872,0.7119530937351894
210,729,1142,3.3,3.321200862802388,16.278681835293746,48.2167,-72.1667,LAC BOUCHETTE,0.9065473922681703,2.591640800430568,0.7119530937351894
211,729,1213,5.4,3.3020657185607187,19.387549788287743,47.1578,-67.8319,ST LEONARD A,1.4550476867113902,2.642213544807753,0.7119530937351894
212,729,1301,2.7,3.2939386094819403,23.293464625867358,45.63357273,-62.62608182,STELLARTON LOURDES composite,1.5181016793822981,1.2662349164037334,0.7119530937351894
213,730,1311,3.0,3.336863255409132,23.744543989867303,45.4833,-62.0167,COLLEGEVILLE,1.7322755657403068,1.232978934441522,0.7119530937351894
214,730,1326,2.0,3.3478667584073754,24.392707899410343,45.2164,-61.1778,DEMING,1.3846797896458856,1.0283288584969705,0.7119530937351894
215,733,1198,4.5,3.491313994124788,18.733677276905336,47.5667,-68.6333,STE ROSE DU DEGELIS,1.0838586201673728,2.9559103578597856,0.7119530937351894
216,735,474,3.3,3.5652891404836695,-13.311122271809033,49.2964,-117.632,CASTLEGAR A,0.38050604854775144,6.174527890668425,0.7119530937351894
217,735,502,2.0,3.5715594149337595,-12.06538588634602,49.6122,-115.78200000000001,CRANBROOK A,0.3983605352522986,3.574415790380839,0.7119530937351894
218,735,515,1.9,3.565855703432369,-11.467506817735874,49.7453,-114.883,SPARWOOD,0.5718972139046746,2.3653041931453322,0.7119530937351894
219,735,1139,5.6,3.5858890255644726,16.122340479606144,48.5167,-72.2667,ROBERVAL A,1.5597465654797293,2.556144320594034,0.7119530937351894
220,735,1316,3.9,3.568214239959637,23.980406366594252,45.592375,-61.571925,COPPER LAKE composite,2.451107662866188,1.132800940420715,0.7119530937351894
221,736,570,1.2,3.5910565071829694,-9.028653520187895,50.2667,-111.18299999999999,SUFFIELD A,1.1652356352418929,0.7331939451927874,0.7119530937351894
222,736,820,3.3,3.6085516827729736,2.018623133323337,51.0669,-93.7931,RED LAKE A,1.2830610348831581,1.8311250559799572,0.7119530937351894
223,736,1147,4.0,3.5978108026814204,16.479739155928193,48.4167,-71.75,LAC STE CROIX,1.0721114339430582,2.6562652768909936,0.7119530937351894
224,737,725,2.2,3.6486471044256565,-2.1807652710283705,51.1,-100.46700000000001,GILBERT PLAINS,1.1426725545496752,1.3707310987570636,0.7119530937351894
225,737,731,1.5,3.637650982133446,-1.9186062210436028,51.1,-100.05,DAUPHIN A,0.7741143496056175,1.3795502449306807,0.7119530937351894
226,737,1136,3.4,3.6504271546022258,15.99683941147927,48.6167,-72.4167,ST PRIME,0.9256540714096189,2.6150595492043878,0.7119530937351894
227,737,1158,3.9,3.677953743438618,16.97946760951628,48.3333,-71.0,BAGOTVILLE A,0.8910841609001544,3.115998675997516,0.7119530937351894
228,738,768,4.5,3.686974162525788,-0.29212404081842136,51.1861,-97.4651,HODGSON 2,2.3490808062491118,1.3638478988400546,0.7119530937351894
229,738,1188,4.7,3.71007111167222,18.31675132549891,47.9167,-69.1,ST CLEMENT,1.176422307641622,2.8443693381363095,0.7119530937351894
230,738,1276,3.4,3.6845959413421965,22.197652168319504,46.4389,-63.8317,SUMMERSIDE A,1.106666655489794,2.1873257920003972,0.7119530937351894
231,738,1281,4.2,3.7031269177923956,22.396835274342646,46.3752,-63.55731667,SUMMERSIDE CDA composite,1.7370430315535452,1.7214328829916619,0.7119530937351894
232,738,1288,2.8,3.7088202378029633,22.71596758927946,46.25,-63.1333,CHARLOTTETOWN CDA,1.275112681347722,1.563366666820023,0.7119530937351894
233,738,1297,5.6,3.695154703131543,23.128978936207325,46.0667,-62.6,ALLISTON,2.9319449649971183,1.3598267950165903,0.7119530937351894
234,739,478,4.5,3.7345715322890913,-13.108365117454234,49.5123,-117.399,NELSON RIXEN CREEK,0.4870256521860129,6.578275512651454,0.7119530937351894
235,739,628,1.7,3.7636991911369555,-6.505263198283556,50.832,-107.311,BEECHY,1.5123870514756783,0.8002715033621048,0.7119530937351894
236,739,1248,4.1,3.765296967036392,20.93925168325036,47.0095,-65.4678,MIRAMICHI A,1.1198069215260498,2.6067062349787165,0.7119530937351894
237,739,1287,3.9,3.745334014783396,22.703007279034583,46.2886,-63.1286,CHARLOTTETOWN A,1.7507622222977022,1.5859475548445428,0.7119530937351894
238,740,688,1.6,3.7987314058440207,-3.8097930656591097,51.15,-103.06700000000001,FENWOOD,0.9317435813743861,1.2225734340944052,0.7119530937351894
239,740,1052,3.5,3.7814550733955166,12.289198024598608,49.76225,-77.8049,MATAGAMI A composite,1.0353794418563254,2.406688531120114,0.7119530937351894
240,740,1268,5.0,3.805146627159658,21.821103653985478,46.7003,-64.2617,O'LEARY,1.6077811958916868,2.2140857709818382,0.7119530937351894
241,741,387,1.3,3.823732054743596,-17.157965052632917,48.4131,-123.325,VICTORIA GONZALES HTS,1.5520418937947178,0.5963363653753044,0.7119530937351894
242,741,712,1.7,3.8447714814497687,-2.7576263152830216,51.2667,-101.4,ROBLIN FRIESEN 3 NORTHWEST,0.9342138143614299,1.295549520617099,0.7119530937351894
243,741,1133,3.2,3.8488977138356315,15.851778350050044,48.85,-72.5333,NORMANDIN CDA,0.8799086230510682,2.5891891956380806,0.7119530937351894
244,741,1152,3.3,3.827749452984931,16.694413110517512,48.5667,-71.3333,ST AMBROISE,0.811685428841506,2.894526778285791,0.7119530937351894
245,741,1164,5.1,3.8422604402526868,17.25132301995396,48.4,-70.5333,STE ROSE DU NORD,1.073514117746057,3.3823130204128162,0.7119530937351894
246,741,1280,4.1,3.8191632149950627,22.350518174671695,46.5,-63.55,LONG RIVER,1.3292168255905723,2.196035761898634,0.7119530937351894
247,742,697,2.5,3.887198018830976,-3.42540834014595,51.2667,-102.46700000000001,YORKTON A,1.5082564137429608,1.18009293255444,0.7119530937351894
248,742,1237,6.8,3.862139802217241,20.45703721604458,47.2833,-66.0667,LITTLE RIVER MINE,1.6539760364378544,2.9270563362126385,0.7119530937351894
249,743,1180,3.3,3.9275140340820363,17.940016482155016,48.25,-69.5167,GRANDES BERGERONNES,0.8345891184261529,2.815092070403038,0.7119530937351894
250,743,1296,2.8,3.9083084776241583,23.091926372857266,46.2758,-62.51987778,MONTAGUE composite,1.4417013517012083,1.3827195626238653,0.7119530937351894
251,745,752,2.1,3.998016328472749,-0.9807957159508047,51.4881,-98.57141429,GYPSUMVILLE composite,1.1147589130330942,1.3411881971644863,0.7119530937351894
252,746,387,1.4,4.05401331129362,-17.1462653539833,48.63445,-123.4225,SAANICHTON CDA,1.7027248033769917,0.5853760568075681,0.7119530937351894
253,746,439,1.4,4.062019040754055,-14.8297517816315,49.3572,-120.07700000000001,HEDLEY,0.23610902151608815,4.221500410399816,0.7119530937351894
254,746,447,0.8,4.074800059239958,-14.502483686793461,49.4631,-119.602,PENTICTON A,0.19086776185863125,2.9840684956006647,0.7119530937351894
255,747,384,2.4,4.110152086638713,-17.269400328837698,48.6469,-123.626,SHAWNIGAN LAKE,1.8121415482321426,0.9429105726489115,0.7119530937351894
256,747,629,0.7,4.078796581815819,-6.432663915289442,51.1539,-107.26299999999999,ROCK POINT,0.6348897310287325,0.7849664930114904,0.7119530937351894
257,747,1295,3.5,4.097032741271308,23.04520507377626,46.4667,-62.4667,MONTICELLO,1.9419922480235392,1.2831337666817293,0.7119530937351894
258,748,870,1.8,4.131289646967927,4.234191060809857,51.4464,-90.2142,PICKLE LAKE A,0.603791681731942,2.122446544886784,0.7119530937351894
259,748,1300,4.2,4.153673757113379,23.247299074645955,46.4333,-62.1667,EAST BALTIC,2.330390697628247,1.2831337666817293,0.7119530937351894
260,749,405,1.9,4.198174141908334,-16.35606704872496,49.0253,-122.36,ABBOTSFORD A,0.4456806527199253,3.0351572809846217,0.7119530937351894
261,749,422,5.7,4.1991101393692425,-15.578263258483593,49.2667,-121.23299999999999,HOPE SLIDE,0.404729492788396,10.026777654210354,0.7119530937351894
262,749,482,3.2,4.196953729114685,-12.965453311805444,49.9958,-117.37,NEW DENVER,0.3445602710260661,6.612050464112434,0.7119530937351894
263,750,434,3.2,4.250712703917452,-15.069322822765542,49.4678,-120.51299999999999,PRINCETON A,0.442368639391824,5.150116208700471,0.7119530937351894
264,750,1239,5.4,4.219665485702747,20.576101392758304,47.56835714,-65.70261429,BATHURST composite,1.37834471235059,2.78924906935192,0.7119530937351894
265,751,415,2.2,4.282087444883862,-15.91382619343588,49.2431,-121.76,AGASSIZ CDA,0.1822788676003324,8.592860087608754,0.7119530937351894
266,751,1323,3.6,4.273588051025234,24.277623200008552,46.1,-60.75,BADDECK,1.9828583646139246,1.2925941575992095,0.7119530937351894
267,752,614,1.0,4.317492293513623,-7.124496208245403,51.2944,-108.40700000000001,BICKLEIGH,0.8768409794116057,0.8119523499151895,0.7119530937351894
268,752,706,1.8,4.329181842759334,-3.0410843278094837,51.7333,-101.9,PELLY 2,0.9887400422313741,1.2961097093137195,0.7119530937351894
269,752,1313,4.2,4.307962092008874,23.836527778183594,46.321999999999996,-61.30098,MARGAREE FORKS composite,2.1455111162970915,1.3937019346926278,0.7119530937351894
270,753,419,3.7,4.348558395632354,-15.712158813189633,49.3683,-121.49799999999999,HOPE A,0.290299439193556,9.074169947203519,0.7119530937351894
271,753,1098,4.8,4.371155389527281,14.306667475765332,49.802625,-74.5576,CACHE LAKE composite,1.2311154036963234,2.7758363185681216,0.7119530937351894
272,753,1192,3.9,4.345598033008107,18.495415831965524,48.45,-68.5167,RIMOUSKI,0.9894151143506927,2.8063216594274527,0.7119530937351894
273,753,1223,6.1,4.377253566453017,19.848600589722924,47.989175,-66.612725,CAMPBELLTON composite,1.5121899154321614,2.8719368033502026,0.7119530937351894
274,754,385,2.2,4.407282646003369,-17.245770999404836,48.935,-123.742,CHEMAINUS,1.946716917124557,0.8045837545455513,0.7119530937351894
275,754,402,1.9,4.414650227614725,-16.48604181669755,49.18924706,-122.6529608,PITT MEADOWS A composite,0.4877600983345244,2.7733118857318244,0.7119530937351894
276,754,533,1.1,4.394858083561403,-10.672781136320898,50.7292,-113.961,OKOTOKS,0.7258478478189329,1.0789429292405501,0.7119530937351894
277,754,1207,4.8,4.415906609261064,19.14630208065784,48.2833,-67.5667,LAC HUMQUI,1.077887207409606,3.17043826704428,0.7119530937351894
278,755,652,2.1,4.450940225574171,-5.406924430771394,51.647925,-105.70825,VISCOUNT composite,1.473086475979778,1.0149448258626348,0.7119530937351894
279,755,674,0.8,4.473443711760957,-4.46219952097385,51.7667,-104.2,WYNYARD,0.4520392355192489,1.259984599199461,0.7119530937351894
280,755,1227,5.1,4.442055448008857,20.024656104182274,47.9833,-66.3333,CHARLO A,1.249957947847325,2.904866347146077,0.7119530937351894
281,756,453,1.4,4.506705494696642,-14.223333606531087,49.9561,-119.37799999999999,KELOWNA A,0.28329332813244124,3.5183826523556045,0.7119530937351894
282,757,384,2.5,4.547856150701866,-17.285246670498605,49.0544,-123.87,NANAIMO A,1.5460424704662927,1.151250866867295,0.7119530937351894
283,757,395,1.5,4.531847882450481,-16.812356613135417,49.195,-123.182,VANCOUVER INT'L A,0.5082858806081537,2.101041326044761,0.7119530937351894
284,757,603,1.8,4.559467704196255,-7.568705942337367,51.4667,-109.167,KINDERSLEY KY,1.664995273100199,0.7696812053629294,0.7119530937351894
285,757,1195,5.9,4.5562730774171545,18.628454874362962,48.6,-68.2167,MONT-JOLI A,1.4786215600062802,2.8408372815960945,0.7119530937351894
286,757,1226,4.0,4.558528198692667,20.001159833155274,48.1,-66.3,NOUVELLE,0.9566094890305583,2.9769852877235947,0.7119530937351894
287,757,1247,4.9,4.553130535964961,20.90147083831138,47.75,-65.0667,BERTRAND,1.2377317929078007,2.818518663972215,0.7119530937351894
288,757,1332,3.1,4.547908489350023,24.68599969266512,46.1667,-60.0481,SYDNEY A,1.8489908668856962,1.1936535924033456,0.7119530937351894
289,758,453,1.4,4.590826836110048,-14.224088312309972,50.0366,-119.416,WINFIELD,0.29428483956876805,3.386971386938707,0.7119530937351894
290,759,603,1.1,4.610409614867476,-7.570753106418941,51.5167,-109.18299999999999,KINDERSLEY A,0.9846207434694386,0.7953807679789313,0.7119530937351894
291,759,1249,5.0,4.651853828796736,21.005823736238465,47.8,-64.8667,BAS CARAQUET,1.2752503665517532,2.7914247759061377,0.7119530937351894
292,759,1251,4.8,4.632375784571248,21.087559840485376,47.75,-64.7667,HAUT SHIPPAGAN,1.224240351889683,2.7914247759061377,0.7119530937351894
293,761,668,2.1,4.731195483550668,-4.7067675930473545,52.0,-104.633,LEROY,1.248083728405331,1.1979176258905162,0.7119530937351894
294,761,1235,2.9,4.715470111362363,20.38318679106956,48.1,-65.6833,CAPLAN,0.6743988561560925,3.0614879503208616,0.7119530937351894
295,761,1315,3.3,4.70829070687878,23.912394653903753,46.65,-60.95,CHETICAMP,1.6219575786510438,1.4485244498688559,0.7119530937351894
296,762,534,0.9,4.778503714622416,-10.625797002736029,51.1139,-114.02,CALGARY INT'L A,0.7111478903392261,0.9010190328428329,0.7119530937351894
297,763,391,1.3,4.788781407389454,-16.97143584939462,49.3856,-123.541,GIBSONS GOWER POINT,0.20274206752586738,4.565105965182381,0.7119530937351894
298,764,457,1.7,4.859998740791233,-14.047864832441528,50.3443,-119.271,VERNON NORTH,0.3983512728189989,3.038324067059683,0.7119530937351894
299,764,520,2.3,4.8363904848695105,-11.26905824222256,51.0275,-115.035,KANANASKIS,0.9870045769450074,1.6590522008107884,0.7119530937351894
300,764,1005,3.5,4.838614639714897,10.181446848171866,51.2667,-80.65,MOOSONEE UA,1.116245771805106,2.2323361852861128,0.7119530937351894
301,764,1323,5.9,4.873758057634859,24.25294202573579,46.65,-60.4,INGONISH BEACH,2.9226885625255923,1.4372120611468113,0.7119530937351894
302,765,529,1.6,4.916387552544458,-10.861806565950413,51.1969,-114.434,COCHRANE,1.0577763539155285,1.0769052888728792,0.7119530937351894
303,766,386,0.7,4.946532338915584,-17.173074384200916,49.4675,-123.913,MERRY ISLAND LIGHTSTATION,0.10413910699381024,4.785590927376152,0.7119530937351894
304,767,358,1.1,5.0044347021713405,-18.449748667971477,49.0822,-125.773,TOFINO A,0.75677886708368,1.03484444026119,0.7119530937351894
305,768,376,1.9,5.032427849855934,-17.630534663570668,49.3938,-124.617,QUALICUM R FISH RESEARCH,0.6246067569281417,2.1657000394129318,0.7119530937351894
306,768,622,1.3,5.044025402318534,-6.752163373239996,52.0667,-107.98299999999999,BIGGAR,1.067413675905667,0.8670855945989784,0.7119530937351894
307,768,640,1.4,5.039762809078846,-5.965341609252919,52.1667,-106.71700000000001,SASKATOON DIEFENBAKER INT'L A,1.017948835562383,0.9791595573451415,0.7119530937351894
308,768,641,0.9,5.014279146457886,-5.895926545544545,52.15,-106.6,SASKATOON SRC,0.646312636836623,0.9914053166248756,0.7119530937351894
309,769,457,2.2,5.066941291229419,-14.03967533064155,50.5452,-119.35,SILVER CREEK,0.4562864296184195,3.4327052144138284,0.7119530937351894
310,769,513,2.8,5.0655475865321336,-11.558827532360517,51.1833,-115.56700000000001,BANFF,0.8120219919888204,2.454944179006885,0.7119530937351894
311,769,901,4.1,5.061316046013959,5.590602250568889,52.2333,-87.8833,LANSDOWNE HOUSE,1.3447458625869024,2.17067608499568,0.7119530937351894
312,769,1191,5.5,5.058478584630331,18.448044213540186,49.1333,-68.2,BAIE-COMEAU A,1.273836643083648,3.0739750161876995,0.7119530937351894
313,769,1208,6.9,5.083231709000099,19.203872504046767,48.8833,-67.1167,ST JEAN DE CHERBOURG,1.5507733001866548,3.1677591729116887,0.7119530937351894
314,770,1295,4.7,5.100925893032472,23.02929875054479,47.3833,-61.8667,GRINDSTONE ISLAND,2.1509448521926315,1.5556789088034313,0.7119530937351894
315,771,377,1.5,5.152302859502165,-17.588380624383266,49.52080435,-124.6196087,CAPE LAZO composite,0.4565125037554397,2.3393217750173374,0.7119530937351894
316,771,1296,1.2,5.155209648688747,23.06626518785116,47.4167,-61.7833,ILES DE LA MADELEINE A,0.549177409070459,1.5556789088034313,0.7119530937351894
317,772,398,5.4,5.2151149274009825,-16.64324273203796,49.8958,-123.281,SQUAMISH UPPER,0.24908040502256348,15.43496248057633,0.7119530937351894
318,772,424,2.0,5.1885658794574345,-15.497821704493647,50.2333,-121.583,LYTTON,0.257744617113553,5.524484675631681,0.7119530937351894
319,773,476,6.4,5.253797842772089,-13.203936242889501,50.9533,-118.166,REVELSTOKE AIRPORT RD,0.4966811624019347,9.173892921306138,0.7119530937351894
320,776,375,2.0,5.398827057118161,-17.69177543345937,49.7167,-124.9,COMOX A,0.5192852077181904,2.7420503536528904,0.7119530937351894
321,776,405,6.4,5.367198301998756,-16.368037148016132,50.1289,-122.955,WHISTLER,0.2842806459328025,16.028174499724003,0.7119530937351894
322,776,494,2.9,5.394415140675882,-12.39295400636217,51.2992,-116.98200000000001,GOLDEN A,0.31555695161163616,6.542920259836591,0.7119530937351894
323,776,574,1.8,5.391313639347458,-8.863542897471344,52.0667,-111.45,CORONATION A,1.5041097161702488,0.852009368030894,0.7119530937351894
324,777,443,1.5,5.416834683190573,-14.660457567490104,50.7022,-120.44200000000001,KAMLOOPS A,0.3769603809059635,2.833002338431926,0.7119530937351894
325,778,349,0.9,5.466629246781768,-18.811593513119927,49.3833,-126.54299999999999,ESTEVAN POINT,0.7534273243876581,0.8504573216566589,0.7119530937351894
326,778,484,20.2,5.45128229469057,-12.84537403334695,51.2382,-117.70100000000001,GLACIER NP MT FIDELITY,1.681827017005135,8.55108899312379,0.7119530937351894
327,778,487,10.4,5.482574779413113,-12.71709709241998,51.3017,-117.51700000000001,GLACIER NP ROGERS PASS,0.9057658076086469,8.17464306186875,0.7119530937351894
328,778,701,2.9,5.480382492219133,-3.271726726194787,52.8667,-102.4,HUDSON BAY,1.4269801663222812,1.4468764321744247,0.7119530937351894
329,782,1246,4.8,5.651301920249028,20.85593090429929,48.7769,-64.4781,GASPE A,1.0050770906835949,3.400112172096779,0.7119530937351894
330,783,371,2.1,5.703163327113734,-17.835905794927697,49.9519,-125.273,CAMPBELL RIVER A,0.38635656773321014,3.8697452604877336,0.7119530937351894
331,785,442,2.1,5.783119687623349,-14.73613903296527,51.0297,-120.728,CRISS CREEK,0.4464865845824314,3.348592205165951,0.7119530937351894
332,785,538,2.1,5.772569187380431,-10.47561217851205,52.1167,-114.133,MARKERVILLE,1.9997692693327094,0.7476369998138781,0.7119530937351894
333,785,541,1.9,5.801064729915265,-10.317618290854872,52.1786,-113.89299999999999,RED DEER A,1.7715803060987372,0.7635617044511602,0.7119530937351894
334,785,620,2.0,5.765774172302074,-6.816518407766225,52.7719,-108.256,NORTH BATTLEFORD A,1.4225403773875975,1.0009601204327778,0.7119530937351894
335,785,1249,5.5,5.79153324323768,20.99524749910319,48.85,-64.2,CAP DES ROSIERS,1.176326443023975,3.3287885678038216,0.7119530937351894
336,788,451,1.5,5.932724915674236,-14.330120957742263,51.2918,-120.18299999999999,DARFIELD,0.19093768782748208,5.593079358788982,0.7119530937351894
337,790,657,1.4,6.007061876745139,-5.205649220236125,53.2167,-105.667,PRINCE ALBERT A,0.8531184801805255,1.1683422108243975,0.7119530937351894
338,790,680,1.7,6.022339598671445,-4.196613718484254,53.3333,-104.0,NIPAWIN A,0.9180475962435227,1.3183633008813744,0.7119530937351894
339,791,545,2.0,6.063709187450945,-10.169656485245808,52.4667,-113.75,LACOMBE CDA,1.6787130168096522,0.848212990077645,0.7119530937351894
340,792,372,2.1,6.099084371860609,-17.80527022983485,50.3332,-125.446,CHATHAM POINT,0.260511615244141,5.739097258457167,0.7119530937351894
341,792,442,1.8,6.087149700909907,-14.713699399972128,51.3265,-120.839,VIDETTE LAKE SHARPE LAKE,0.34142464838891007,3.753436006364696,0.7119530937351894
342,792,1330,5.9,6.07942366355763,24.598257854640586,47.5739,-59.1547,PORT AUX BASQUES,2.4649632795477765,1.7040916138143236,0.7119530937351894
343,793,529,2.5,6.139577167823878,-10.886185966541683,52.3833,-114.917,ROCKY MTN HOUSE,2.0461660262249803,0.8698623237439442,0.7119530937351894
344,793,645,1.5,6.135210259560193,-5.725413134004645,53.2833,-106.55,CAMEO,0.9147457431531849,1.1674606289192064,0.7119530937351894
345,794,1327,5.0,6.194931185731555,24.47214019417098,47.733779999999996,-59.242580000000004,ST ANDREWS composite,2.0481681804946206,1.7380240072943056,0.7119530937351894
346,796,536,2.0,6.264631474439351,-10.568320690412506,52.57634167,-114.45775,ROCKY MTN HOUSE A composite,1.6333344940208154,0.8717786789435382,0.7119530937351894
347,797,593,1.2,6.305541257003819,-8.01463445560685,53.1167,-110.35,PARADISE VALLEY,0.9336524682341342,0.915055378258778,0.7119530937351894
348,798,806,2.6,6.37108696084185,1.3946292957132782,53.85,-94.65,ISLAND LAKE A,0.970384428644924,1.907571874681045,0.7119530937351894
349,800,598,1.2,6.467027949933973,-7.816700497910845,53.3092,-110.072,LLOYDMINSTER A,0.8804459480356588,0.9703533923784106,0.7119530937351894
350,800,763,2.6,6.452753004204012,-0.5033945328851623,53.95,-97.85,NORWAY HOUSE A,1.1104227515791605,1.6670029869966438,0.7119530937351894
351,801,439,2.6,6.4965383453506425,-14.83152150856505,51.6814,-121.21700000000001,100 MILE HOUSE 6NE,0.4884282476580148,3.7898668895325054,0.7119530937351894
352,802,610,1.2,6.521524327565458,-7.277127875163325,53.45,-109.2,BUTTE ST PIERRE,0.7988632422494709,1.0694492715380575,0.7119530937351894
353,802,720,2.6,6.530706804739108,-2.4262533068727663,53.9667,-101.1,THE PAS A,1.2282016004438392,1.5071451161133178,0.7119530937351894
354,802,870,4.2,6.527474346337769,4.229992367547862,53.8333,-89.8667,BIG TROUT LAKE,1.4613905971989907,2.0461353723084303,0.7119530937351894
355,802,1209,6.6,6.526088218670024,19.216683889338345,50.2167,-66.2667,SEPT-ILES A,1.2377799866531038,3.7962242638595396,0.7119530937351894
356,803,468,5.7,6.576161870116752,-13.555416375438215,52.129,-119.29,BLUE RIVER A,0.49093087360693355,8.266199688104654,0.7119530937351894
357,803,548,1.8,6.564121184996623,-10.039006639652118,52.9833,-113.71700000000001,BRIGHTVIEW,1.370453150993291,0.9351035223601123,0.7119530937351894
358,803,588,2.1,6.5856745408813815,-8.260182462283357,53.35,-110.833,VERMILION A,1.5985291008548221,0.935298266415284,0.7119530937351894
359,803,1351,2.9,6.597500707225498,25.503301629128412,47.6167,-57.6167,BURGEO,0.8983054217589677,2.2983986535328267,0.7119530937351894
360,805,354,1.6,6.6747472272446595,-18.602265614133806,50.5833,-126.93299999999999,ALERT BAY,0.5395759344074339,2.111148547103566,0.7119530937351894
361,805,1238,7.6,6.651074614591509,20.49928337364058,49.8351,-64.36443333,PORT MENIER composite,1.5829696560927697,3.4181599701304304,0.7119530937351894
362,806,1389,3.8,6.714805284597526,27.17979422671576,46.9167,-55.3833,ST LAWRENCE,1.5173719660884613,1.7829654275001918,0.7119530937351894
363,809,349,1.0,6.867169200978581,-18.822471420345344,50.6803,-127.366,PORT HARDY A,0.36436849560321183,1.953937023442577,0.7119530937351894
364,809,572,1.7,6.849001617251035,-8.94303792876865,53.4833,-112.03299999999999,VEGREVILLE CDA,1.299264728648521,0.9315424583324001,0.7119530937351894
365,810,551,1.7,6.872797573742963,-9.888532509729613,53.3167,-113.583,EDMONTON INT'L A,1.2964756918343647,0.9335464343626507,0.7119530937351894
366,811,1228,3.9,6.955154706028982,20.071145631038487,50.2833,-64.7833,RIVIERE AU TONNERRE,0.7513883424203023,3.695315602879142,0.7119530937351894
367,812,559,2.0,6.98369096721194,-9.527016403047012,53.5,-113.03299999999999,UNCAS,1.521854666541045,0.9356387431571973,0.7119530937351894
368,814,437,3.2,7.063303973997932,-14.953217742857733,52.1836,-121.686,SPOKIN LAKE 4E,0.545527852367727,4.176230214579206,0.7119530937351894
369,815,432,3.2,7.133331673139345,-15.169367061339733,52.1831,-122.054,WILLIAMS LAKE A,0.6899246455547973,3.302172077242682,0.7119530937351894
370,815,489,2.8,7.097323706908893,-12.626067082342265,52.8833,-118.06700000000001,JASPER,0.5353962973852486,3.7233516036516674,0.7119530937351894
371,815,553,1.6,7.1153958025878365,-9.795709266970313,53.5733,-113.51799999999999,EDMONTON CITY CENTRE A,1.219505231284788,0.9340877929455033,0.7119530937351894
372,815,554,1.8,7.123156419061693,-9.770329174268298,53.5862,-113.47929409999999,OLIVER TREE NURSERY composite,1.3762791778850607,0.9311450680323861,0.7119530937351894
373,815,1328,5.6,7.117358910371174,24.517097913492673,48.5333,-58.55,STEPHENVILLE A,1.5213368856242642,2.620680115358581,0.7119530937351894
374,816,545,1.4,7.165517526809998,-10.146227458310676,53.5475,-114.10799999999999,EDMONTON STONY PLAIN,1.0472910692506738,0.9517261824283658,0.7119530937351894
375,816,622,1.2,7.135252540529704,-6.770535142688353,54.1333,-108.51700000000001,MEADOW LAKE A,0.6952161465724062,1.2288893413859285,0.7119530937351894
376,817,336,0.6,7.217536626163485,-19.408809155479275,50.7822,-128.42700000000002,CAPE SCOTT,0.4728043292590366,0.9034855008848234,0.7119530937351894
377,817,554,1.7,7.20031278290669,-9.74605025536421,53.6667,-113.46700000000001,EDMONTON NAMAO A,1.2961538261467955,0.9337782560484049,0.7119530937351894
378,818,343,1.2,7.225774117220209,-19.07644773785695,50.9167,-127.95,BULL HARBOUR,0.3506932888964496,2.4361564350736473,0.7119530937351894
379,818,713,1.9,7.265476171623048,-2.7271258170741155,54.6833,-101.68299999999999,FLIN FLON A,0.859180622638275,1.5744196766718364,0.7119530937351894
380,818,1417,1.7,7.251016002521476,28.45011299373771,46.74611667,-53.39608333,CAPE RACE (AUT) composite,0.7955378599515042,1.5213861216153848,0.7119530937351894
381,820,1390,4.2,7.3432719055429,27.244436784751777,47.4306,-54.8428,BOAT HARBOUR,1.6911089529977943,1.7681906233108895,0.7119530937351894
382,821,1331,8.7,7.362144133067964,24.62615250390588,48.7,-58.2333,GALLANTS,2.1021684459312895,2.9464774468880037,0.7119530937351894
383,824,514,3.0,7.52710801321648,-11.51139931173636,53.5833,-116.46700000000001,EDSON A,2.00029693976611,1.0677711087511386,0.7119530937351894
384,825,1032,2.7,7.55110484508539,11.40209725081259,53.6333,-77.7,LA GRANDE RIVIERE A,0.7413548460538218,2.5929193871425182,0.7119530937351894
385,825,1399,1.7,7.574171644166242,27.635093055999413,47.43571429,-54.1762,ARGENTIA A composite,0.6763831929966608,1.7894002569572973,0.7119530937351894
386,826,599,1.7,7.579601901793152,-7.751283756222322,54.4167,-110.28299999999999,COLD LAKE A,1.104476390747759,1.095831716719996,0.7119530937351894
387,826,1410,2.9,7.601455119667214,28.116150540572814,47.2167,-53.55,COLINET,1.2544122625373162,1.645921387643187,0.7119530937351894
388,827,532,2.6,7.645226302241052,-10.733684917502696,53.8833,-115.25,RONAN,1.8613524217273318,0.9944801543781243,0.7119530937351894
389,827,1268,6.3,7.646599951001509,21.855483859627054,50.1833,-61.8167,NATASHQUAN A,1.2148808082528164,3.6919708172707444,0.7119530937351894
390,828,1332,4.5,7.670314249600299,24.67471781601549,48.95,-57.95,CORNER BROOK,1.0165864074887814,3.151516583546006,0.7119530937351894
391,829,522,2.3,7.7132460076581975,-11.156081337022442,53.85,-115.96700000000001,SHINING BANK,1.447403661763499,1.1313306431709833,0.7119530937351894
392,829,1419,4.7,7.717138353829867,28.539548624607665,47.1,-52.9333,CAPE BROYLE,2.148977762719412,1.557102915909649,0.7119530937351894
393,830,1407,3.5,7.758143300668337,27.987996394216502,47.4163,-53.59278125,HARBOUR GRACE composite,1.39713092843086,1.7835378040566203,0.7119530937351894
394,833,667,2.2,7.903160812653753,-4.758247218746956,55.15,-105.26700000000001,LA RONGE A,1.046669454845482,1.496457930406163,0.7119530937351894
395,833,1348,6.2,7.890790861218801,25.37151188867836,48.8167,-56.8667,BUCHANS,1.562402486351153,2.825206193486622,0.7119530937351894
396,834,526,2.8,7.97302083337573,-10.980979499107141,54.1439,-115.787,WHITECOURT A,1.674548807403315,1.1904512150647655,0.7119530937351894
397,834,528,3.0,7.945925692469452,-10.914612003503843,54.1333,-115.667,WHITECOURT,1.8558059020733453,1.150906610879587,0.7119530937351894
398,835,432,3.5,8.020634284705773,-15.164130981795742,53.0261,-122.51,QUESNEL A,0.5718604131544079,4.357419696754464,0.7119530937351894
399,837,1336,5.8,8.075391192008935,24.868387906174352,49.2167,-57.4,DEER LAKE A,1.2579836679525815,3.282497260385538,0.7119530937351894
400,837,1418,4.9,8.106864939483001,28.474338160291843,47.4667,-52.7167,PETTY HARBOUR,2.1994677882734925,1.5860974086103061,0.7119530937351894
401,838,1416,4.1,8.126197355843289,28.409254978313303,47.5167,-52.7833,ST JOHN'S WEST CDA,1.8403562948545633,1.58611008774524,0.7119530937351894
402,839,1327,7.7,8.166239327159682,24.433605951924587,49.5,-57.9167,WOODY POINT,1.568613622229941,3.4948305586991477,0.7119530937351894
403,839,1335,4.2,8.163405045656338,24.820435529383964,49.3167,-57.4,CORMACK,0.8814474063235122,3.3923782317992552,0.7119530937351894
404,840,1416,4.6,8.230534649080468,28.377457088340115,47.6222,-52.7428,ST JOHN'S A,2.0597706700249083,1.5899751748296655,0.7119530937351894
405,842,763,2.4,8.306018505604065,-0.4898819825218631,55.8033,-97.8625,THOMPSON A,0.9288213287907152,1.839629831917287,0.7119530937351894
406,842,1124,4.2,8.299960359573916,15.44560701182247,53.2,-70.9,NITCHEQUON,0.9493833356708193,3.149626585319159,0.7119530937351894
407,845,1392,4.0,8.455403278865548,27.32675373010038,48.35,-53.9017,LETHBRIDGE,1.214730687257645,2.344398149165005,0.7119530937351894
408,848,1324,5.0,8.568414912870594,24.31154833282076,49.9117,-57.7889,COW HEAD,0.9494415459369175,3.7493255734486937,0.7119530937351894
409,849,1366,3.5,8.611102176608682,26.155877500630655,49.0667,-55.3,RATTLING BRK NORRIS ARM,0.902382425900109,2.7613966723560748,0.7119530937351894
410,850,345,1.5,8.650836671452103,-18.9954872190085,52.2617,-128.719,MCINNES ISLAND,0.3613789746696128,2.9551515596034013,0.7119530937351894
411,850,1378,4.1,8.683901913262767,26.702849450200837,48.85947143,-54.5312,GLENWOOD composite,1.15714623537498,2.522591868752315,0.7119530937351894
412,851,1337,4.3,8.71890176481015,24.90090147023769,49.7667,-56.8833,SOPS ARM WHITE BAY,0.8167615823299075,3.748215353528651,0.7119530937351894
413,852,1350,4.0,8.736699349311783,25.49020065588056,49.5,-56.0833,SPRINGDALE,0.8678968049345303,3.2812799387544493,0.7119530937351894
414,852,1376,4.8,8.743890975982405,26.6323194328237,48.9464,-54.5769,GANDER INT'L A,1.3038013550485834,2.621085517894379,0.7119530937351894
415,853,628,1.7,8.809364042689996,-6.468147253388817,55.8333,-108.43299999999999,BUFFALO NARROWS A,0.875622143249023,1.3822403518244655,0.7119530937351894
416,855,436,2.9,8.871679997996239,-14.978951097074027,53.8908,-122.679,PRINCE GEORGE A,0.5550837223742988,3.719554165632378,0.7119530937351894
417,855,804,3.0,8.876406118523924,1.2834890209619778,56.3575,-94.7106,GILLAM A,1.0873391878037872,1.9642990017858062,0.7119530937351894
418,855,1177,7.0,8.894474268549919,17.832949980002578,52.9272,-66.8742,WABUSH LAKE A,1.425100466155572,3.4970668907228335,0.7119530937351894
419,855,1348,10.7,8.896623657666789,25.39955778468893,49.6833,-56.0833,MIDDLE ARM,2.2373160257689597,3.4049271605911255,0.7119530937351894
420,856,313,0.8,8.9221102400567,-20.436114299632873,51.9333,-131.017,CAPE ST JAMES,0.36682677744681186,1.5526742048451887,0.7119530937351894
421,856,1323,4.6,8.917592883317909,24.275196665536356,50.2364,-57.5811,DANIELS HARBOUR,0.8405192126588957,3.896382357307213,0.7119530937351894
422,856,1369,4.9,8.920267481638986,26.294066602940795,49.2667,-54.8833,COMFORT COVE,1.2359844599416594,2.8225032533718872,0.7119530937351894
423,857,545,2.8,8.961434607356354,-10.137658918282566,55.3,-114.78299999999999,SLAVE LAKE A,1.6747422055316947,1.190313742541436,0.7119530937351894
424,858,548,2.8,9.005041929741875,-10.025082300525899,55.3677,-114.61,WAGNER composite,1.6821259218781293,1.1850888429522448,0.7119530937351894
425,858,1398,4.2,8.995449237262823,27.614971456792322,48.6672,-53.1142,BONAVISTA,1.4405816409391183,2.0756914490028318,0.7119530937351894
426,861,1022,3.3,9.143254450485722,10.963379553343792,55.2833,-77.75,KUUJJUARAPIK A,1.379576471437495,1.7030191931861838,0.7119530937351894
427,863,1370,5.1,9.227860750135529,26.33760073397983,49.51111667,-54.5889,TWILLINGATE composite,1.2887059444363886,2.8175246600864052,0.7119530937351894
428,867,493,2.7,9.437642625030247,-12.46008114715757,55.1797,-118.885,GRANDE PRAIRIE A,1.4937534665742034,1.2868745720761956,0.7119530937351894
429,867,723,2.6,9.423099719603844,-2.2572180214763757,56.8639,-101.07600000000001,LYNN LAKE A,0.9684496584345431,1.9113828246929017,0.7119530937351894
430,870,487,2.9,9.539950230363896,-12.7402776438216,55.2,-119.4,BEAVERLODGE CDA,1.5767830383223482,1.309415386677924,0.7119530937351894
431,871,340,2.3,9.606712845887811,-19.221120663833677,53.05,-129.683,ETHELDA BAY,0.823316956310774,1.988896381933422,0.7119530937351894
432,877,597,1.8,9.871182472145804,-7.876901137946268,56.65,-111.21700000000001,FORT MCMURRAY A,0.9407447191265479,1.3622351979963154,0.7119530937351894
433,877,1323,4.2,9.858365396681622,24.266777866488194,51.0667,-56.8833,PLUM POINT,0.6722927302158497,4.447769341084123,0.7119530937351894
434,880,668,2.4,10.011841930809885,-4.721178101861767,57.25,-105.617,KEY LAKE,0.9186611460198868,1.859975718323746,0.7119530937351894
435,883,1207,8.1,10.11636629865344,19.13577139970266,53.55,-64.1,CHURCHILL FALLS A,1.643637724812334,3.5085712454753213,0.7119530937351894
436,883,1315,4.4,10.104162651119204,23.912489411212096,51.45,-57.1833,LOURDES DE BLANC SABLON A,0.6890522648212066,4.546235129562589,0.7119530937351894
437,885,505,2.6,10.212029191845676,-11.935249413927469,56.0667,-118.383,FAIRVIEW,1.4335789588437235,1.2912285244507982,0.7119530937351894
438,885,517,1.9,10.226946829363605,-11.381198804475845,56.2269,-117.447,PEACE RIVER A,1.049624944046028,1.2887564132027154,0.7119530937351894
439,885,649,1.7,10.211000872120755,-5.534482218850916,57.35,-107.133,CREE LAKE,0.6628174087343155,1.8260236430135288,0.7119530937351894
440,887,315,1.7,10.323304131822256,-20.314453931732185,53.2539,-131.813,SANDSPIT A,1.847790992419851,0.6550092863938022,0.7119530937351894
441,889,462,2.1,10.382100207627825,-13.816510353920053,55.6872,-121.62700000000001,CHETWYND A,0.7315856369400914,2.0436452294187535,0.7119530937351894
442,892,1336,8.7,10.513143541501316,24.830079614182484,51.3667,-55.6,ST ANTHONY,1.9829619257960485,3.123606073782584,0.7119530937351894
443,895,367,6.3,10.64544044520589,-18.038806278710556,54.4664,-128.577,TERRACE A,0.3675237387878736,12.204121848903235,0.7119530937351894
444,895,387,2.7,10.665533425795687,-17.140960439352252,54.8247,-127.18299999999999,SMITHERS A,0.2663757474611336,7.21639778172931,0.7119530937351894
445,895,1162,4.9,10.642722973708436,17.15060312140212,54.8,-66.8167,SCHEFFERVILLE A,1.0023043983148452,3.4805495867001017,0.7119530937351894
446,897,477,3.6,10.753806257076697,-13.163717285063106,56.2381,-120.74,FORT ST JOHN A,1.708383750816302,1.5002666328464032,0.7119530937351894
447,898,684,2.8,10.776852701726542,-4.019039624140345,58.0833,-104.48299999999999,CIGAR LAKE,0.9983237856063026,1.9968157537665554,0.7119530937351894
448,899,1255,6.7,10.842940456164209,21.25454186850438,53.3167,-60.4167,GOOSE A,1.1886324061059996,4.013087396508676,0.7119530937351894
449,901,342,2.1,10.925168419012316,-19.12359427311639,54.2925,-130.445,PRINCE RUPERT A,0.38117169951506197,3.9223832691304485,0.7119530937351894
450,904,425,3.5,11.047399217578207,-15.445471313000713,55.7855,-124.70100000000001,GERMANSEN LANDING,0.547621728753537,4.550286625304162,0.7119530937351894
451,908,342,1.0,11.239871559683275,-19.14849221056054,54.5686,-130.708,GREEN ISLAND,0.1813435679720481,3.92599032707313,0.7119530937351894
452,909,810,2.6,11.268490682622877,1.5517817622508403,58.7392,-94.0664,CHURCHILL A,1.094326631515973,1.6915224306907255,0.7119530937351894
453,909,1325,8.0,11.27986689754487,24.383441139208454,52.25,-55.6,BATTLE HARBOUR LOR,1.9250316475197864,2.958717461720573,0.7119530937351894
454,913,368,6.5,11.456778063183705,-17.971764008077084,55.2375,-129.03,NASS CAMP,0.3796409941969518,12.189661232627465,0.7119530937351894
455,915,310,1.7,11.545163694436308,-20.54536787529786,54.2552,-133.058,LANGARA,1.6291559176343733,0.7429124777125541,0.7119530937351894
456,926,670,3.0,12.01176366560062,-4.604034071073405,59.25,-105.833,STONY RAPIDS A,1.176810540743998,1.814955940023485,0.7119530937351894
457,928,547,2.3,12.11878653105197,-10.070287881930062,58.3833,-116.03299999999999,FORT VERMILION CDA,1.1268922806552073,1.4531043860189112,0.7119530937351894
458,928,1292,11.4,12.126358983270919,22.883799444538962,53.7083,-57.035,CARTWRIGHT,2.4872880139442106,3.2630982914241655,0.7119530937351894
459,929,1000,3.0,12.184706889709847,9.988977488368288,58.4667,-78.0833,INUKJUAK UA,1.2502163372749797,1.7083917539111437,0.7119530937351894
460,932,364,9.8,12.314069788778712,-18.18701005126701,55.9361,-129.985,STEWART A,0.40424014025598975,17.259889911443487,0.7119530937351894
461,937,535,2.6,12.498830656358052,-10.594224739549533,58.6214,-117.165,HIGH LEVEL A,1.370374344891034,1.350782762836006,0.7119530937351894
462,937,641,2.6,12.505036006001426,-5.928649267233507,59.5667,-108.48299999999999,URANIUM CITY A,1.0601128047879478,1.7461142204406823,0.7119530937351894
463,943,1235,9.3,12.800428563828865,20.37992732710111,55.45,-60.2167,HOPEDALE (AUT),1.7105585864690915,3.8707611794838117,0.7119530937351894
464,954,602,2.4,13.254432412961972,-7.616430689969889,60.0203,-111.962,FORT SMITH A,1.0738760270610876,1.591140301027742,0.7119530937351894
465,957,1115,3.7,13.3816017084914,15.062915391847254,58.1,-68.4167,KUUJJUAQ A,0.9338777425630219,2.8207401534065717,0.7119530937351894
466,957,1207,9.5,13.419876797675242,19.12294867359371,56.55,-61.6833,NAIN A,2.1519766686736,3.142949683861168,0.7119530937351894
467,960,474,2.7,13.53351926237463,-13.294599528109782,58.8364,-122.59700000000001,FORT NELSON A,1.3540122128499141,1.4196868645955756,0.7119530937351894
468,963,731,2.8,13.681900442512509,-1.9366766682370051,61.1333,-100.9,ENNADAI LAKE,0.9081839366919217,2.1950054189680785,0.7119530937351894
469,981,564,3.0,14.468960203336742,-9.324605930233329,60.8397,-115.78299999999999,HAY RIVER A,1.4541650624105138,1.4687873725043539,0.7119530937351894
470,983,589,2.9,14.565388662023608,-8.223670798368683,61.1808,-113.69,FORT RESOLUTION A,1.3248015664621255,1.5584703582029433,0.7119530937351894
471,984,387,3.1,14.58973720034851,-17.142096595521583,58.4283,-130.011,DEASE LAKE,0.4033971715189689,5.47117021735316,0.7119530937351894
472,1002,827,2.4,15.389341884371548,2.3116704332428544,62.8167,-92.1167,RANKIN INLET A,0.8457944523838637,2.0202159285255834,0.7119530937351894
473,1008,644,2.8,15.66795069496372,-5.7587229165762075,62.7167,-109.167,FORT RELIANCE,1.0457686019602381,1.906223478809632,0.7119530937351894
474,1013,416,3.3,15.880923220563833,-15.851020784876589,60.1165,-128.822,WATSON LAKE A,1.0466931351679032,2.2446361119481724,0.7119530937351894
475,1013,587,1.9,15.8941364226464,-8.283411299371597,62.4628,-114.44,YELLOWKNIFE A,0.8256584874921918,1.638341879347122,0.7119530937351894
476,1014,1077,4.2,15.939086686787777,13.391751917053249,61.06665,-69.59165,CAPE HOPES ADVANCE composite,2.2996069084848703,1.3003104933520726,0.7119530937351894
477,1015,480,2.5,15.991103468858041,-13.014781168462859,61.2419,-123.742,YOHIN,0.9499250354526574,1.8737086274285062,0.7119530937351894
478,1015,841,3.2,15.951712281201985,2.928277120662789,63.3333,-90.7167,CHESTERFIELD,1.3759336377299838,1.6557847249895459,0.7119530937351894
479,1018,511,2.7,16.085824204153216,-11.662896594650553,61.7603,-121.23700000000001,FORT SIMPSON A,1.2684887420708213,1.5154043463932365,0.7119530937351894
480,1019,511,2.3,16.132951979124126,-11.670039491267158,61.802859999999995,-121.2822,FORT SIMPSON composite,1.070794683709816,1.5292307110806445,0.7119530937351894
481,1033,375,3.2,16.76506763477859,-17.660877209858345,60.1741,-132.736,TESLIN A,0.585087998212842,3.893858542495397,0.7119530937351894
482,1034,784,3.2,16.80137872475479,0.41775555963923183,64.2989,-96.0778,BAKER LAKE A,1.0159527095163157,2.2424763265184433,0.7119530937351894
483,1043,914,2.7,17.235601653792568,6.170803303022934,64.1933,-83.3594,CORAL HARBOUR A,0.8444409934440454,2.2763856421098603,0.7119530937351894
484,1056,357,2.0,17.7729222850007,-18.468791200743226,60.7095,-135.069,WHITEHORSE A,0.5650020028674618,2.520179008647512,0.7119530937351894
485,1070,333,2.0,18.431001006079605,-19.56058255517341,60.7725,-137.58,HAINES JUNCTION,0.5433515092280208,2.620598568859092,0.7119530937351894
486,1072,643,4.0,18.483281173616597,-5.8054537397209645,65.4833,-110.367,CONTWOYTO LAKE,1.3907851487837284,2.0476292671310383,0.7119530937351894
487,1075,1065,2.3,18.615143558311996,12.846172943570908,63.75,-68.55,IQALUIT A,0.6025668474948097,2.717527727253598,0.7119530937351894
488,1077,391,1.8,18.714427641818464,-16.97524634774574,62.2069,-133.373,FARO A,0.4224503503202643,3.0335294260066537,0.7119530937351894
489,1090,325,1.5,19.306314193603082,-19.882004589804254,61.3667,-139.05,BURWASH A,0.8147024083128885,1.3108217549206544,0.7119530937351894
490,1112,485,3.8,20.25328633221057,-12.797273633836445,65.2825,-126.8,NORMAN WELLS A,1.9123598479253876,1.4147032835523505,0.7119530937351894
491,1117,383,2.8,20.495251114049235,-17.3192127506522,63.6167,-135.86700000000002,MAYO A,0.7542367646745934,2.6430277014122865,0.7119530937351894
492,1130,839,3.3,21.067501083406018,2.8624662073599754,68.4333,-89.7167,PELLY BAY,1.1446290172118423,2.0525822550340793,0.7119530937351894
493,1131,875,2.8,21.12615228933823,4.467676573336247,68.3,-85.6667,MACKAR INLET,1.2778864380502246,1.5599732520051843,0.7119530937351894
494,1132,611,2.75,21.171525512136107,-7.235799033114204,67.82499999999999,-115.1305,COPPERMINE,1.1489109534603306,1.7041103158386521,0.7119530937351894
495,1132,767,1.2,21.168306359986623,-0.31208441667822434,68.6667,-97.8,GLADMAN POINT A,0.5776713751793581,1.4789441699737447,0.7119530937351894
496,1142,359,2.3,21.598938834154087,-18.407519961095826,64.0431,-139.128,DAWSON A,0.7449215401472948,2.198207498828871,0.7119530937351894
497,1142,669,1.2,21.61343274960767,-4.674782885449549,68.75,-109.06700000000001,BYRON BAY A,0.5690260021742377,1.5014141870807238,0.7119530937351894
498,1144,356,3.3,21.676001032265592,-18.5250048011659,64.05,-139.433,DAWSON,1.1607838007078624,2.0240161931045213,0.7119530937351894
499,1146,704,1.6,21.771353847100382,-3.1159972251081784,69.1081,-105.13799999999999,CAMBRIDGE BAY A,0.7456840361236213,1.5276241608952137,0.7119530937351894
500,1149,912,2.2,21.893848234284437,6.082122147370087,68.7758,-81.2425,HALL BEACH A,1.0769770039664694,1.4543456363959486,0.7119530937351894
501,1160,1100,8.4,22.39945260697579,14.412454916130438,66.5833,-61.6167,CAPE DYER A,3.004921338592195,1.9902038401369304,0.7119530937351894
502,1164,963,3.4,22.577846279580037,8.34718788299684,68.8986,-75.1408,LONGSTAFF BLUFF,1.349733152711741,1.7934215469452974,0.7119530937351894
503,1169,998,3.9,22.807411148594248,9.909844813640515,68.65,-71.1667,DEWAR LAKES,0.9975587926587748,2.7834119512562996,0.7119530937351894
504,1171,1071,6.3,22.868701178463567,13.129046420759014,67.5356,-63.7889,FOX FIVE,2.0762880613143104,2.16025154413904,0.7119530937351894
505,1179,1036,5.2,23.241209751869288,11.583229823915062,68.4725,-66.8153,CAPE HOOPER,2.232997403698671,1.657931209991934,0.7119530937351894
506,1184,575,1.6,23.44235374761187,-8.826311309401945,69.5833,-120.8,CLINTON POINT,0.6522708404893597,1.746398703216115,0.7119530937351894
507,1199,460,3.0,24.11612349673207,-13.935204799901314,68.3042,-133.483,INUVIK A,1.358040304761653,1.5727510249266343,0.7119530937351894
508,1207,549,1.1,24.460936365558343,-9.983429469768042,70.1667,-124.71700000000001,CAPE PARRY A,0.652947797936586,1.1994043100896827,0.7119530937351894
509,1215,1003,4.8,24.854671892755793,10.111462339176834,70.4861,-68.5167,CLYDE A,1.9058614085609107,1.79308675572025,0.7119530937351894
510,1219,477,2.1,25.028017177100875,-13.181003907270492,69.4333,-133.026,TUKTOYAKTUK A,1.0636687053797698,1.405608239936034,0.7119530937351894
511,1220,477,1.8,25.03831355202299,-13.16333698797708,69.45,-133.0,TUKTOYAKTUK,0.9304392488648232,1.3773232054503788,0.7119530937351894
512,1246,562,1.1,26.222748150746305,-9.3888415938028,72.0,-125.26700000000001,SACHS HARBOUR A,0.5637735232883464,1.3891188052620929,0.7119530937351894
513,1269,788,1.5,27.224762925109236,0.6018099385145664,74.7169,-94.9694,RESOLUTE CARS,0.7356414575164323,1.451698554630371,0.7119530937351894
514,1322,640,1.2,29.59681105435813,-5.969241673105273,76.2333,-119.333,MOULD BAY A,0.6466367515970011,1.3212111906294401,0.7119530937351894
515,1362,741,1.6,31.345755932126362,-1.4849252212430886,78.7833,-103.53299999999999,ISACHSEN,0.6843736012352729,1.6644782147064385,0.7119530937351894
516,1391,826,0.9,32.64541886648805,2.272431308433523,79.9833,-85.9333,EUREKA A,0.3291756559802311,1.946552768167497,0.7119530937351894
517,1472,894,2.3,36.222662646628834,5.2749625457498235,82.5178,-62.2806,ALERT,1.1599695984236642,1.4116681314891344,0.7119530937351894
