,Q10_Gumbel-MM,Location,lat,lon,rlat,rlon
0,0.123,100 Mile House,51.64,-121.3,6.473,-14.894
1,0.172,Abbotsford,49.05,-122.33,4.215,-16.33
2,0.153,Agassiz,49.24,-121.76,4.279,-15.915
3,0.166,Alberni,49.27,-124.8,4.957,-17.786
4,0.192,Ashcroft,50.72,-121.28,5.593,-15.164
5,0.428,Bamfield,48.83,-125.13,4.62,-18.142
6,0.171,Beatton River,57.38,-121.41,11.953,-13.162
7,0.483,Bella Bella,52.16,-128.14,8.419,-18.705
8,0.425,Bella Coola,52.37,-126.75,8.292,-17.829
9,0.104,Burns Lake,54.23,-125.75,9.806,-16.578
10,0.195,Cache Creek,50.81,-121.32,5.686,-15.16
11,0.323,Campbell River,50.02,-125.24,5.759,-17.792
12,0.134,Carmi,49.5,-119.12,4.022,-14.191
13,0.121,Castlegar,49.33,-117.67,3.604,-13.326
14,0.163,Chetwynd,55.7,-121.63,10.395,-13.814
15,0.143,Chilliwack,49.17,-121.95,4.251,-16.055
16,0.345,Comox,49.67,-124.93,5.362,-17.726
17,0.339,Courtenay,49.69,-125.0,5.396,-17.762
18,0.157,Cranbrook,49.51,-115.77,3.47,-12.082
19,0.131,Crescent Valley,49.45,-117.56,3.701,-13.226
20,0.401,Crofton,48.86,-123.64,4.314,-17.207
21,0.204,Dawson Creek,55.76,-120.24,10.214,-13.038
22,0.164,Dease Lake ,58.44,-130.0,14.598,-17.132
23,0.171,Dog Creek,51.58,-122.3,6.609,-15.506
24,0.362,Duncan,48.78,-123.71,4.254,-17.278
25,0.188,Elko,49.3,-115.12,3.167,-11.719
26,0.182,Fernie,49.5,-115.06,3.353,-11.635
27,0.135,Fort Nelson,58.8,-122.71,13.518,-13.364
28,0.258,Fort St. John,56.25,-120.85,10.784,-13.219
29,0.252,Glacier,51.27,-117.52,5.452,-12.727
30,0.422,Gold River ,49.78,-126.78,5.892,-18.809
31,0.252,Golden,51.3,-116.96,5.392,-12.379
32,0.116,Grand Forks,49.03,-118.44,3.449,-13.892
33,0.133,Greenwood,49.09,-118.68,3.549,-14.028
34,0.162,Hope,49.38,-121.44,4.348,-15.673
35,0.419,Jordan River ,48.42,-124.05,3.99,-17.611
36,0.175,Kamloops,50.68,-120.34,5.377,-14.605
37,0.186,Kaslo,49.91,-116.91,4.039,-12.7
38,0.166,Kelowna,49.89,-119.5,4.465,-14.318
39,0.164,Kimberley,49.69,-115.98,3.678,-12.171
40,0.366,Kitimat Plant,54.0,-128.7,10.245,-18.293
41,0.375,Kitimat Townsite,54.05,-128.65,10.279,-18.245
42,0.327,Ladysmith,48.99,-123.82,4.476,-17.276
43,0.39,Langford,48.45,-123.5,3.897,-17.256
44,0.271,Lillooet,50.69,-121.93,5.691,-15.566
45,0.246,Lytton,50.23,-121.58,5.185,-15.497
46,0.128,Mackenzie,55.32,-123.09,10.3,-14.734
47,0.483,Masset,54.03,-132.18,11.117,-20.174
48,0.307,McBride,53.3,-120.17,7.851,-13.731
49,0.125,McLeod Lake,54.98,-123.05,9.972,-14.826
50,0.209,Merritt,50.11,-120.79,4.917,-15.049
51,0.177,Mission City,49.16,-122.28,4.309,-16.264
52,0.117,Montrose,49.08,-117.59,3.349,-13.341
53,0.129,Nakusp,50.24,-117.8,4.504,-13.169
54,0.335,Nanaimo,49.16,-123.94,4.663,-17.293
55,0.143,Nelson,49.49,-117.3,3.697,-13.052
56,0.248,Ocean Falls,52.35,-127.69,8.489,-18.374
57,0.166,Osoyoos,49.03,-119.47,3.635,-14.543
58,0.196,Parksville,49.32,-124.31,4.895,-17.467
59,0.155,Penticton,49.5,-119.59,4.108,-14.484
60,0.177,Port Alberni,49.23,-124.81,4.922,-17.806
61,0.316,Port Alice ,50.43,-127.49,6.665,-18.991
62,0.384,Port Hardy,50.72,-127.5,6.936,-18.887
63,0.2,Port McNeill,50.59,-127.08,6.716,-18.687
64,0.437,Port Renfrew ,48.56,-124.4,4.2,-17.782
65,0.34,Powell River,49.84,-124.52,5.43,-17.418
66,0.134,Prince George,53.91,-122.74,8.901,-15.007
67,0.496,Prince Rupert,54.31,-130.33,10.913,-19.054
68,0.165,Princeton,49.46,-120.51,4.243,-15.07
69,0.161,Qualicum Beach,49.35,-124.44,4.952,-17.537
70,0.487,Queen Charlotte City,53.25,-132.09,10.391,-20.468
71,0.128,Quesnel,52.98,-122.49,7.973,-15.168
72,0.201,Revelstoke,51.0,-118.2,5.305,-13.212
73,0.141,Salmon Arm,50.7,-119.28,5.203,-13.953
74,0.544,Sandspit,53.24,-131.82,10.313,-20.324
75,0.368,Sechelt,49.47,-123.76,4.916,-17.078
76,0.437,Sidney,48.65,-123.4,4.064,-17.127
77,0.134,Smith River,59.88,-126.43,15.197,-14.804
78,0.138,Smithers,54.78,-127.17,10.621,-17.151
79,0.387,Sooke,48.38,-123.73,3.881,-17.423
80,0.258,Squamish,49.7,-123.16,5.005,-16.633
81,0.39,Stewart,55.94,-129.94,12.307,-18.162
82,0.225,Tahsis,49.92,-126.66,5.994,-18.685
83,0.253,Taylor,56.16,-120.69,10.671,-13.161
84,0.334,Terrace,54.52,-128.6,10.7,-18.03
85,0.33,Tofino,49.15,-125.9,5.097,-18.503
86,0.116,Trail,49.09,-117.71,3.379,-13.414
87,0.524,Ucluelet,48.94,-125.55,4.82,-18.363
88,0.279,Burnaby (Simon Fraser Univ.),49.24,-122.97,4.529,-16.666
89,0.257,Cloverdale,49.11,-122.73,4.356,-16.559
90,0.243,Haney,49.22,-122.6,4.433,-16.443
91,0.313,Ladner,49.09,-123.08,4.411,-16.783
92,0.239,Langley,49.1,-122.66,4.332,-16.519
93,0.296,New Westminster,49.21,-122.91,4.488,-16.639
94,0.253,North Vancouver,49.32,-123.07,4.626,-16.702
95,0.318,Richmond,49.16,-123.14,4.49,-16.798
96,0.265,Surrey (88 Ave & 156 St.),49.16,-122.79,4.416,-16.581
97,0.276,Vancouver (city hall),49.26,-123.11,4.578,-16.747
98,0.309,Vancouver (Granville & 41 Ave),49.23,-123.14,4.556,-16.775
99,0.258,West Vancouver,49.33,-123.16,4.655,-16.755
100,0.183,Vernon,50.27,-119.27,4.789,-14.068
101,0.357,Victoria,48.43,-123.36,3.847,-17.174
102,0.358,Victoria Gonzales Height,48.42,-123.32,3.829,-17.153
103,0.391,Victoria Mt Tolmie,48.46,-123.32,3.867,-17.139
104,0.374,Whistler ,50.12,-122.95,5.358,-16.368
105,0.253,White Rock ,49.02,-122.8,4.285,-16.632
106,0.167,Williams Lake,52.13,-122.14,7.1,-15.237
107,0.207,Youbou,48.86,-124.21,4.44,-17.562
108,0.224,Athabasca,54.72,-112.28,8.09,-8.844
109,0.18,Banff,51.17,-115.57,5.053,-11.564
110,0.278,Barrhead,54.12,-114.41,7.763,-10.194
111,0.277,Beaverlodge,55.21,-119.43,9.554,-12.754
112,0.268,Brooks,50.56,-111.9,3.964,-9.424
113,0.284,Calgary,51.05,-114.06,4.722,-10.664
114,0.271,Campsie,54.12,-114.65,7.795,-10.333
115,0.208,Camrose,53.02,-112.83,6.489,-9.506
116,0.193,Canmore,51.09,-115.36,4.944,-11.454
117,0.304,Cardston,49.2,-113.3,2.81,-10.58
118,0.409,Claresholm,50.02,-113.58,3.65,-10.586
119,0.237,Cold Lake,54.41,-110.22,7.567,-7.716
120,0.219,Coleman,49.64,-114.49,3.406,-11.243
121,0.244,Coronation,52.09,-111.45,5.414,-8.859
122,0.454,Cowley,49.57,-114.07,3.278,-10.992
123,0.224,Drumheller,51.47,-112.71,4.956,-9.747
124,0.223,Edmonton,53.55,-113.49,7.089,-9.784
125,0.202,Edson,53.59,-116.43,7.528,-11.488
126,0.255,Embarras Portage,58.45,-111.47,11.665,-7.672
127,0.302,Fairview,56.07,-118.38,10.215,-11.933
128,0.407,Fort MacLeod,49.72,-113.41,3.334,-10.542
129,0.216,Fort McMurray,56.73,-111.38,9.966,-7.951
130,0.222,Fort Saskatchewan,53.71,-113.21,7.211,-9.587
131,0.213,Fort Vermilion,58.39,-116.0,12.121,-10.051
132,0.294,Grande Prairie,55.17,-118.79,9.413,-12.41
133,0.193,Habay,58.83,-118.73,12.919,-11.338
134,0.234,Hardisty,52.67,-111.31,5.969,-8.668
135,0.248,High River,50.58,-113.88,4.238,-10.655
136,0.196,Hinton,53.4,-117.58,7.518,-12.204
137,0.182,Jasper,52.88,-118.08,7.096,-12.635
138,0.13,Keg River,57.75,-117.63,11.722,-11.07
139,0.191,Lac la Biche,54.77,-111.97,8.105,-8.657
140,0.192,Lacombe,52.47,-113.74,6.066,-10.163
141,0.357,Lethbridge,49.69,-112.83,3.228,-10.181
142,0.138,Manning,56.92,-117.63,10.922,-11.295
143,0.288,Medicine Hat,50.04,-110.68,3.311,-8.751
144,0.235,Peace River,56.23,-117.29,10.207,-11.295
145,0.468,Pincher Creek,49.48,-113.94,3.172,-10.929
146,0.255,Ranfurly,53.4,-111.68,6.727,-8.751
147,0.206,Red Deer,52.27,-113.81,5.879,-10.248
148,0.134,Rocky Mountain House,52.37,-114.92,6.127,-10.891
149,0.283,Slave Lake,55.28,-114.77,8.94,-10.135
150,0.236,Stettler,52.33,-112.71,5.799,-9.574
151,0.249,Stony Plain,53.53,-114.01,7.136,-10.093
152,0.295,Suffield,50.22,-111.16,3.542,-9.023
153,0.34,Taber,49.78,-112.15,3.229,-9.731
154,0.239,Turner Valley,50.68,-114.29,4.392,-10.887
155,0.243,Valleyview,55.07,-117.28,9.085,-11.594
156,0.244,Vegreville,53.49,-112.05,6.858,-8.952
157,0.258,Vermilion,53.35,-110.85,6.587,-8.27
158,0.241,Wagner,55.35,-114.98,9.036,-10.237
159,0.245,Wainwright,52.83,-110.86,6.077,-8.369
160,0.214,Wetaskiwin,52.97,-113.37,6.507,-9.836
161,0.182,Whitecourt,54.14,-115.69,7.956,-10.926
162,0.266,Wimborne,51.87,-113.59,5.46,-10.201
163,0.292,Assiniboia,49.63,-105.99,2.466,-5.815
164,0.283,Battrum,50.55,-108.33,3.574,-7.185
165,0.278,Biggar,52.06,-107.99,5.038,-6.757
166,0.278,Broadview,50.38,-102.58,3.008,-3.56
167,0.276,Dafoe,51.75,-104.53,4.476,-4.668
168,0.283,Dundurn,51.81,-106.51,4.67,-5.883
169,0.308,Estevan,49.14,-102.99,1.791,-3.917
170,0.159,Hudson Bay,52.85,-102.38,5.463,-3.261
171,0.284,Humboldt,52.2,-105.12,4.96,-4.985
172,0.185,Island Falls,55.53,-102.35,8.135,-3.056
173,0.23,Kamsack,51.56,-101.89,4.156,-3.046
174,0.286,Kindersley,51.47,-109.16,4.562,-7.564
175,0.296,Lloydminster,53.28,-110.01,6.432,-7.785
176,0.278,Maple Creek,49.91,-109.48,3.054,-8.011
177,0.221,Meadow Lake,54.13,-108.43,7.124,-6.72
178,0.237,Melfort,52.86,-104.61,5.586,-4.608
179,0.284,Melville,50.93,-102.8,3.567,-3.659
180,0.303,Moose Jaw,50.39,-105.53,3.188,-5.435
181,0.204,Nipawin,53.36,-104.01,6.049,-4.2
182,0.276,North Battleford,52.78,-108.3,5.778,-6.842
183,0.245,Prince Albert,53.2,-105.75,5.996,-5.257
184,0.297,Qu'Appelle,50.54,-103.88,3.234,-4.373
185,0.307,Regina,50.45,-104.62,3.188,-4.851
186,0.27,Rosetown,51.55,-107.99,4.533,-6.83
187,0.298,Saskatoon,52.13,-106.66,4.999,-5.935
188,0.229,Scott,52.37,-108.83,5.42,-7.223
189,0.291,Strasbourg,51.07,-104.95,3.826,-4.997
190,0.308,Swift Current,50.28,-107.8,3.259,-6.888
191,0.207,Uranium City,59.57,-108.62,12.519,-5.998
192,0.308,Weyburn,49.66,-103.85,2.355,-4.432
193,0.282,Yorkton,51.21,-102.46,3.83,-3.425
194,0.261,Beausejour,50.06,-96.51,2.561,0.315
195,0.204,Boissevain,49.23,-100.05,1.769,-1.992
196,0.224,Brandon,49.84,-99.95,2.376,-1.904
197,0.504,Churchill,58.77,-94.17,11.297,1.496
198,0.214,Dauphin,51.15,-100.05,3.688,-1.917
199,0.122,Flin Flon,54.77,-101.88,7.359,-2.836
200,0.279,Gimli,50.63,-96.99,3.13,0.006
201,0.138,Island Lake,53.86,-94.67,6.381,1.382
202,0.233,Lac du Bonnet,50.26,-96.06,2.764,0.602
203,0.171,Lynn Lake,56.85,-101.05,9.408,-2.244
204,0.284,Morden,49.19,-98.1,1.695,-0.719
205,0.205,Neepawa,50.23,-99.47,2.755,-1.582
206,0.201,Pine Falls,50.57,-96.2,3.073,0.509
207,0.283,Portage la Prairie,49.97,-98.24,2.476,-0.798
208,0.186,Rivers,50.03,-100.24,2.573,-2.083
209,0.227,Sandilands,49.32,-96.29,1.822,0.463
210,0.294,Selkirk,50.14,-96.87,2.64,0.083
211,0.173,Split Lake,56.25,-96.1,8.753,0.506
212,0.283,Steinbach,49.53,-96.69,2.03,0.201
213,0.154,Swan River,52.11,-101.27,4.682,-2.63
214,0.221,The Pas,53.83,-101.25,6.399,-2.523
215,0.131,Thompson,55.75,-97.85,8.253,-0.483
216,0.248,Virden,49.85,-100.93,2.414,-2.535
217,0.309,Winnipeg,49.9,-97.14,2.4,-0.09
218,0.273,Ailsa Craig,43.14,-81.54,-3.242,11.234
219,0.291,Ajax,43.85,-79.02,-2.16,12.872
220,0.188,Alexandria,45.31,-74.63,0.046,15.525
221,0.251,Alliston,44.15,-79.87,-2.004,12.208
222,0.131,Almonte,45.23,-76.19,-0.329,14.49
223,0.159,Armstrong,50.3,-89.04,3.06,5.082
224,0.129,Arnprior,45.43,-76.36,-0.167,14.322
225,0.166,Atikokan,48.76,-91.63,1.382,3.538
226,0.161,Attawapiskat,52.92,-82.43,6.243,8.776
227,0.26,Aurora,44.01,-79.45,-2.074,12.534
228,0.096,Bancroft,45.06,-77.85,-0.788,13.4
229,0.235,Barrie,44.39,-79.69,-1.742,12.282
230,0.202,Barriefield,44.24,-76.46,-1.334,14.562
231,0.221,Beaverton,44.43,-79.16,-1.618,12.642
232,0.274,Belleville,44.16,-77.38,-1.579,13.944
233,0.256,Belmont,42.93,-81.09,-3.382,11.599
234,0.339,Bowmanville,43.91,-78.69,-2.047,13.09
235,0.127,Bracebridge,45.06,-79.29,-1.025,12.41
236,0.253,Bradford,44.12,-79.56,-1.984,12.432
237,0.267,Brampton,43.68,-79.76,-2.445,12.388
238,0.281,Brantford,43.14,-80.26,-3.051,12.15
239,0.332,Brighton,44.04,-77.74,-1.759,13.723
240,0.117,Brockville,44.59,-75.68,-0.85,15.008
241,0.124,Burk's Falls,45.62,-79.41,-0.498,12.203
242,0.273,Burlington,43.33,-79.8,-2.793,12.437
243,0.278,Cambridge,43.36,-80.31,-2.844,12.067
244,0.232,Campbellford,44.31,-77.8,-1.507,13.616
245,0.225,Cannington,44.35,-79.04,-1.677,12.744
246,0.131,Carleton Place,45.14,-76.15,-0.408,14.541
247,0.287,Cavan,44.2,-78.47,-1.728,13.176
248,0.29,Centralia,43.28,-81.47,-3.095,11.257
249,0.243,CFB Borden,44.27,-79.91,-1.893,12.154
250,0.158,Chapleau,47.84,-83.4,1.135,9.083
251,0.195,Chatham,42.4,-82.18,-4.059,10.915
252,0.255,Chesley,44.29,-81.08,-2.049,11.331
253,0.296,Clinton,43.62,-81.53,-2.77,11.147
254,0.144,Coboconk,44.66,-78.8,-1.336,12.84
255,0.334,Cobourg,43.96,-78.17,-1.911,13.442
256,0.156,Cochrane,49.06,-81.03,2.629,10.398
257,0.319,Colborne,44.01,-77.89,-1.814,13.626
258,0.247,Collingwood,44.5,-80.22,-1.716,11.888
259,0.142,Cornwall,45.02,-74.73,-0.252,15.538
260,0.196,Corunna,42.88,-82.45,-3.625,10.63
261,0.115,Deep River,46.1,-77.49,0.282,13.39
262,0.252,Deseronto,44.2,-77.05,-1.481,14.164
263,0.26,Dorchester,42.99,-81.05,-3.318,11.616
264,0.279,Dorion,48.78,-88.56,1.582,5.552
265,0.201,Dresden,42.59,-82.18,-3.872,10.879
266,0.174,Dryden,49.78,-92.84,2.352,2.687
267,0.269,Dundalk,44.17,-80.39,-2.064,11.839
268,0.281,Dunnville,42.9,-79.62,-3.184,12.659
269,0.264,Durham,44.18,-80.82,-2.119,11.536
270,0.24,Dutton,42.66,-81.5,-3.707,11.358
271,0.146,Earlton,47.71,-79.82,1.478,11.468
272,0.117,Edison,49.8,-93.55,2.349,2.228
273,0.178,Elliot Lake ,46.39,-82.65,-0.201,9.843
274,0.116,Elmvale,44.58,-74.87,-0.702,15.565
275,0.277,Embro,43.15,-80.9,-3.139,11.69
276,0.148,Englehart,47.82,-79.87,1.578,11.411
277,0.15,Espanola,46.27,-81.77,-0.204,10.462
278,0.295,Exeter,43.35,-81.48,-3.028,11.236
279,0.177,Fenelon Falls,44.53,-78.74,-1.452,12.911
280,0.303,Fergus,43.71,-80.38,-2.512,11.944
281,0.258,Forest,43.1,-82.0,-3.347,10.912
282,0.217,Fort Erie,42.9,-78.97,-3.077,13.124
283,0.228,Fort Erie (Ridgeway),42.88,-79.05,-3.11,13.071
284,0.192,Fort Frances,48.61,-93.4,1.165,2.38
285,0.141,Gananoque,44.33,-76.17,-1.193,14.739
286,0.159,Geraldton,49.7,-86.95,2.62,6.488
287,0.239,Glencoe,42.75,-81.71,-3.649,11.189
288,0.282,Goderich,43.74,-81.71,-2.678,10.995
289,0.325,Gore Bay,45.92,-82.46,-0.639,10.059
290,0.211,Graham,49.25,-90.57,1.924,4.195
291,0.143,Gravenhurst (Muskoka Airport),44.91,-79.37,-1.184,12.389
292,0.283,Grimsby,43.2,-79.58,-2.885,12.622
293,0.291,Guelph,43.54,-80.25,-2.659,12.072
294,0.225,Guthrie,44.47,-79.53,-1.638,12.376
295,0.15,Haileybury,47.45,-79.63,1.253,11.65
296,0.284,Haldimand (Caledonia),43.06,-79.96,-3.082,12.381
297,0.283,Haldimand (Hagersville),42.96,-80.05,-3.194,12.339
298,0.101,Haliburton,45.05,-78.52,-0.91,12.942
299,0.268,Halton Hills (Georgetown),43.64,-79.93,-2.511,12.277
300,0.276,Hamilton,43.26,-79.87,-2.873,12.402
301,0.28,Hanover,44.15,-81.03,-2.179,11.394
302,0.233,Hastings,44.31,-77.96,-1.535,13.505
303,0.154,Hawkesbury,45.61,-74.6,0.34,15.461
304,0.113,Hearst,49.69,-83.67,2.927,8.589
305,0.277,Honey Harbour,44.87,-79.82,-1.293,12.086
306,0.153,Hornepayne,49.22,-84.78,2.346,7.953
307,0.108,Huntsville,45.33,-79.22,-0.751,12.398
308,0.264,Ingersoll,43.04,-80.88,-3.243,11.727
309,0.162,Iroquois Falls,48.76,-80.69,2.381,10.678
310,0.18,Jellicoe,49.69,-87.53,2.563,6.116
311,0.164,Kapuskasing,49.42,-82.43,2.804,9.43
312,0.16,Kemptville,45.02,-75.65,-0.43,14.913
313,0.162,Kenora,49.77,-94.49,2.296,1.622
314,0.112,Killaloe,45.56,-77.42,-0.229,13.571
315,0.291,Kincardine,44.18,-81.63,-2.235,10.966
316,0.2,Kingston,44.23,-76.48,-1.348,14.551
317,0.117,Kinmount,44.78,-78.65,-1.194,12.915
318,0.156,Kirkland Lake,48.15,-80.02,1.879,11.242
319,0.301,Kitchener,43.45,-80.49,-2.783,11.92
320,0.168,Kitchenuhmaykoosib,53.82,-89.88,6.514,4.223
321,0.215,Lakefield,44.42,-78.27,-1.481,13.263
322,0.137,Lansdowne House,52.2,-87.93,5.025,5.566
323,0.187,Leamington,42.06,-82.6,-4.451,10.673
324,0.231,Lindsay,44.36,-78.74,-1.618,12.95
325,0.417,Lion's Head,44.99,-81.25,-1.388,11.071
326,0.311,Listowel,43.73,-80.95,-2.578,11.536
327,0.256,London,42.99,-81.24,-3.346,11.479
328,0.278,Lucan,43.19,-81.41,-3.174,11.317
329,0.117,Maitland,44.63,-75.62,-0.8,15.038
330,0.241,Markdale,44.32,-80.65,-1.957,11.626
331,0.267,Markham,43.86,-79.34,-2.203,12.644
332,0.205,Martin,49.25,-91.13,1.895,3.83
333,0.184,Matheson,48.53,-80.46,2.188,10.875
334,0.112,Mattawa,46.32,-78.71,0.294,12.518
335,0.261,Midland,44.75,-79.89,-1.421,12.064
336,0.265,Milton,43.51,-79.88,-2.63,12.341
337,0.308,Milverton,43.56,-80.92,-2.74,11.592
338,0.11,Minden,44.93,-78.72,-1.06,12.832
339,0.276,Mississauga,43.59,-79.64,-2.514,12.493
340,0.286,Mississauga Port Credit,43.55,-79.58,-2.544,12.544
341,0.296,Mitchell,43.47,-81.19,-2.868,11.418
342,0.191,Moosonee,51.27,-80.65,4.842,10.181
343,0.122,Morrisburg,44.9,-75.18,-0.455,15.266
344,0.294,Mount Forest,43.98,-80.74,-2.303,11.633
345,0.128,Nakina,50.18,-86.71,3.116,6.578
346,0.283,Nanticoke (Jarvis),42.89,-80.11,-3.272,12.311
347,0.302,Nanticoke (Port Dover),42.79,-80.2,-3.384,12.267
348,0.199,Napanee,44.25,-76.95,-1.415,14.22
349,0.152,New Liskeard,47.51,-79.68,1.304,11.604
350,0.34,Newcastle,43.92,-78.59,-2.021,13.157
351,0.26,Newmarket,44.04,-79.46,-2.046,12.52
352,0.257,Niagara Falls,43.11,-79.06,-2.888,13.012
353,0.123,North Bay,46.31,-79.46,0.167,12.015
354,0.217,Norwood,44.38,-77.98,-1.47,13.474
355,0.289,Oakville,43.47,-79.69,-2.639,12.484
356,0.279,Orangeville,43.92,-80.09,-2.263,12.104
357,0.196,Orillia,44.61,-79.42,-1.484,12.421
358,0.312,Oshawa,43.9,-78.87,-2.087,12.966
359,0.156,Ottawa (Barrhaven),45.28,-75.76,-0.2,14.768
360,0.16,Ottawa (city hall),45.42,-75.69,-0.052,14.778
361,0.156,Ottawa (Kanata),45.32,-75.91,-0.19,14.656
362,0.162,Ottawa (M-C Int'l Airport),45.32,-75.67,-0.145,14.819
363,0.166,Ottawa (Orleans),45.48,-75.51,0.039,14.884
364,0.237,Owen Sound,44.56,-80.94,-1.764,11.374
365,0.151,Pagwa River,50.02,-85.22,3.092,7.548
366,0.28,Paris,43.19,-80.38,-3.021,12.054
367,0.275,Parkhill,43.16,-81.68,-3.243,11.13
368,0.202,Parry Sound,45.34,-80.03,-0.867,11.84
369,0.284,Pelham (Fonthill),43.04,-79.28,-2.992,12.871
370,0.126,Pembroke,45.83,-77.11,0.086,13.713
371,0.304,Penetanguishene,44.77,-79.93,-1.408,12.032
372,0.118,Perth,44.9,-76.25,-0.658,14.535
373,0.124,Petawawa,45.9,-77.28,0.124,13.581
374,0.257,Peterborough,44.31,-78.32,-1.596,13.254
375,0.221,Petrolia,42.88,-82.15,-3.583,10.846
376,0.283,Pickering (Dunbarton),43.84,-79.08,-2.18,12.832
377,0.397,Picton,44.0,-77.13,-1.689,14.158
378,0.293,Plattsville,43.31,-80.62,-2.94,11.857
379,0.114,Point Alexander,46.13,-77.57,0.297,13.329
380,0.255,Port Burwell,42.65,-80.8,-3.613,11.865
381,0.253,Port Colborne,42.89,-79.25,-3.133,12.926
382,0.319,Port Elgin,44.45,-81.38,-1.935,11.088
383,0.329,Port Hope,43.95,-78.29,-1.941,13.36
384,0.276,Port Perry,44.11,-78.95,-1.896,12.861
385,0.24,Port Stanley,42.67,-81.22,-3.656,11.558
386,0.124,Prescott,44.72,-75.52,-0.694,15.082
387,0.282,Princeton,43.17,-80.53,-3.063,11.951
388,0.157,Raith,48.83,-89.93,1.542,4.649
389,0.167,Rayside-Balfour (Chelmsford),46.57,-81.2,0.167,10.789
390,0.129,Red Lake,51.06,-93.74,3.603,2.052
391,0.126,Renfrew,45.47,-76.68,-0.186,14.095
392,0.268,Richmond Hill,43.85,-79.38,-2.219,12.619
393,0.151,Rockland,45.55,-75.29,0.149,15.013
394,0.201,Sarnia,42.97,-82.41,-3.531,10.642
395,0.229,Sault Ste. Marie,46.51,-84.33,-0.282,8.682
396,0.2,Schreiber,48.8,-87.27,1.7,6.394
397,0.307,Seaforth,43.55,-81.39,-2.819,11.26
398,0.272,Shelburne,44.08,-80.2,-2.123,11.992
399,0.288,Simcoe,42.84,-80.31,-3.352,12.178
400,0.149,Sioux Lookout,50.1,-91.92,2.707,3.26
401,0.128,Smiths Falls,44.9,-76.02,-0.615,14.692
402,0.276,Smithville,43.09,-79.55,-2.987,12.667
403,0.167,Smooth Rock Falls,49.28,-81.63,2.766,9.969
404,0.116,South River,45.84,-79.38,-0.279,12.174
405,0.331,Southampton,44.49,-81.37,-1.895,11.087
406,0.285,St. Catharines,43.16,-79.25,-2.87,12.865
407,0.279,St. Mary's,43.26,-81.14,-3.067,11.496
408,0.245,St. Thomas,42.78,-81.19,-3.544,11.557
409,0.208,Stirling,44.3,-77.55,-1.473,13.792
410,0.292,Stratford,43.37,-80.98,-2.935,11.588
411,0.253,Strathroy,42.96,-81.62,-3.43,11.212
412,0.132,Sturgeon Falls,46.37,-79.93,0.154,11.686
413,0.251,Sudbury,46.49,-80.99,0.118,10.946
414,0.116,Sundridge,45.77,-79.39,-0.349,12.183
415,0.291,Tavistock,43.32,-80.84,-2.963,11.698
416,0.125,Temagami,47.06,-79.79,0.848,11.629
417,0.264,Thamesford,43.06,-81.0,-3.242,11.637
418,0.276,Thedford,43.17,-81.85,-3.257,11.006
419,0.183,Thunder Bay,48.38,-89.25,1.136,5.14
420,0.261,Tillsonburg,42.86,-80.73,-3.397,11.872
421,0.153,Timmins,48.48,-81.33,2.021,10.32
422,0.16,Timmins (Porcupine),48.49,-81.17,2.052,10.422
423,0.277,Etobicoke,43.64,-79.57,-2.454,12.531
424,0.27,North York,43.77,-79.41,-2.302,12.615
425,0.277,Scarborough,43.77,-79.26,-2.277,12.721
426,0.29,Toronto (city hall),43.65,-79.38,-2.414,12.663
427,0.27,Toronto (LBP Int'l Airport),43.68,-79.61,-2.422,12.494
428,0.298,Trenton,44.1,-77.57,-1.671,13.827
429,0.118,Trout Creek,45.99,-79.36,-0.13,12.154
430,0.255,Uxbridge,44.11,-79.12,-1.923,12.742
431,0.267,Vaughan (Woodbridge),43.86,-79.51,-2.23,12.525
432,0.293,Vittoria,42.76,-80.32,-3.432,12.188
433,0.284,Walkerton,44.13,-81.15,-2.216,11.314
434,0.187,Wallaceburg,42.59,-82.38,-3.9,10.734
435,0.305,Waterloo,43.46,-80.52,-2.778,11.897
436,0.245,Watford,42.95,-81.88,-3.477,11.027
437,0.243,Wawa,48.0,-84.77,1.142,8.151
438,0.269,Welland,42.98,-79.25,-3.046,12.906
439,0.238,West Lorne,42.6,-81.61,-3.782,11.29
440,0.302,Whitby,43.9,-78.94,-2.098,12.916
441,0.298,Whitby (Brooklin),43.96,-78.96,-2.043,12.889
442,0.148,White River,48.59,-85.28,1.673,7.725
443,0.313,Wiarton,44.74,-81.14,-1.617,11.198
444,0.161,Windsor,42.32,-83.04,-4.254,10.304
445,0.301,Wingham,43.89,-81.31,-2.474,11.249
446,0.277,Woodstock,43.13,-80.76,-3.137,11.795
447,0.224,Wyoming,42.95,-82.12,-3.511,10.854
448,0.176,Acton-Vale,45.65,-72.56,0.796,16.813
449,0.201,Alma,48.55,-71.65,3.745,16.501
450,0.168,Amos,48.57,-78.12,2.575,12.377
451,0.141,Asbestos,45.78,-71.94,1.054,17.185
452,0.153,Aylmer,45.4,-75.84,-0.1,14.682
453,0.265,Baie-Comeau,49.22,-68.15,5.151,18.448
454,0.259,Baie-Saint-Paul,47.44,-70.51,2.941,17.583
455,0.245,Beauport,46.87,-71.18,2.254,17.337
456,0.137,Bedford,45.12,-72.99,0.2,16.685
457,0.234,Beloeil,45.57,-73.2,0.585,16.41
458,0.132,Brome,45.19,-72.57,0.356,16.947
459,0.255,Brossard,45.46,-73.47,0.424,16.262
460,0.148,Buckingham,45.59,-75.42,0.162,14.915
461,0.138,Campbell's Bay,45.73,-76.6,0.08,14.082
462,0.233,Chambly,45.45,-73.29,0.452,16.386
463,0.091,Coaticook,45.13,-71.8,0.467,17.481
464,0.269,Contrecoeur,45.86,-73.24,0.854,16.297
465,0.138,Cowansville,45.21,-72.74,0.339,16.826
466,0.233,Deux-Montagnes,45.54,-73.89,0.415,15.957
467,0.275,Dolbeau,48.88,-72.23,3.939,16.033
468,0.215,Drummondville,45.88,-72.48,1.032,16.796
469,0.143,Farnham,45.28,-72.98,0.355,16.644
470,0.127,Fort-Coulonge,45.84,-76.73,0.163,13.967
471,0.176,Gagnon,51.93,-68.17,7.677,17.46
472,0.244,Gaspé,48.82,-64.48,5.69,20.838
473,0.16,Gatineau,45.43,-75.71,-0.046,14.762
474,0.097,Gracefield,46.1,-76.05,0.537,14.356
475,0.143,Granby,45.4,-72.72,0.524,16.782
476,0.466,Harrington-Harbour,50.5,-59.48,8.589,23.066
477,0.343,Havre-St-Pierre,50.25,-63.59,7.232,20.788
478,0.146,Hemmingford,45.05,-73.59,0.007,16.302
479,0.16,Hull,45.43,-75.71,-0.046,14.762
480,0.178,Iberville,45.3,-73.23,0.321,16.47
481,0.406,Inukjuak,58.45,-78.1,12.166,9.984
482,0.217,Joliette,46.02,-73.44,0.965,16.117
483,0.412,Kuujjuaq,58.1,-68.4,13.385,15.071
484,0.415,Kuujjuarapik,55.28,-77.76,9.139,10.959
485,0.258,La Pocatière,47.37,-70.03,2.983,17.913
486,0.176,Lachute,45.66,-74.34,0.439,15.621
487,0.145,Lac-Mégantic,45.57,-70.88,1.09,17.954
488,0.245,La-Malbaie,47.65,-70.15,3.22,17.743
489,0.119,La-Tuque,47.44,-72.78,2.456,16.125
490,0.115,Lennoxville,45.37,-71.86,0.682,17.366
491,0.193,Léry,45.34,-73.81,0.24,16.069
492,0.239,Loretteville,46.85,-71.36,2.195,17.227
493,0.236,Louiseville,46.26,-72.94,1.298,16.376
494,0.104,Magog,45.26,-72.15,0.514,17.207
495,0.168,Malartic,48.14,-78.13,2.156,12.473
496,0.096,Maniwaki,46.37,-75.98,0.81,14.331
497,0.155,Masson,45.54,-75.41,0.116,14.935
498,0.211,Matane,48.84,-67.53,4.943,18.966
499,0.274,Mont-Joli,48.59,-68.19,4.553,18.649
500,0.101,Mont-Laurier,46.55,-75.5,1.072,14.602
501,0.246,Montmagny,46.98,-70.56,2.495,17.702
502,0.206,Beaconsfield,45.42,-73.87,0.304,16.005
503,0.105,Dorval,46.44,-73.73,1.308,15.802
504,0.239,Laval,45.55,-73.75,0.453,16.048
505,0.251,Montréal (city hall),45.51,-73.55,0.455,16.194
506,0.254,Montréal-Est,45.63,-73.52,0.576,16.179
507,0.247,Montréal-Nord,45.59,-73.64,0.513,16.11
508,0.248,Outremont,45.51,-73.61,0.443,16.153
509,0.223,Pierrefonds,45.5,-73.85,0.385,15.995
510,0.254,St-Lambert,45.5,-73.51,0.454,16.223
511,0.24,St-Laurent,45.51,-73.68,0.429,16.107
512,0.206,Ste-Anne-de-Bellevue,45.4,-73.95,0.268,15.957
513,0.248,Verdun,45.46,-73.57,0.403,16.195
514,0.246,Nicolet (Gentilly),46.4,-72.28,1.57,16.768
515,0.259,Nitchequon,53.19,-70.91,8.289,15.443
516,0.14,Noranda,48.24,-79.02,2.114,11.872
517,0.435,Percé,48.52,-64.21,5.487,21.122
518,0.2,Pincourt,45.36,-73.98,0.224,15.949
519,0.201,Plessisville,46.22,-71.77,1.508,17.159
520,0.331,Port-Cartier,50.02,-66.88,6.196,18.924
521,0.416,Puvinrituq,60.04,-77.27,13.812,9.998
522,0.231,Ancienne-Lorette,46.8,-71.36,2.148,17.243
523,0.238,Lévis,46.76,-71.24,2.136,17.334
524,0.248,Québec,46.81,-71.21,2.19,17.337
525,0.238,Sillery,46.77,-71.25,2.144,17.324
526,0.234,Ste-Foy,46.78,-71.28,2.147,17.301
527,0.148,Richmond,45.67,-72.15,0.903,17.08
528,0.241,Rimouski,48.45,-68.53,4.342,18.487
529,0.242,Rivière-du-Loup,47.84,-69.54,3.537,18.065
530,0.198,Roberval,48.52,-72.22,3.599,16.151
531,0.089,Rock-Island,45.01,-72.1,0.287,17.318
532,0.238,Rosemère,45.64,-73.79,0.531,15.995
533,0.14,Rouyn,48.24,-79.02,2.114,11.872
534,0.212,Saguenay,48.43,-71.06,3.757,16.91
535,0.22,Saguenay (Bagotville),48.34,-70.88,3.71,17.053
536,0.197,Saguenay (Jonquière),48.41,-71.25,3.697,16.797
537,0.197,Saguenay (Kénogami),48.43,-71.23,3.72,16.803
538,0.233,Saint-Eustache,45.56,-73.89,0.434,15.951
539,0.189,Saint-Jean-sur-Richelieu,45.31,-73.25,0.326,16.454
540,0.194,Salaberry-de-Valleyfield,45.26,-74.13,0.098,15.876
541,0.323,Schefferville,54.8,-66.82,10.642,17.149
542,0.157,Senneterre,48.39,-77.24,2.543,12.987
543,0.422,Sept-Îles,50.21,-66.21,6.534,19.253
544,0.189,Shawinigan,46.54,-72.75,1.604,16.417
545,0.142,Shawville,45.6,-76.49,-0.026,14.19
546,0.125,Sherbrooke,45.4,-71.89,0.704,17.337
547,0.253,Sorel,46.04,-73.11,1.052,16.33
548,0.125,Ste-Agathe-des-Monts,46.05,-74.28,0.825,15.55
549,0.201,St-Félicien,48.65,-72.45,3.675,15.966
550,0.243,St-Georges-de-Cacouna,47.92,-69.5,3.621,18.063
551,0.259,St-Hubert,45.51,-73.43,0.48,16.274
552,0.214,St-Hubert-de-Rivière-du-Loup,47.82,-69.15,3.608,18.319
553,0.201,St-Hyacinthe,45.63,-72.95,0.695,16.559
554,0.183,St-Jérôme,45.78,-74.0,0.622,15.814
555,0.103,St-Jovite,46.12,-74.6,0.83,15.317
556,0.212,St-Lazare-Hudson,45.4,-74.14,0.23,15.829
557,0.223,St-Nicolas,46.7,-71.4,2.044,17.249
558,0.132,Sutton,45.11,-72.62,0.269,16.937
559,0.246,Tadoussac,48.14,-69.72,3.778,17.85
560,0.113,Témiscaming,46.72,-79.1,0.622,12.165
561,0.247,Terrebonne,45.69,-73.63,0.611,16.087
562,0.172,Thetford Mines,46.09,-71.3,1.488,17.509
563,0.143,Thurso,45.6,-75.24,0.206,15.033
564,0.25,Trois-Rivières,46.34,-72.54,1.458,16.616
565,0.193,Val-d'Or,48.1,-77.79,2.171,12.703
566,0.26,Varennes,45.68,-73.44,0.641,16.217
567,0.265,Verchères,45.78,-73.36,0.753,16.241
568,0.187,Victoriaville,46.06,-71.96,1.315,17.084
569,0.144,Ville-Marie,47.33,-79.44,1.164,11.802
570,0.13,Wakefield,45.64,-75.93,0.115,14.558
571,0.133,Waterloo,45.34,-72.52,0.51,16.934
572,0.125,Windsor,45.57,-72.01,0.839,17.204
573,0.25,Alma,45.6,-64.95,2.606,21.818
574,0.22,Bathurst,47.62,-65.65,4.281,20.589
575,0.193,Campbellton,48.01,-66.68,4.38,19.799
576,0.207,Edmundston,47.36,-68.33,3.37,18.999
577,0.195,Fredericton,45.96,-66.64,2.488,20.591
578,0.219,Gagetown,45.78,-66.15,2.449,20.975
579,0.208,Grand Falls,47.04,-67.74,3.215,19.489
580,0.223,Miramichi,47.0,-65.57,3.73,20.878
581,0.25,Moncton,46.09,-64.76,3.109,21.748
582,0.2,Oromocto,45.84,-66.51,2.41,20.719
583,0.254,Sackville,45.89,-64.37,3.032,22.076
584,0.242,Saint Andrews ,45.07,-67.05,1.555,20.654
585,0.238,Saint George ,45.13,-66.82,1.671,20.782
586,0.366,Saint John,45.27,-66.06,2.001,21.226
587,0.523,Shippagan,47.74,-64.71,4.638,21.127
588,0.174,St. Stephen,45.19,-67.28,1.607,20.459
589,0.157,Woodstock,46.16,-67.57,2.437,19.916
590,0.233,Amherst,45.83,-64.21,3.022,22.202
591,0.174,Antigonish,45.62,-61.99,3.469,23.704
592,0.174,Bridgewater,45.62,-61.99,3.469,23.704
593,0.396,Canso,45.34,-61.0,3.513,24.452
594,0.338,Dartmouth,44.66,-63.57,2.133,23.087
595,0.263,Debert,45.44,-63.46,2.877,22.841
596,0.392,Digby,44.62,-65.76,1.481,21.671
597,0.295,Greenwood (CFB),44.98,-64.9,2.049,22.094
598,0.329,Halifax,44.65,-63.58,2.121,23.085
599,0.242,Kentville,45.08,-64.49,2.255,22.321
600,0.252,Liverpool,44.04,-64.72,1.235,22.582
601,0.22,Lockeport,43.7,-65.11,0.812,22.456
602,0.387,Louisburg,45.92,-59.97,4.351,24.845
603,0.373,Lunenburg,44.38,-64.31,1.664,22.717
604,0.324,New Glasgow,45.59,-62.64,3.25,23.303
605,0.282,North Sydney,46.21,-60.26,4.522,24.535
606,0.349,Pictou,45.68,-62.71,3.312,23.221
607,0.193,Port Hawkesbury,45.62,-61.35,3.66,24.109
608,0.208,Springhill,45.65,-64.06,2.899,22.371
609,0.242,Stewiacke,45.14,-63.35,2.634,23.034
610,0.263,Sydney,46.14,-60.2,4.477,24.603
611,0.27,Tatamagouche,45.71,-63.29,3.172,22.839
612,0.221,Truro,45.37,-63.28,2.864,22.985
613,0.199,Wolfville,45.09,-64.36,2.301,22.401
614,0.391,Yarmouth,43.84,-66.12,0.662,21.729
615,0.405,Charlottetown,46.24,-63.13,3.701,22.722
616,0.458,Souris,46.36,-62.26,4.06,23.22
617,0.432,Summerside,46.39,-63.79,3.652,22.244
618,0.511,Tignish,46.95,-64.03,4.097,21.866
619,0.497,Argentia,47.31,-53.99,7.53,27.809
620,0.625,Bonavista,48.66,-53.11,8.991,27.621
621,0.261,Buchans,48.82,-56.85,7.899,25.38
622,0.743,Cape Harrison,54.78,-57.95,12.809,21.876
623,0.502,Cape Race,46.66,-53.08,7.289,28.682
624,0.489,Channel-Port aux Basques,47.57,-59.14,6.08,24.609
625,0.215,Corner Brook,48.95,-57.95,7.67,24.675
626,0.337,Gander,48.95,-54.61,8.736,26.611
627,0.525,Grand Bank,47.1,-55.77,6.745,26.858
628,0.284,Grand Falls,48.95,-55.65,8.396,26.012
629,0.234,Happy Valley-Goose Bay,53.3,-60.34,10.849,21.304
630,0.663,Labrador City,51.37,-55.58,10.522,24.839
631,0.663,St. Anthony,51.38,-55.59,10.528,24.829
632,0.509,St. John's,47.56,-52.71,8.189,28.429
633,0.39,Stephenville,48.55,-58.56,7.129,24.503
634,0.217,Twin Falls,53.5,-64.53,9.967,18.919
635,0.481,Wabana,47.64,-52.95,8.173,28.248
636,0.19,Wabush,52.41,-66.87,8.416,18.031
637,0.247,Aishihik,61.6,-137.51,19.128,-19.087
638,0.117,Dawson,64.06,-139.44,21.686,-18.522
639,0.434,Destruction Bay,61.25,-138.8,19.144,-19.838
640,0.165,Faro,62.23,-133.36,18.732,-16.958
641,0.336,Haines Junction,60.75,-137.51,18.394,-19.541
642,0.183,Snag,62.4,-140.37,20.512,-19.858
643,0.108,Teslin,60.17,-132.72,16.758,-17.655
644,0.116,Watson Lake,60.06,-128.7,15.805,-15.817
645,0.206,Whitehorse,60.72,-135.05,17.778,-18.455
646,0.112,Aklavik,68.22,-135.01,24.319,-14.521
647,0.286,Echo Bay / Port Radium,66.05,-117.88,19.742,-8.842
648,0.226,Fort Good Hope,66.26,-128.63,21.45,-13.111
649,0.189,Fort McPherson ,67.43,-134.88,23.609,-14.903
650,0.273,Fort Providence,61.36,-117.66,15.205,-10.093
651,0.212,Fort Resolution,61.17,-113.67,14.553,-8.216
652,0.14,Fort Simpson,61.86,-121.36,16.199,-11.688
653,0.191,Fort Smith,60.01,-111.88,13.236,-7.577
654,0.211,Hay River,60.81,-115.79,14.441,-9.336
655,0.14,Inuvik,68.36,-133.73,24.209,-13.993
656,0.347,Mould Bay,76.23,-119.33,29.593,-5.97
657,0.248,Norman Wells,65.28,-126.83,20.256,-12.811
658,0.225,Rae-Edzo,62.83,-116.05,16.428,-8.939
659,0.3,Tungsten,61.95,-128.27,17.452,-14.825
660,0.416,Ulukhaqtuuq / Holman,70.74,-117.77,24.229,-7.37
661,0.241,Wrigley,63.23,-123.46,17.812,-12.169
662,0.239,Yellowknife,62.45,-114.38,15.875,-8.258
663,0.497,Alert,82.51,-62.31,36.214,5.276
664,0.403,Arctic Bay,73.03,-85.17,25.821,3.811
665,0.454,Arviat,61.11,-94.06,13.638,1.461
666,0.446,Baker Lake,64.32,-96.02,16.823,0.444
667,0.375,Eureka,79.99,-85.94,32.652,2.27
668,0.472,Igluligaarjuk / Chesterfield Inlet,63.34,-90.71,15.959,2.931
669,0.542,Iqaluit,63.75,-68.52,18.62,12.859
670,0.387,Iqaluktuuttiaq / Cambridge Bay,69.12,-105.05,21.78,-3.081
671,0.374,Isachsen,78.78,-103.53,31.342,-1.485
672,0.428,Kangiqiniq / Rankin Inlet,62.81,-92.09,15.383,2.325
673,0.389,Kanngiqtugaapik / Clyde River,70.47,-68.59,24.83,10.093
674,0.362,Kugluktuk,67.83,-115.1,21.174,-7.223
675,0.439,Nottingham Island,63.12,-77.93,16.711,8.872
676,0.429,Resolute,74.7,-94.83,27.209,0.644
677,0.637,Resolution Island,61.31,-64.87,17.032,15.488
678,0.423,Salliq / Coral Harbour,64.14,-83.17,17.198,6.266
